"filename","store_id","business_date","resend_no","file_path"
"SALES_S01_20240101.csv","S01","2024-01-01","0","C:\Users\ub02-glab-047\Downloads\data_2\data\sales\SALES_S01_20240101.csv"
"SALES_S01_20240102.csv","S01","2024-01-02","0","C:\Users\ub02-glab-047\Downloads\data_2\data\sales\SALES_S01_20240102.csv"
"SALES_S01_20240103.csv","S01","2024-01-03","0","C:\Users\ub02-glab-047\Downloads\data_2\data\sales\SALES_S01_20240103.csv"
"SALES_S01_20240104.csv","S01","2024-01-04","0","C:\Users\ub02-glab-047\Downloads\data_2\data\sales\SALES_S01_20240104.csv"
"SALES_S01_20240105.csv","S01","2024-01-05","0","C:\Users\ub02-glab-047\Downloads\data_2\data\sales\SALES_S01_20240105.csv"
"SALES_S01_20240106.csv","S01","2024-01-06","0","C:\Users\ub02-glab-047\Downloads\data_2\data\sales\SALES_S01_20240106.csv"
"SALES_S01_20240107.csv","S01","2024-01-07","0","C:\Users\ub02-glab-047\Downloads\data_2\data\sales\SALES_S01_20240107.csv"
"SALES_S01_20240108.csv","S01","2024-01-08","0","C:\Users\ub02-glab-047\Downloads\data_2\data\sales\SALES_S01_20240108.csv"
"SALES_S01_20240109.csv","S01","2024-01-09","0","C:\Users\ub02-glab-047\Downloads\data_2\data\sales\SALES_S01_20240109.csv"
"SALES_S01_20240110.csv","S01","2024-01-10","0","C:\Users\ub02-glab-047\Downloads\data_2\data\sales\SALES_S01_20240110.csv"
"SALES_S01_20240111.csv","S01","2024-01-11","0","C:\Users\ub02-glab-047\Downloads\data_2\data\sales\SALES_S01_20240111.csv"
"SALES_S01_20240112.csv","S01","2024-01-12","0","C:\Users\ub02-glab-047\Downloads\data_2\data\sales\SALES_S01_20240112.csv"
"SALES_S01_20240113.csv","S01","2024-01-13","0","C:\Users\ub02-glab-047\Downloads\data_2\data\sales\SALES_S01_20240113.csv"
"SALES_S01_20240114.csv","S01","2024-01-14","0","C:\Users\ub02-glab-047\Downloads\data_2\data\sales\SALES_S01_20240114.csv"
"SALES_S01_20240115.csv","S01","2024-01-15","0","C:\Users\ub02-glab-047\Downloads\data_2\data\sales\SALES_S01_20240115.csv"
"SALES_S01_20240116.csv","S01","2024-01-16","0","C:\Users\ub02-glab-047\Downloads\data_2\data\sales\SALES_S01_20240116.csv"
"SALES_S01_20240117.csv","S01","2024-01-17","0","C:\Users\ub02-glab-047\Downloads\data_2\data\sales\SALES_S01_20240117.csv"
"SALES_S01_20240118.csv","S01","2024-01-18","0","C:\Users\ub02-glab-047\Downloads\data_2\data\sales\SALES_S01_20240118.csv"
"SALES_S01_20240119.csv","S01","2024-01-19","0","C:\Users\ub02-glab-047\Downloads\data_2\data\sales\SALES_S01_20240119.csv"
"SALES_S01_20240120.csv","S01","2024-01-20","0","C:\Users\ub02-glab-047\Downloads\data_2\data\sales\SALES_S01_20240120.csv"
"SALES_S01_20240121.csv","S01","2024-01-21","0","C:\Users\ub02-glab-047\Downloads\data_2\data\sales\SALES_S01_20240121.csv"
"SALES_S01_20240122.csv","S01","2024-01-22","0","C:\Users\ub02-glab-047\Downloads\data_2\data\sales\SALES_S01_20240122.csv"
"SALES_S01_20240123.csv","S01","2024-01-23","0","C:\Users\ub02-glab-047\Downloads\data_2\data\sales\SALES_S01_20240123.csv"
"SALES_S01_20240124.csv","S01","2024-01-24","0","C:\Users\ub02-glab-047\Downloads\data_2\data\sales\SALES_S01_20240124.csv"
"SALES_S01_20240125.csv","S01","2024-01-25","0","C:\Users\ub02-glab-047\Downloads\data_2\data\sales\SALES_S01_20240125.csv"
"SALES_S01_20240126.csv","S01","2024-01-26","0","C:\Users\ub02-glab-047\Downloads\data_2\data\sales\SALES_S01_20240126.csv"
"SALES_S01_20240127.csv","S01","2024-01-27","0","C:\Users\ub02-glab-047\Downloads\data_2\data\sales\SALES_S01_20240127.csv"
"SALES_S01_20240128.csv","S01","2024-01-28","0","C:\Users\ub02-glab-047\Downloads\data_2\data\sales\SALES_S01_20240128.csv"
"SALES_S01_20240129.csv","S01","2024-01-29","0","C:\Users\ub02-glab-047\Downloads\data_2\data\sales\SALES_S01_20240129.csv"
"SALES_S01_20240130.csv","S01","2024-01-30","0","C:\Users\ub02-glab-047\Downloads\data_2\data\sales\SALES_S01_20240130.csv"
"SALES_S01_20240131.csv","S01","2024-01-31","0","C:\Users\ub02-glab-047\Downloads\data_2\data\sales\SALES_S01_20240131.csv"
"SALES_S01_20240201.csv","S01","2024-02-01","0","C:\Users\ub02-glab-047\Downloads\data_2\data\sales\SALES_S01_20240201.csv"
"SALES_S01_20240202.csv","S01","2024-02-02","0","C:\Users\ub02-glab-047\Downloads\data_2\data\sales\SALES_S01_20240202.csv"
"SALES_S01_20240203.csv","S01","2024-02-03","0","C:\Users\ub02-glab-047\Downloads\data_2\data\sales\SALES_S01_20240203.csv"
"SALES_S01_20240204.csv","S01","2024-02-04","0","C:\Users\ub02-glab-047\Downloads\data_2\data\sales\SALES_S01_20240204.csv"
"SALES_S01_20240205.csv","S01","2024-02-05","0","C:\Users\ub02-glab-047\Downloads\data_2\data\sales\SALES_S01_20240205.csv"
"SALES_S01_20240206.csv","S01","2024-02-06","0","C:\Users\ub02-glab-047\Downloads\data_2\data\sales\SALES_S01_20240206.csv"
"SALES_S01_20240207.csv","S01","2024-02-07","0","C:\Users\ub02-glab-047\Downloads\data_2\data\sales\SALES_S01_20240207.csv"
"SALES_S01_20240208.csv","S01","2024-02-08","0","C:\Users\ub02-glab-047\Downloads\data_2\data\sales\SALES_S01_20240208.csv"
"SALES_S01_20240209.csv","S01","2024-02-09","0","C:\Users\ub02-glab-047\Downloads\data_2\data\sales\SALES_S01_20240209.csv"
"SALES_S01_20240210.csv","S01","2024-02-10","0","C:\Users\ub02-glab-047\Downloads\data_2\data\sales\SALES_S01_20240210.csv"
"SALES_S01_20240211.csv","S01","2024-02-11","0","C:\Users\ub02-glab-047\Downloads\data_2\data\sales\SALES_S01_20240211.csv"
"SALES_S01_20240212.csv","S01","2024-02-12","0","C:\Users\ub02-glab-047\Downloads\data_2\data\sales\SALES_S01_20240212.csv"
"SALES_S01_20240213.csv","S01","2024-02-13","0","C:\Users\ub02-glab-047\Downloads\data_2\data\sales\SALES_S01_20240213.csv"
"SALES_S01_20240214.csv","S01","2024-02-14","0","C:\Users\ub02-glab-047\Downloads\data_2\data\sales\SALES_S01_20240214.csv"
"SALES_S01_20240215.csv","S01","2024-02-15","0","C:\Users\ub02-glab-047\Downloads\data_2\data\sales\SALES_S01_20240215.csv"
"SALES_S01_20240216.csv","S01","2024-02-16","0","C:\Users\ub02-glab-047\Downloads\data_2\data\sales\SALES_S01_20240216.csv"
"SALES_S01_20240217.csv","S01","2024-02-17","0","C:\Users\ub02-glab-047\Downloads\data_2\data\sales\SALES_S01_20240217.csv"
"SALES_S01_20240218.csv","S01","2024-02-18","0","C:\Users\ub02-glab-047\Downloads\data_2\data\sales\SALES_S01_20240218.csv"
"SALES_S01_20240219.csv","S01","2024-02-19","0","C:\Users\ub02-glab-047\Downloads\data_2\data\sales\SALES_S01_20240219.csv"
"SALES_S01_20240220.csv","S01","2024-02-20","0","C:\Users\ub02-glab-047\Downloads\data_2\data\sales\SALES_S01_20240220.csv"
"SALES_S01_20240221.csv","S01","2024-02-21","0","C:\Users\ub02-glab-047\Downloads\data_2\data\sales\SALES_S01_20240221.csv"
"SALES_S01_20240222.csv","S01","2024-02-22","0","C:\Users\ub02-glab-047\Downloads\data_2\data\sales\SALES_S01_20240222.csv"
"SALES_S01_20240223.csv","S01","2024-02-23","0","C:\Users\ub02-glab-047\Downloads\data_2\data\sales\SALES_S01_20240223.csv"
"SALES_S01_20240224.csv","S01","2024-02-24","0","C:\Users\ub02-glab-047\Downloads\data_2\data\sales\SALES_S01_20240224.csv"
"SALES_S01_20240225.csv","S01","2024-02-25","0","C:\Users\ub02-glab-047\Downloads\data_2\data\sales\SALES_S01_20240225.csv"
"SALES_S01_20240226.csv","S01","2024-02-26","0","C:\Users\ub02-glab-047\Downloads\data_2\data\sales\SALES_S01_20240226.csv"
"SALES_S01_20240227.csv","S01","2024-02-27","0","C:\Users\ub02-glab-047\Downloads\data_2\data\sales\SALES_S01_20240227.csv"
"SALES_S01_20240228.csv","S01","2024-02-28","0","C:\Users\ub02-glab-047\Downloads\data_2\data\sales\SALES_S01_20240228.csv"
"SALES_S01_20240229.csv","S01","2024-02-29","0","C:\Users\ub02-glab-047\Downloads\data_2\data\sales\SALES_S01_20240229.csv"
"SALES_S01_20240301.csv","S01","2024-03-01","0","C:\Users\ub02-glab-047\Downloads\data_2\data\sales\SALES_S01_20240301.csv"
"SALES_S01_20240302.csv","S01","2024-03-02","0","C:\Users\ub02-glab-047\Downloads\data_2\data\sales\SALES_S01_20240302.csv"
"SALES_S01_20240303.csv","S01","2024-03-03","0","C:\Users\ub02-glab-047\Downloads\data_2\data\sales\SALES_S01_20240303.csv"
"SALES_S01_20240304.csv","S01","2024-03-04","0","C:\Users\ub02-glab-047\Downloads\data_2\data\sales\SALES_S01_20240304.csv"
"SALES_S01_20240305.csv","S01","2024-03-05","0","C:\Users\ub02-glab-047\Downloads\data_2\data\sales\SALES_S01_20240305.csv"
"SALES_S01_20240306.csv","S01","2024-03-06","0","C:\Users\ub02-glab-047\Downloads\data_2\data\sales\SALES_S01_20240306.csv"
"SALES_S01_20240307.csv","S01","2024-03-07","0","C:\Users\ub02-glab-047\Downloads\data_2\data\sales\SALES_S01_20240307.csv"
"SALES_S01_20240308.csv","S01","2024-03-08","0","C:\Users\ub02-glab-047\Downloads\data_2\data\sales\SALES_S01_20240308.csv"
"SALES_S01_20240309.csv","S01","2024-03-09","0","C:\Users\ub02-glab-047\Downloads\data_2\data\sales\SALES_S01_20240309.csv"
"SALES_S01_20240310.csv","S01","2024-03-10","0","C:\Users\ub02-glab-047\Downloads\data_2\data\sales\SALES_S01_20240310.csv"
"SALES_S01_20240311.csv","S01","2024-03-11","0","C:\Users\ub02-glab-047\Downloads\data_2\data\sales\SALES_S01_20240311.csv"
"SALES_S01_20240312.csv","S01","2024-03-12","0","C:\Users\ub02-glab-047\Downloads\data_2\data\sales\SALES_S01_20240312.csv"
"SALES_S01_20240313.csv","S01","2024-03-13","0","C:\Users\ub02-glab-047\Downloads\data_2\data\sales\SALES_S01_20240313.csv"
"SALES_S01_20240314.csv","S01","2024-03-14","0","C:\Users\ub02-glab-047\Downloads\data_2\data\sales\SALES_S01_20240314.csv"
"SALES_S01_20240315.csv","S01","2024-03-15","0","C:\Users\ub02-glab-047\Downloads\data_2\data\sales\SALES_S01_20240315.csv"
"SALES_S01_20240316.csv","S01","2024-03-16","0","C:\Users\ub02-glab-047\Downloads\data_2\data\sales\SALES_S01_20240316.csv"
"SALES_S01_20240317.csv","S01","2024-03-17","0","C:\Users\ub02-glab-047\Downloads\data_2\data\sales\SALES_S01_20240317.csv"
"SALES_S01_20240318.csv","S01","2024-03-18","0","C:\Users\ub02-glab-047\Downloads\data_2\data\sales\SALES_S01_20240318.csv"
"SALES_S01_20240319.csv","S01","2024-03-19","0","C:\Users\ub02-glab-047\Downloads\data_2\data\sales\SALES_S01_20240319.csv"
"SALES_S01_20240320.csv","S01","2024-03-20","0","C:\Users\ub02-glab-047\Downloads\data_2\data\sales\SALES_S01_20240320.csv"
"SALES_S01_20240321.csv","S01","2024-03-21","0","C:\Users\ub02-glab-047\Downloads\data_2\data\sales\SALES_S01_20240321.csv"
"SALES_S01_20240322.csv","S01","2024-03-22","0","C:\Users\ub02-glab-047\Downloads\data_2\data\sales\SALES_S01_20240322.csv"
"SALES_S01_20240323.csv","S01","2024-03-23","0","C:\Users\ub02-glab-047\Downloads\data_2\data\sales\SALES_S01_20240323.csv"
"SALES_S01_20240324.csv","S01","2024-03-24","0","C:\Users\ub02-glab-047\Downloads\data_2\data\sales\SALES_S01_20240324.csv"
"SALES_S01_20240325.csv","S01","2024-03-25","0","C:\Users\ub02-glab-047\Downloads\data_2\data\sales\SALES_S01_20240325.csv"
"SALES_S01_20240326.csv","S01","2024-03-26","0","C:\Users\ub02-glab-047\Downloads\data_2\data\sales\SALES_S01_20240326.csv"
"SALES_S01_20240327.csv","S01","2024-03-27","0","C:\Users\ub02-glab-047\Downloads\data_2\data\sales\SALES_S01_20240327.csv"
"SALES_S01_20240328.csv","S01","2024-03-28","0","C:\Users\ub02-glab-047\Downloads\data_2\data\sales\SALES_S01_20240328.csv"
"SALES_S01_20240329.csv","S01","2024-03-29","0","C:\Users\ub02-glab-047\Downloads\data_2\data\sales\SALES_S01_20240329.csv"
"SALES_S01_20240330.csv","S01","2024-03-30","0","C:\Users\ub02-glab-047\Downloads\data_2\data\sales\SALES_S01_20240330.csv"
"SALES_S01_20240331.csv","S01","2024-03-31","0","C:\Users\ub02-glab-047\Downloads\data_2\data\sales\SALES_S01_20240331.csv"
"SALES_S01_20240401.csv","S01","2024-04-01","0","C:\Users\ub02-glab-047\Downloads\data_2\data\sales\SALES_S01_20240401.csv"
"SALES_S01_20240402.csv","S01","2024-04-02","0","C:\Users\ub02-glab-047\Downloads\data_2\data\sales\SALES_S01_20240402.csv"
"SALES_S01_20240403.csv","S01","2024-04-03","0","C:\Users\ub02-glab-047\Downloads\data_2\data\sales\SALES_S01_20240403.csv"
"SALES_S01_20240404.csv","S01","2024-04-04","0","C:\Users\ub02-glab-047\Downloads\data_2\data\sales\SALES_S01_20240404.csv"
"SALES_S01_20240405.csv","S01","2024-04-05","0","C:\Users\ub02-glab-047\Downloads\data_2\data\sales\SALES_S01_20240405.csv"
"SALES_S01_20240406.csv","S01","2024-04-06","0","C:\Users\ub02-glab-047\Downloads\data_2\data\sales\SALES_S01_20240406.csv"
"SALES_S01_20240407.csv","S01","2024-04-07","0","C:\Users\ub02-glab-047\Downloads\data_2\data\sales\SALES_S01_20240407.csv"
"SALES_S01_20240408.csv","S01","2024-04-08","0","C:\Users\ub02-glab-047\Downloads\data_2\data\sales\SALES_S01_20240408.csv"
"SALES_S01_20240409.csv","S01","2024-04-09","0","C:\Users\ub02-glab-047\Downloads\data_2\data\sales\SALES_S01_20240409.csv"
"SALES_S01_20240410.csv","S01","2024-04-10","0","C:\Users\ub02-glab-047\Downloads\data_2\data\sales\SALES_S01_20240410.csv"
"SALES_S01_20240411.csv","S01","2024-04-11","0","C:\Users\ub02-glab-047\Downloads\data_2\data\sales\SALES_S01_20240411.csv"
"SALES_S01_20240412.csv","S01","2024-04-12","0","C:\Users\ub02-glab-047\Downloads\data_2\data\sales\SALES_S01_20240412.csv"
"SALES_S01_20240413.csv","S01","2024-04-13","0","C:\Users\ub02-glab-047\Downloads\data_2\data\sales\SALES_S01_20240413.csv"
"SALES_S01_20240414.csv","S01","2024-04-14","0","C:\Users\ub02-glab-047\Downloads\data_2\data\sales\SALES_S01_20240414.csv"
"SALES_S01_20240415.csv","S01","2024-04-15","0","C:\Users\ub02-glab-047\Downloads\data_2\data\sales\SALES_S01_20240415.csv"
"SALES_S01_20240416.csv","S01","2024-04-16","0","C:\Users\ub02-glab-047\Downloads\data_2\data\sales\SALES_S01_20240416.csv"
"SALES_S01_20240417.csv","S01","2024-04-17","0","C:\Users\ub02-glab-047\Downloads\data_2\data\sales\SALES_S01_20240417.csv"
"SALES_S01_20240418.csv","S01","2024-04-18","0","C:\Users\ub02-glab-047\Downloads\data_2\data\sales\SALES_S01_20240418.csv"
"SALES_S01_20240419.csv","S01","2024-04-19","0","C:\Users\ub02-glab-047\Downloads\data_2\data\sales\SALES_S01_20240419.csv"
"SALES_S01_20240420.csv","S01","2024-04-20","0","C:\Users\ub02-glab-047\Downloads\data_2\data\sales\SALES_S01_20240420.csv"
"SALES_S01_20240421.csv","S01","2024-04-21","0","C:\Users\ub02-glab-047\Downloads\data_2\data\sales\SALES_S01_20240421.csv"
"SALES_S01_20240422.csv","S01","2024-04-22","0","C:\Users\ub02-glab-047\Downloads\data_2\data\sales\SALES_S01_20240422.csv"
"SALES_S01_20240423.csv","S01","2024-04-23","0","C:\Users\ub02-glab-047\Downloads\data_2\data\sales\SALES_S01_20240423.csv"
"SALES_S01_20240424.csv","S01","2024-04-24","0","C:\Users\ub02-glab-047\Downloads\data_2\data\sales\SALES_S01_20240424.csv"
"SALES_S01_20240425.csv","S01","2024-04-25","0","C:\Users\ub02-glab-047\Downloads\data_2\data\sales\SALES_S01_20240425.csv"
"SALES_S01_20240426.csv","S01","2024-04-26","0","C:\Users\ub02-glab-047\Downloads\data_2\data\sales\SALES_S01_20240426.csv"
"SALES_S01_20240427.csv","S01","2024-04-27","0","C:\Users\ub02-glab-047\Downloads\data_2\data\sales\SALES_S01_20240427.csv"
"SALES_S01_20240428.csv","S01","2024-04-28","0","C:\Users\ub02-glab-047\Downloads\data_2\data\sales\SALES_S01_20240428.csv"
"SALES_S01_20240429.csv","S01","2024-04-29","0","C:\Users\ub02-glab-047\Downloads\data_2\data\sales\SALES_S01_20240429.csv"
"SALES_S01_20240430.csv","S01","2024-04-30","0","C:\Users\ub02-glab-047\Downloads\data_2\data\sales\SALES_S01_20240430.csv"
"SALES_S01_20240501.csv","S01","2024-05-01","0","C:\Users\ub02-glab-047\Downloads\data_2\data\sales\SALES_S01_20240501.csv"
"SALES_S01_20240502.csv","S01","2024-05-02","0","C:\Users\ub02-glab-047\Downloads\data_2\data\sales\SALES_S01_20240502.csv"
"SALES_S01_20240503.csv","S01","2024-05-03","0","C:\Users\ub02-glab-047\Downloads\data_2\data\sales\SALES_S01_20240503.csv"
"SALES_S01_20240504.csv","S01","2024-05-04","0","C:\Users\ub02-glab-047\Downloads\data_2\data\sales\SALES_S01_20240504.csv"
"SALES_S01_20240505.csv","S01","2024-05-05","0","C:\Users\ub02-glab-047\Downloads\data_2\data\sales\SALES_S01_20240505.csv"
"SALES_S01_20240506.csv","S01","2024-05-06","0","C:\Users\ub02-glab-047\Downloads\data_2\data\sales\SALES_S01_20240506.csv"
"SALES_S01_20240507.csv","S01","2024-05-07","0","C:\Users\ub02-glab-047\Downloads\data_2\data\sales\SALES_S01_20240507.csv"
"SALES_S01_20240508.csv","S01","2024-05-08","0","C:\Users\ub02-glab-047\Downloads\data_2\data\sales\SALES_S01_20240508.csv"
"SALES_S01_20240509.csv","S01","2024-05-09","0","C:\Users\ub02-glab-047\Downloads\data_2\data\sales\SALES_S01_20240509.csv"
"SALES_S01_20240510.csv","S01","2024-05-10","0","C:\Users\ub02-glab-047\Downloads\data_2\data\sales\SALES_S01_20240510.csv"
"SALES_S01_20240511.csv","S01","2024-05-11","0","C:\Users\ub02-glab-047\Downloads\data_2\data\sales\SALES_S01_20240511.csv"
"SALES_S01_20240512.csv","S01","2024-05-12","0","C:\Users\ub02-glab-047\Downloads\data_2\data\sales\SALES_S01_20240512.csv"
"SALES_S01_20240513.csv","S01","2024-05-13","0","C:\Users\ub02-glab-047\Downloads\data_2\data\sales\SALES_S01_20240513.csv"
"SALES_S01_20240514.csv","S01","2024-05-14","0","C:\Users\ub02-glab-047\Downloads\data_2\data\sales\SALES_S01_20240514.csv"
"SALES_S01_20240515.csv","S01","2024-05-15","0","C:\Users\ub02-glab-047\Downloads\data_2\data\sales\SALES_S01_20240515.csv"
"SALES_S01_20240516.csv","S01","2024-05-16","0","C:\Users\ub02-glab-047\Downloads\data_2\data\sales\SALES_S01_20240516.csv"
"SALES_S01_20240517.csv","S01","2024-05-17","0","C:\Users\ub02-glab-047\Downloads\data_2\data\sales\SALES_S01_20240517.csv"
"SALES_S01_20240518.csv","S01","2024-05-18","0","C:\Users\ub02-glab-047\Downloads\data_2\data\sales\SALES_S01_20240518.csv"
"SALES_S01_20240519.csv","S01","2024-05-19","0","C:\Users\ub02-glab-047\Downloads\data_2\data\sales\SALES_S01_20240519.csv"
"SALES_S01_20240520.csv","S01","2024-05-20","0","C:\Users\ub02-glab-047\Downloads\data_2\data\sales\SALES_S01_20240520.csv"
"SALES_S01_20240521.csv","S01","2024-05-21","0","C:\Users\ub02-glab-047\Downloads\data_2\data\sales\SALES_S01_20240521.csv"
"SALES_S01_20240522.csv","S01","2024-05-22","0","C:\Users\ub02-glab-047\Downloads\data_2\data\sales\SALES_S01_20240522.csv"
"SALES_S01_20240523.csv","S01","2024-05-23","0","C:\Users\ub02-glab-047\Downloads\data_2\data\sales\SALES_S01_20240523.csv"
"SALES_S01_20240524.csv","S01","2024-05-24","0","C:\Users\ub02-glab-047\Downloads\data_2\data\sales\SALES_S01_20240524.csv"
"SALES_S01_20240525.csv","S01","2024-05-25","0","C:\Users\ub02-glab-047\Downloads\data_2\data\sales\SALES_S01_20240525.csv"
"SALES_S01_20240526.csv","S01","2024-05-26","0","C:\Users\ub02-glab-047\Downloads\data_2\data\sales\SALES_S01_20240526.csv"
"SALES_S01_20240527.csv","S01","2024-05-27","0","C:\Users\ub02-glab-047\Downloads\data_2\data\sales\SALES_S01_20240527.csv"
"SALES_S01_20240528.csv","S01","2024-05-28","0","C:\Users\ub02-glab-047\Downloads\data_2\data\sales\SALES_S01_20240528.csv"
"SALES_S01_20240529.csv","S01","2024-05-29","0","C:\Users\ub02-glab-047\Downloads\data_2\data\sales\SALES_S01_20240529.csv"
"SALES_S01_20240530.csv","S01","2024-05-30","0","C:\Users\ub02-glab-047\Downloads\data_2\data\sales\SALES_S01_20240530.csv"
"SALES_S01_20240531.csv","S01","2024-05-31","0","C:\Users\ub02-glab-047\Downloads\data_2\data\sales\SALES_S01_20240531.csv"
"SALES_S01_20240601.csv","S01","2024-06-01","0","C:\Users\ub02-glab-047\Downloads\data_2\data\sales\SALES_S01_20240601.csv"
"SALES_S01_20240602.csv","S01","2024-06-02","0","C:\Users\ub02-glab-047\Downloads\data_2\data\sales\SALES_S01_20240602.csv"
"SALES_S01_20240603.csv","S01","2024-06-03","0","C:\Users\ub02-glab-047\Downloads\data_2\data\sales\SALES_S01_20240603.csv"
"SALES_S01_20240604.csv","S01","2024-06-04","0","C:\Users\ub02-glab-047\Downloads\data_2\data\sales\SALES_S01_20240604.csv"
"SALES_S01_20240605.csv","S01","2024-06-05","0","C:\Users\ub02-glab-047\Downloads\data_2\data\sales\SALES_S01_20240605.csv"
"SALES_S01_20240606.csv","S01","2024-06-06","0","C:\Users\ub02-glab-047\Downloads\data_2\data\sales\SALES_S01_20240606.csv"
"SALES_S01_20240607.csv","S01","2024-06-07","0","C:\Users\ub02-glab-047\Downloads\data_2\data\sales\SALES_S01_20240607.csv"
"SALES_S01_20240608.csv","S01","2024-06-08","0","C:\Users\ub02-glab-047\Downloads\data_2\data\sales\SALES_S01_20240608.csv"
"SALES_S01_20240609.csv","S01","2024-06-09","0","C:\Users\ub02-glab-047\Downloads\data_2\data\sales\SALES_S01_20240609.csv"
"SALES_S01_20240610.csv","S01","2024-06-10","0","C:\Users\ub02-glab-047\Downloads\data_2\data\sales\SALES_S01_20240610.csv"
"SALES_S01_20240611.csv","S01","2024-06-11","0","C:\Users\ub02-glab-047\Downloads\data_2\data\sales\SALES_S01_20240611.csv"
"SALES_S01_20240612.csv","S01","2024-06-12","0","C:\Users\ub02-glab-047\Downloads\data_2\data\sales\SALES_S01_20240612.csv"
"SALES_S01_20240613.csv","S01","2024-06-13","0","C:\Users\ub02-glab-047\Downloads\data_2\data\sales\SALES_S01_20240613.csv"
"SALES_S01_20240614.csv","S01","2024-06-14","0","C:\Users\ub02-glab-047\Downloads\data_2\data\sales\SALES_S01_20240614.csv"
"SALES_S01_20240615.csv","S01","2024-06-15","0","C:\Users\ub02-glab-047\Downloads\data_2\data\sales\SALES_S01_20240615.csv"
"SALES_S01_20240616.csv","S01","2024-06-16","0","C:\Users\ub02-glab-047\Downloads\data_2\data\sales\SALES_S01_20240616.csv"
"SALES_S01_20240617.csv","S01","2024-06-17","0","C:\Users\ub02-glab-047\Downloads\data_2\data\sales\SALES_S01_20240617.csv"
"SALES_S01_20240618.csv","S01","2024-06-18","0","C:\Users\ub02-glab-047\Downloads\data_2\data\sales\SALES_S01_20240618.csv"
"SALES_S01_20240619.csv","S01","2024-06-19","0","C:\Users\ub02-glab-047\Downloads\data_2\data\sales\SALES_S01_20240619.csv"
"SALES_S01_20240620.csv","S01","2024-06-20","0","C:\Users\ub02-glab-047\Downloads\data_2\data\sales\SALES_S01_20240620.csv"
"SALES_S01_20240621.csv","S01","2024-06-21","0","C:\Users\ub02-glab-047\Downloads\data_2\data\sales\SALES_S01_20240621.csv"
"SALES_S01_20240622.csv","S01","2024-06-22","0","C:\Users\ub02-glab-047\Downloads\data_2\data\sales\SALES_S01_20240622.csv"
"SALES_S01_20240623.csv","S01","2024-06-23","0","C:\Users\ub02-glab-047\Downloads\data_2\data\sales\SALES_S01_20240623.csv"
"SALES_S01_20240624.csv","S01","2024-06-24","0","C:\Users\ub02-glab-047\Downloads\data_2\data\sales\SALES_S01_20240624.csv"
"SALES_S01_20240625.csv","S01","2024-06-25","0","C:\Users\ub02-glab-047\Downloads\data_2\data\sales\SALES_S01_20240625.csv"
"SALES_S01_20240626.csv","S01","2024-06-26","0","C:\Users\ub02-glab-047\Downloads\data_2\data\sales\SALES_S01_20240626.csv"
"SALES_S01_20240627.csv","S01","2024-06-27","0","C:\Users\ub02-glab-047\Downloads\data_2\data\sales\SALES_S01_20240627.csv"
"SALES_S01_20240628.csv","S01","2024-06-28","0","C:\Users\ub02-glab-047\Downloads\data_2\data\sales\SALES_S01_20240628.csv"
"SALES_S01_20240629.csv","S01","2024-06-29","0","C:\Users\ub02-glab-047\Downloads\data_2\data\sales\SALES_S01_20240629.csv"
"SALES_S01_20240630.csv","S01","2024-06-30","0","C:\Users\ub02-glab-047\Downloads\data_2\data\sales\SALES_S01_20240630.csv"
"SALES_S01_20240701.csv","S01","2024-07-01","0","C:\Users\ub02-glab-047\Downloads\data_2\data\sales\SALES_S01_20240701.csv"
"SALES_S01_20240702.csv","S01","2024-07-02","0","C:\Users\ub02-glab-047\Downloads\data_2\data\sales\SALES_S01_20240702.csv"
"SALES_S01_20240702__R1.csv","S01","2024-07-02","1","C:\Users\ub02-glab-047\Downloads\data_2\data\sales\SALES_S01_20240702__R1.csv"
"SALES_S01_20240703.csv","S01","2024-07-03","0","C:\Users\ub02-glab-047\Downloads\data_2\data\sales\SALES_S01_20240703.csv"
"SALES_S01_20240704.csv","S01","2024-07-04","0","C:\Users\ub02-glab-047\Downloads\data_2\data\sales\SALES_S01_20240704.csv"
"SALES_S01_20240705.csv","S01","2024-07-05","0","C:\Users\ub02-glab-047\Downloads\data_2\data\sales\SALES_S01_20240705.csv"
"SALES_S01_20240706.csv","S01","2024-07-06","0","C:\Users\ub02-glab-047\Downloads\data_2\data\sales\SALES_S01_20240706.csv"
"SALES_S01_20240707.csv","S01","2024-07-07","0","C:\Users\ub02-glab-047\Downloads\data_2\data\sales\SALES_S01_20240707.csv"
"SALES_S01_20240708.csv","S01","2024-07-08","0","C:\Users\ub02-glab-047\Downloads\data_2\data\sales\SALES_S01_20240708.csv"
"SALES_S01_20240709.csv","S01","2024-07-09","0","C:\Users\ub02-glab-047\Downloads\data_2\data\sales\SALES_S01_20240709.csv"
"SALES_S01_20240710.csv","S01","2024-07-10","0","C:\Users\ub02-glab-047\Downloads\data_2\data\sales\SALES_S01_20240710.csv"
"SALES_S01_20240711.csv","S01","2024-07-11","0","C:\Users\ub02-glab-047\Downloads\data_2\data\sales\SALES_S01_20240711.csv"
"SALES_S01_20240712.csv","S01","2024-07-12","0","C:\Users\ub02-glab-047\Downloads\data_2\data\sales\SALES_S01_20240712.csv"
"SALES_S01_20240713.csv","S01","2024-07-13","0","C:\Users\ub02-glab-047\Downloads\data_2\data\sales\SALES_S01_20240713.csv"
"SALES_S01_20240714.csv","S01","2024-07-14","0","C:\Users\ub02-glab-047\Downloads\data_2\data\sales\SALES_S01_20240714.csv"
"SALES_S01_20240715.csv","S01","2024-07-15","0","C:\Users\ub02-glab-047\Downloads\data_2\data\sales\SALES_S01_20240715.csv"
"SALES_S01_20240716.csv","S01","2024-07-16","0","C:\Users\ub02-glab-047\Downloads\data_2\data\sales\SALES_S01_20240716.csv"
"SALES_S01_20240717.csv","S01","2024-07-17","0","C:\Users\ub02-glab-047\Downloads\data_2\data\sales\SALES_S01_20240717.csv"
"SALES_S01_20240718.csv","S01","2024-07-18","0","C:\Users\ub02-glab-047\Downloads\data_2\data\sales\SALES_S01_20240718.csv"
"SALES_S01_20240719.csv","S01","2024-07-19","0","C:\Users\ub02-glab-047\Downloads\data_2\data\sales\SALES_S01_20240719.csv"
"SALES_S01_20240720.csv","S01","2024-07-20","0","C:\Users\ub02-glab-047\Downloads\data_2\data\sales\SALES_S01_20240720.csv"
"SALES_S01_20240721.csv","S01","2024-07-21","0","C:\Users\ub02-glab-047\Downloads\data_2\data\sales\SALES_S01_20240721.csv"
"SALES_S01_20240722.csv","S01","2024-07-22","0","C:\Users\ub02-glab-047\Downloads\data_2\data\sales\SALES_S01_20240722.csv"
"SALES_S01_20240723.csv","S01","2024-07-23","0","C:\Users\ub02-glab-047\Downloads\data_2\data\sales\SALES_S01_20240723.csv"
"SALES_S01_20240724.csv","S01","2024-07-24","0","C:\Users\ub02-glab-047\Downloads\data_2\data\sales\SALES_S01_20240724.csv"
"SALES_S01_20240725.csv","S01","2024-07-25","0","C:\Users\ub02-glab-047\Downloads\data_2\data\sales\SALES_S01_20240725.csv"
"SALES_S01_20240726.csv","S01","2024-07-26","0","C:\Users\ub02-glab-047\Downloads\data_2\data\sales\SALES_S01_20240726.csv"
"SALES_S01_20240727.csv","S01","2024-07-27","0","C:\Users\ub02-glab-047\Downloads\data_2\data\sales\SALES_S01_20240727.csv"
"SALES_S01_20240728.csv","S01","2024-07-28","0","C:\Users\ub02-glab-047\Downloads\data_2\data\sales\SALES_S01_20240728.csv"
"SALES_S01_20240729.csv","S01","2024-07-29","0","C:\Users\ub02-glab-047\Downloads\data_2\data\sales\SALES_S01_20240729.csv"
"SALES_S01_20240730.csv","S01","2024-07-30","0","C:\Users\ub02-glab-047\Downloads\data_2\data\sales\SALES_S01_20240730.csv"
"SALES_S01_20240731.csv","S01","2024-07-31","0","C:\Users\ub02-glab-047\Downloads\data_2\data\sales\SALES_S01_20240731.csv"
"SALES_S01_20240801.csv","S01","2024-08-01","0","C:\Users\ub02-glab-047\Downloads\data_2\data\sales\SALES_S01_20240801.csv"
"SALES_S01_20240802.csv","S01","2024-08-02","0","C:\Users\ub02-glab-047\Downloads\data_2\data\sales\SALES_S01_20240802.csv"
"SALES_S01_20240803.csv","S01","2024-08-03","0","C:\Users\ub02-glab-047\Downloads\data_2\data\sales\SALES_S01_20240803.csv"
"SALES_S01_20240804.csv","S01","2024-08-04","0","C:\Users\ub02-glab-047\Downloads\data_2\data\sales\SALES_S01_20240804.csv"
"SALES_S01_20240805.csv","S01","2024-08-05","0","C:\Users\ub02-glab-047\Downloads\data_2\data\sales\SALES_S01_20240805.csv"
"SALES_S01_20240806.csv","S01","2024-08-06","0","C:\Users\ub02-glab-047\Downloads\data_2\data\sales\SALES_S01_20240806.csv"
"SALES_S01_20240807.csv","S01","2024-08-07","0","C:\Users\ub02-glab-047\Downloads\data_2\data\sales\SALES_S01_20240807.csv"
"SALES_S01_20240808.csv","S01","2024-08-08","0","C:\Users\ub02-glab-047\Downloads\data_2\data\sales\SALES_S01_20240808.csv"
"SALES_S01_20240809.csv","S01","2024-08-09","0","C:\Users\ub02-glab-047\Downloads\data_2\data\sales\SALES_S01_20240809.csv"
"SALES_S01_20240810.csv","S01","2024-08-10","0","C:\Users\ub02-glab-047\Downloads\data_2\data\sales\SALES_S01_20240810.csv"
"SALES_S01_20240811.csv","S01","2024-08-11","0","C:\Users\ub02-glab-047\Downloads\data_2\data\sales\SALES_S01_20240811.csv"
"SALES_S01_20240812.csv","S01","2024-08-12","0","C:\Users\ub02-glab-047\Downloads\data_2\data\sales\SALES_S01_20240812.csv"
"SALES_S01_20240813.csv","S01","2024-08-13","0","C:\Users\ub02-glab-047\Downloads\data_2\data\sales\SALES_S01_20240813.csv"
"SALES_S01_20240814.csv","S01","2024-08-14","0","C:\Users\ub02-glab-047\Downloads\data_2\data\sales\SALES_S01_20240814.csv"
"SALES_S01_20240815.csv","S01","2024-08-15","0","C:\Users\ub02-glab-047\Downloads\data_2\data\sales\SALES_S01_20240815.csv"
"SALES_S01_20240816.csv","S01","2024-08-16","0","C:\Users\ub02-glab-047\Downloads\data_2\data\sales\SALES_S01_20240816.csv"
"SALES_S01_20240817.csv","S01","2024-08-17","0","C:\Users\ub02-glab-047\Downloads\data_2\data\sales\SALES_S01_20240817.csv"
"SALES_S01_20240818.csv","S01","2024-08-18","0","C:\Users\ub02-glab-047\Downloads\data_2\data\sales\SALES_S01_20240818.csv"
"SALES_S01_20240819.csv","S01","2024-08-19","0","C:\Users\ub02-glab-047\Downloads\data_2\data\sales\SALES_S01_20240819.csv"
"SALES_S01_20240820.csv","S01","2024-08-20","0","C:\Users\ub02-glab-047\Downloads\data_2\data\sales\SALES_S01_20240820.csv"
"SALES_S01_20240821.csv","S01","2024-08-21","0","C:\Users\ub02-glab-047\Downloads\data_2\data\sales\SALES_S01_20240821.csv"
"SALES_S01_20240822.csv","S01","2024-08-22","0","C:\Users\ub02-glab-047\Downloads\data_2\data\sales\SALES_S01_20240822.csv"
"SALES_S01_20240823.csv","S01","2024-08-23","0","C:\Users\ub02-glab-047\Downloads\data_2\data\sales\SALES_S01_20240823.csv"
"SALES_S01_20240824.csv","S01","2024-08-24","0","C:\Users\ub02-glab-047\Downloads\data_2\data\sales\SALES_S01_20240824.csv"
"SALES_S01_20240825.csv","S01","2024-08-25","0","C:\Users\ub02-glab-047\Downloads\data_2\data\sales\SALES_S01_20240825.csv"
"SALES_S01_20240826.csv","S01","2024-08-26","0","C:\Users\ub02-glab-047\Downloads\data_2\data\sales\SALES_S01_20240826.csv"
"SALES_S01_20240827.csv","S01","2024-08-27","0","C:\Users\ub02-glab-047\Downloads\data_2\data\sales\SALES_S01_20240827.csv"
"SALES_S01_20240828.csv","S01","2024-08-28","0","C:\Users\ub02-glab-047\Downloads\data_2\data\sales\SALES_S01_20240828.csv"
"SALES_S01_20240829.csv","S01","2024-08-29","0","C:\Users\ub02-glab-047\Downloads\data_2\data\sales\SALES_S01_20240829.csv"
"SALES_S01_20240830.csv","S01","2024-08-30","0","C:\Users\ub02-glab-047\Downloads\data_2\data\sales\SALES_S01_20240830.csv"
"SALES_S01_20240831.csv","S01","2024-08-31","0","C:\Users\ub02-glab-047\Downloads\data_2\data\sales\SALES_S01_20240831.csv"
"SALES_S01_20240901.csv","S01","2024-09-01","0","C:\Users\ub02-glab-047\Downloads\data_2\data\sales\SALES_S01_20240901.csv"
"SALES_S01_20240902.csv","S01","2024-09-02","0","C:\Users\ub02-glab-047\Downloads\data_2\data\sales\SALES_S01_20240902.csv"
"SALES_S01_20240903.csv","S01","2024-09-03","0","C:\Users\ub02-glab-047\Downloads\data_2\data\sales\SALES_S01_20240903.csv"
"SALES_S01_20240904.csv","S01","2024-09-04","0","C:\Users\ub02-glab-047\Downloads\data_2\data\sales\SALES_S01_20240904.csv"
"SALES_S01_20240905.csv","S01","2024-09-05","0","C:\Users\ub02-glab-047\Downloads\data_2\data\sales\SALES_S01_20240905.csv"
"SALES_S01_20240906.csv","S01","2024-09-06","0","C:\Users\ub02-glab-047\Downloads\data_2\data\sales\SALES_S01_20240906.csv"
"SALES_S01_20240907.csv","S01","2024-09-07","0","C:\Users\ub02-glab-047\Downloads\data_2\data\sales\SALES_S01_20240907.csv"
"SALES_S01_20240908.csv","S01","2024-09-08","0","C:\Users\ub02-glab-047\Downloads\data_2\data\sales\SALES_S01_20240908.csv"
"SALES_S01_20240909.csv","S01","2024-09-09","0","C:\Users\ub02-glab-047\Downloads\data_2\data\sales\SALES_S01_20240909.csv"
"SALES_S01_20240910.csv","S01","2024-09-10","0","C:\Users\ub02-glab-047\Downloads\data_2\data\sales\SALES_S01_20240910.csv"
"SALES_S01_20240911.csv","S01","2024-09-11","0","C:\Users\ub02-glab-047\Downloads\data_2\data\sales\SALES_S01_20240911.csv"
"SALES_S01_20240912.csv","S01","2024-09-12","0","C:\Users\ub02-glab-047\Downloads\data_2\data\sales\SALES_S01_20240912.csv"
"SALES_S01_20240913.csv","S01","2024-09-13","0","C:\Users\ub02-glab-047\Downloads\data_2\data\sales\SALES_S01_20240913.csv"
"SALES_S01_20240914.csv","S01","2024-09-14","0","C:\Users\ub02-glab-047\Downloads\data_2\data\sales\SALES_S01_20240914.csv"
"SALES_S01_20240914__R1.csv","S01","2024-09-14","1","C:\Users\ub02-glab-047\Downloads\data_2\data\sales\SALES_S01_20240914__R1.csv"
"SALES_S01_20240915.csv","S01","2024-09-15","0","C:\Users\ub02-glab-047\Downloads\data_2\data\sales\SALES_S01_20240915.csv"
"SALES_S01_20240916.csv","S01","2024-09-16","0","C:\Users\ub02-glab-047\Downloads\data_2\data\sales\SALES_S01_20240916.csv"
"SALES_S01_20240917.csv","S01","2024-09-17","0","C:\Users\ub02-glab-047\Downloads\data_2\data\sales\SALES_S01_20240917.csv"
"SALES_S01_20240918.csv","S01","2024-09-18","0","C:\Users\ub02-glab-047\Downloads\data_2\data\sales\SALES_S01_20240918.csv"
"SALES_S01_20240919.csv","S01","2024-09-19","0","C:\Users\ub02-glab-047\Downloads\data_2\data\sales\SALES_S01_20240919.csv"
"SALES_S01_20240920.csv","S01","2024-09-20","0","C:\Users\ub02-glab-047\Downloads\data_2\data\sales\SALES_S01_20240920.csv"
"SALES_S01_20240921.csv","S01","2024-09-21","0","C:\Users\ub02-glab-047\Downloads\data_2\data\sales\SALES_S01_20240921.csv"
"SALES_S01_20240922.csv","S01","2024-09-22","0","C:\Users\ub02-glab-047\Downloads\data_2\data\sales\SALES_S01_20240922.csv"
"SALES_S01_20240923.csv","S01","2024-09-23","0","C:\Users\ub02-glab-047\Downloads\data_2\data\sales\SALES_S01_20240923.csv"
"SALES_S01_20240924.csv","S01","2024-09-24","0","C:\Users\ub02-glab-047\Downloads\data_2\data\sales\SALES_S01_20240924.csv"
"SALES_S01_20240925.csv","S01","2024-09-25","0","C:\Users\ub02-glab-047\Downloads\data_2\data\sales\SALES_S01_20240925.csv"
"SALES_S01_20240926.csv","S01","2024-09-26","0","C:\Users\ub02-glab-047\Downloads\data_2\data\sales\SALES_S01_20240926.csv"
"SALES_S01_20240927.csv","S01","2024-09-27","0","C:\Users\ub02-glab-047\Downloads\data_2\data\sales\SALES_S01_20240927.csv"
"SALES_S01_20240928.csv","S01","2024-09-28","0","C:\Users\ub02-glab-047\Downloads\data_2\data\sales\SALES_S01_20240928.csv"
"SALES_S01_20240929.csv","S01","2024-09-29","0","C:\Users\ub02-glab-047\Downloads\data_2\data\sales\SALES_S01_20240929.csv"
"SALES_S01_20240930.csv","S01","2024-09-30","0","C:\Users\ub02-glab-047\Downloads\data_2\data\sales\SALES_S01_20240930.csv"
"SALES_S01_20241001.csv","S01","2024-10-01","0","C:\Users\ub02-glab-047\Downloads\data_2\data\sales\SALES_S01_20241001.csv"
"SALES_S01_20241002.csv","S01","2024-10-02","0","C:\Users\ub02-glab-047\Downloads\data_2\data\sales\SALES_S01_20241002.csv"
"SALES_S01_20241003.csv","S01","2024-10-03","0","C:\Users\ub02-glab-047\Downloads\data_2\data\sales\SALES_S01_20241003.csv"
"SALES_S01_20241004.csv","S01","2024-10-04","0","C:\Users\ub02-glab-047\Downloads\data_2\data\sales\SALES_S01_20241004.csv"
"SALES_S01_20241005.csv","S01","2024-10-05","0","C:\Users\ub02-glab-047\Downloads\data_2\data\sales\SALES_S01_20241005.csv"
"SALES_S01_20241006.csv","S01","2024-10-06","0","C:\Users\ub02-glab-047\Downloads\data_2\data\sales\SALES_S01_20241006.csv"
"SALES_S01_20241007.csv","S01","2024-10-07","0","C:\Users\ub02-glab-047\Downloads\data_2\data\sales\SALES_S01_20241007.csv"
"SALES_S01_20241008.csv","S01","2024-10-08","0","C:\Users\ub02-glab-047\Downloads\data_2\data\sales\SALES_S01_20241008.csv"
"SALES_S01_20241009.csv","S01","2024-10-09","0","C:\Users\ub02-glab-047\Downloads\data_2\data\sales\SALES_S01_20241009.csv"
"SALES_S01_20241010.csv","S01","2024-10-10","0","C:\Users\ub02-glab-047\Downloads\data_2\data\sales\SALES_S01_20241010.csv"
"SALES_S01_20241011.csv","S01","2024-10-11","0","C:\Users\ub02-glab-047\Downloads\data_2\data\sales\SALES_S01_20241011.csv"
"SALES_S01_20241012.csv","S01","2024-10-12","0","C:\Users\ub02-glab-047\Downloads\data_2\data\sales\SALES_S01_20241012.csv"
"SALES_S01_20241013.csv","S01","2024-10-13","0","C:\Users\ub02-glab-047\Downloads\data_2\data\sales\SALES_S01_20241013.csv"
"SALES_S01_20241014.csv","S01","2024-10-14","0","C:\Users\ub02-glab-047\Downloads\data_2\data\sales\SALES_S01_20241014.csv"
"SALES_S01_20241015.csv","S01","2024-10-15","0","C:\Users\ub02-glab-047\Downloads\data_2\data\sales\SALES_S01_20241015.csv"
"SALES_S01_20241016.csv","S01","2024-10-16","0","C:\Users\ub02-glab-047\Downloads\data_2\data\sales\SALES_S01_20241016.csv"
"SALES_S01_20241017.csv","S01","2024-10-17","0","C:\Users\ub02-glab-047\Downloads\data_2\data\sales\SALES_S01_20241017.csv"
"SALES_S01_20241018.csv","S01","2024-10-18","0","C:\Users\ub02-glab-047\Downloads\data_2\data\sales\SALES_S01_20241018.csv"
"SALES_S01_20241019.csv","S01","2024-10-19","0","C:\Users\ub02-glab-047\Downloads\data_2\data\sales\SALES_S01_20241019.csv"
"SALES_S01_20241020.csv","S01","2024-10-20","0","C:\Users\ub02-glab-047\Downloads\data_2\data\sales\SALES_S01_20241020.csv"
"SALES_S01_20241021.csv","S01","2024-10-21","0","C:\Users\ub02-glab-047\Downloads\data_2\data\sales\SALES_S01_20241021.csv"
"SALES_S01_20241022.csv","S01","2024-10-22","0","C:\Users\ub02-glab-047\Downloads\data_2\data\sales\SALES_S01_20241022.csv"
"SALES_S01_20241023.csv","S01","2024-10-23","0","C:\Users\ub02-glab-047\Downloads\data_2\data\sales\SALES_S01_20241023.csv"
"SALES_S01_20241024.csv","S01","2024-10-24","0","C:\Users\ub02-glab-047\Downloads\data_2\data\sales\SALES_S01_20241024.csv"
"SALES_S01_20241025.csv","S01","2024-10-25","0","C:\Users\ub02-glab-047\Downloads\data_2\data\sales\SALES_S01_20241025.csv"
"SALES_S01_20241026.csv","S01","2024-10-26","0","C:\Users\ub02-glab-047\Downloads\data_2\data\sales\SALES_S01_20241026.csv"
"SALES_S01_20241027.csv","S01","2024-10-27","0","C:\Users\ub02-glab-047\Downloads\data_2\data\sales\SALES_S01_20241027.csv"
"SALES_S01_20241028.csv","S01","2024-10-28","0","C:\Users\ub02-glab-047\Downloads\data_2\data\sales\SALES_S01_20241028.csv"
"SALES_S01_20241029.csv","S01","2024-10-29","0","C:\Users\ub02-glab-047\Downloads\data_2\data\sales\SALES_S01_20241029.csv"
"SALES_S01_20241030.csv","S01","2024-10-30","0","C:\Users\ub02-glab-047\Downloads\data_2\data\sales\SALES_S01_20241030.csv"
"SALES_S01_20241031.csv","S01","2024-10-31","0","C:\Users\ub02-glab-047\Downloads\data_2\data\sales\SALES_S01_20241031.csv"
"SALES_S01_20241101.csv","S01","2024-11-01","0","C:\Users\ub02-glab-047\Downloads\data_2\data\sales\SALES_S01_20241101.csv"
"SALES_S01_20241102.csv","S01","2024-11-02","0","C:\Users\ub02-glab-047\Downloads\data_2\data\sales\SALES_S01_20241102.csv"
"SALES_S01_20241103.csv","S01","2024-11-03","0","C:\Users\ub02-glab-047\Downloads\data_2\data\sales\SALES_S01_20241103.csv"
"SALES_S01_20241104.csv","S01","2024-11-04","0","C:\Users\ub02-glab-047\Downloads\data_2\data\sales\SALES_S01_20241104.csv"
"SALES_S01_20241105.csv","S01","2024-11-05","0","C:\Users\ub02-glab-047\Downloads\data_2\data\sales\SALES_S01_20241105.csv"
"SALES_S01_20241106.csv","S01","2024-11-06","0","C:\Users\ub02-glab-047\Downloads\data_2\data\sales\SALES_S01_20241106.csv"
"SALES_S01_20241107.csv","S01","2024-11-07","0","C:\Users\ub02-glab-047\Downloads\data_2\data\sales\SALES_S01_20241107.csv"
"SALES_S01_20241108.csv","S01","2024-11-08","0","C:\Users\ub02-glab-047\Downloads\data_2\data\sales\SALES_S01_20241108.csv"
"SALES_S01_20241109.csv","S01","2024-11-09","0","C:\Users\ub02-glab-047\Downloads\data_2\data\sales\SALES_S01_20241109.csv"
"SALES_S01_20241110.csv","S01","2024-11-10","0","C:\Users\ub02-glab-047\Downloads\data_2\data\sales\SALES_S01_20241110.csv"
"SALES_S01_20241111.csv","S01","2024-11-11","0","C:\Users\ub02-glab-047\Downloads\data_2\data\sales\SALES_S01_20241111.csv"
"SALES_S01_20241112.csv","S01","2024-11-12","0","C:\Users\ub02-glab-047\Downloads\data_2\data\sales\SALES_S01_20241112.csv"
"SALES_S01_20241112__R1.csv","S01","2024-11-12","1","C:\Users\ub02-glab-047\Downloads\data_2\data\sales\SALES_S01_20241112__R1.csv"
"SALES_S01_20241113.csv","S01","2024-11-13","0","C:\Users\ub02-glab-047\Downloads\data_2\data\sales\SALES_S01_20241113.csv"
"SALES_S01_20241114.csv","S01","2024-11-14","0","C:\Users\ub02-glab-047\Downloads\data_2\data\sales\SALES_S01_20241114.csv"
"SALES_S01_20241115.csv","S01","2024-11-15","0","C:\Users\ub02-glab-047\Downloads\data_2\data\sales\SALES_S01_20241115.csv"
"SALES_S01_20241116.csv","S01","2024-11-16","0","C:\Users\ub02-glab-047\Downloads\data_2\data\sales\SALES_S01_20241116.csv"
"SALES_S01_20241117.csv","S01","2024-11-17","0","C:\Users\ub02-glab-047\Downloads\data_2\data\sales\SALES_S01_20241117.csv"
"SALES_S01_20241118.csv","S01","2024-11-18","0","C:\Users\ub02-glab-047\Downloads\data_2\data\sales\SALES_S01_20241118.csv"
"SALES_S01_20241119.csv","S01","2024-11-19","0","C:\Users\ub02-glab-047\Downloads\data_2\data\sales\SALES_S01_20241119.csv"
"SALES_S01_20241120.csv","S01","2024-11-20","0","C:\Users\ub02-glab-047\Downloads\data_2\data\sales\SALES_S01_20241120.csv"
"SALES_S01_20241121.csv","S01","2024-11-21","0","C:\Users\ub02-glab-047\Downloads\data_2\data\sales\SALES_S01_20241121.csv"
"SALES_S01_20241122.csv","S01","2024-11-22","0","C:\Users\ub02-glab-047\Downloads\data_2\data\sales\SALES_S01_20241122.csv"
"SALES_S01_20241123.csv","S01","2024-11-23","0","C:\Users\ub02-glab-047\Downloads\data_2\data\sales\SALES_S01_20241123.csv"
"SALES_S01_20241124.csv","S01","2024-11-24","0","C:\Users\ub02-glab-047\Downloads\data_2\data\sales\SALES_S01_20241124.csv"
"SALES_S01_20241125.csv","S01","2024-11-25","0","C:\Users\ub02-glab-047\Downloads\data_2\data\sales\SALES_S01_20241125.csv"
"SALES_S01_20241126.csv","S01","2024-11-26","0","C:\Users\ub02-glab-047\Downloads\data_2\data\sales\SALES_S01_20241126.csv"
"SALES_S01_20241127.csv","S01","2024-11-27","0","C:\Users\ub02-glab-047\Downloads\data_2\data\sales\SALES_S01_20241127.csv"
"SALES_S01_20241128.csv","S01","2024-11-28","0","C:\Users\ub02-glab-047\Downloads\data_2\data\sales\SALES_S01_20241128.csv"
"SALES_S01_20241129.csv","S01","2024-11-29","0","C:\Users\ub02-glab-047\Downloads\data_2\data\sales\SALES_S01_20241129.csv"
"SALES_S01_20241130.csv","S01","2024-11-30","0","C:\Users\ub02-glab-047\Downloads\data_2\data\sales\SALES_S01_20241130.csv"
"SALES_S01_20241201.csv","S01","2024-12-01","0","C:\Users\ub02-glab-047\Downloads\data_2\data\sales\SALES_S01_20241201.csv"
"SALES_S01_20241202.csv","S01","2024-12-02","0","C:\Users\ub02-glab-047\Downloads\data_2\data\sales\SALES_S01_20241202.csv"
"SALES_S01_20241203.csv","S01","2024-12-03","0","C:\Users\ub02-glab-047\Downloads\data_2\data\sales\SALES_S01_20241203.csv"
"SALES_S01_20241204.csv","S01","2024-12-04","0","C:\Users\ub02-glab-047\Downloads\data_2\data\sales\SALES_S01_20241204.csv"
"SALES_S01_20241205.csv","S01","2024-12-05","0","C:\Users\ub02-glab-047\Downloads\data_2\data\sales\SALES_S01_20241205.csv"
"SALES_S01_20241206.csv","S01","2024-12-06","0","C:\Users\ub02-glab-047\Downloads\data_2\data\sales\SALES_S01_20241206.csv"
"SALES_S01_20241207.csv","S01","2024-12-07","0","C:\Users\ub02-glab-047\Downloads\data_2\data\sales\SALES_S01_20241207.csv"
"SALES_S01_20241208.csv","S01","2024-12-08","0","C:\Users\ub02-glab-047\Downloads\data_2\data\sales\SALES_S01_20241208.csv"
"SALES_S01_20241209.csv","S01","2024-12-09","0","C:\Users\ub02-glab-047\Downloads\data_2\data\sales\SALES_S01_20241209.csv"
"SALES_S01_20241210.csv","S01","2024-12-10","0","C:\Users\ub02-glab-047\Downloads\data_2\data\sales\SALES_S01_20241210.csv"
"SALES_S01_20241211.csv","S01","2024-12-11","0","C:\Users\ub02-glab-047\Downloads\data_2\data\sales\SALES_S01_20241211.csv"
"SALES_S01_20241212.csv","S01","2024-12-12","0","C:\Users\ub02-glab-047\Downloads\data_2\data\sales\SALES_S01_20241212.csv"
"SALES_S01_20241213.csv","S01","2024-12-13","0","C:\Users\ub02-glab-047\Downloads\data_2\data\sales\SALES_S01_20241213.csv"
"SALES_S01_20241214.csv","S01","2024-12-14","0","C:\Users\ub02-glab-047\Downloads\data_2\data\sales\SALES_S01_20241214.csv"
"SALES_S01_20241215.csv","S01","2024-12-15","0","C:\Users\ub02-glab-047\Downloads\data_2\data\sales\SALES_S01_20241215.csv"
"SALES_S01_20241216.csv","S01","2024-12-16","0","C:\Users\ub02-glab-047\Downloads\data_2\data\sales\SALES_S01_20241216.csv"
"SALES_S01_20241217.csv","S01","2024-12-17","0","C:\Users\ub02-glab-047\Downloads\data_2\data\sales\SALES_S01_20241217.csv"
"SALES_S01_20241217__R1.csv","S01","2024-12-17","1","C:\Users\ub02-glab-047\Downloads\data_2\data\sales\SALES_S01_20241217__R1.csv"
"SALES_S01_20241218.csv","S01","2024-12-18","0","C:\Users\ub02-glab-047\Downloads\data_2\data\sales\SALES_S01_20241218.csv"
"SALES_S01_20241219.csv","S01","2024-12-19","0","C:\Users\ub02-glab-047\Downloads\data_2\data\sales\SALES_S01_20241219.csv"
"SALES_S01_20241220.csv","S01","2024-12-20","0","C:\Users\ub02-glab-047\Downloads\data_2\data\sales\SALES_S01_20241220.csv"
"SALES_S01_20241221.csv","S01","2024-12-21","0","C:\Users\ub02-glab-047\Downloads\data_2\data\sales\SALES_S01_20241221.csv"
"SALES_S01_20241222.csv","S01","2024-12-22","0","C:\Users\ub02-glab-047\Downloads\data_2\data\sales\SALES_S01_20241222.csv"
"SALES_S01_20241223.csv","S01","2024-12-23","0","C:\Users\ub02-glab-047\Downloads\data_2\data\sales\SALES_S01_20241223.csv"
"SALES_S01_20241224.csv","S01","2024-12-24","0","C:\Users\ub02-glab-047\Downloads\data_2\data\sales\SALES_S01_20241224.csv"
"SALES_S01_20241225.csv","S01","2024-12-25","0","C:\Users\ub02-glab-047\Downloads\data_2\data\sales\SALES_S01_20241225.csv"
"SALES_S01_20241226.csv","S01","2024-12-26","0","C:\Users\ub02-glab-047\Downloads\data_2\data\sales\SALES_S01_20241226.csv"
"SALES_S01_20241227.csv","S01","2024-12-27","0","C:\Users\ub02-glab-047\Downloads\data_2\data\sales\SALES_S01_20241227.csv"
"SALES_S01_20241228.csv","S01","2024-12-28","0","C:\Users\ub02-glab-047\Downloads\data_2\data\sales\SALES_S01_20241228.csv"
"SALES_S01_20241229.csv","S01","2024-12-29","0","C:\Users\ub02-glab-047\Downloads\data_2\data\sales\SALES_S01_20241229.csv"
"SALES_S01_20241230.csv","S01","2024-12-30","0","C:\Users\ub02-glab-047\Downloads\data_2\data\sales\SALES_S01_20241230.csv"
"SALES_S01_20241231.csv","S01","2024-12-31","0","C:\Users\ub02-glab-047\Downloads\data_2\data\sales\SALES_S01_20241231.csv"
"SALES_S02_20240101.csv","S02","2024-01-01","0","C:\Users\ub02-glab-047\Downloads\data_2\data\sales\SALES_S02_20240101.csv"
"SALES_S02_20240102.csv","S02","2024-01-02","0","C:\Users\ub02-glab-047\Downloads\data_2\data\sales\SALES_S02_20240102.csv"
"SALES_S02_20240103.csv","S02","2024-01-03","0","C:\Users\ub02-glab-047\Downloads\data_2\data\sales\SALES_S02_20240103.csv"
"SALES_S02_20240104.csv","S02","2024-01-04","0","C:\Users\ub02-glab-047\Downloads\data_2\data\sales\SALES_S02_20240104.csv"
"SALES_S02_20240105.csv","S02","2024-01-05","0","C:\Users\ub02-glab-047\Downloads\data_2\data\sales\SALES_S02_20240105.csv"
"SALES_S02_20240106.csv","S02","2024-01-06","0","C:\Users\ub02-glab-047\Downloads\data_2\data\sales\SALES_S02_20240106.csv"
"SALES_S02_20240107.csv","S02","2024-01-07","0","C:\Users\ub02-glab-047\Downloads\data_2\data\sales\SALES_S02_20240107.csv"
"SALES_S02_20240108.csv","S02","2024-01-08","0","C:\Users\ub02-glab-047\Downloads\data_2\data\sales\SALES_S02_20240108.csv"
"SALES_S02_20240109.csv","S02","2024-01-09","0","C:\Users\ub02-glab-047\Downloads\data_2\data\sales\SALES_S02_20240109.csv"
"SALES_S02_20240110.csv","S02","2024-01-10","0","C:\Users\ub02-glab-047\Downloads\data_2\data\sales\SALES_S02_20240110.csv"
"SALES_S02_20240111.csv","S02","2024-01-11","0","C:\Users\ub02-glab-047\Downloads\data_2\data\sales\SALES_S02_20240111.csv"
"SALES_S02_20240112.csv","S02","2024-01-12","0","C:\Users\ub02-glab-047\Downloads\data_2\data\sales\SALES_S02_20240112.csv"
"SALES_S02_20240113.csv","S02","2024-01-13","0","C:\Users\ub02-glab-047\Downloads\data_2\data\sales\SALES_S02_20240113.csv"
"SALES_S02_20240114.csv","S02","2024-01-14","0","C:\Users\ub02-glab-047\Downloads\data_2\data\sales\SALES_S02_20240114.csv"
"SALES_S02_20240115.csv","S02","2024-01-15","0","C:\Users\ub02-glab-047\Downloads\data_2\data\sales\SALES_S02_20240115.csv"
"SALES_S02_20240116.csv","S02","2024-01-16","0","C:\Users\ub02-glab-047\Downloads\data_2\data\sales\SALES_S02_20240116.csv"
"SALES_S02_20240117.csv","S02","2024-01-17","0","C:\Users\ub02-glab-047\Downloads\data_2\data\sales\SALES_S02_20240117.csv"
"SALES_S02_20240118.csv","S02","2024-01-18","0","C:\Users\ub02-glab-047\Downloads\data_2\data\sales\SALES_S02_20240118.csv"
"SALES_S02_20240119.csv","S02","2024-01-19","0","C:\Users\ub02-glab-047\Downloads\data_2\data\sales\SALES_S02_20240119.csv"
"SALES_S02_20240120.csv","S02","2024-01-20","0","C:\Users\ub02-glab-047\Downloads\data_2\data\sales\SALES_S02_20240120.csv"
"SALES_S02_20240121.csv","S02","2024-01-21","0","C:\Users\ub02-glab-047\Downloads\data_2\data\sales\SALES_S02_20240121.csv"
"SALES_S02_20240122.csv","S02","2024-01-22","0","C:\Users\ub02-glab-047\Downloads\data_2\data\sales\SALES_S02_20240122.csv"
"SALES_S02_20240123.csv","S02","2024-01-23","0","C:\Users\ub02-glab-047\Downloads\data_2\data\sales\SALES_S02_20240123.csv"
"SALES_S02_20240124.csv","S02","2024-01-24","0","C:\Users\ub02-glab-047\Downloads\data_2\data\sales\SALES_S02_20240124.csv"
"SALES_S02_20240125.csv","S02","2024-01-25","0","C:\Users\ub02-glab-047\Downloads\data_2\data\sales\SALES_S02_20240125.csv"
"SALES_S02_20240126.csv","S02","2024-01-26","0","C:\Users\ub02-glab-047\Downloads\data_2\data\sales\SALES_S02_20240126.csv"
"SALES_S02_20240127.csv","S02","2024-01-27","0","C:\Users\ub02-glab-047\Downloads\data_2\data\sales\SALES_S02_20240127.csv"
"SALES_S02_20240128.csv","S02","2024-01-28","0","C:\Users\ub02-glab-047\Downloads\data_2\data\sales\SALES_S02_20240128.csv"
"SALES_S02_20240129.csv","S02","2024-01-29","0","C:\Users\ub02-glab-047\Downloads\data_2\data\sales\SALES_S02_20240129.csv"
"SALES_S02_20240130.csv","S02","2024-01-30","0","C:\Users\ub02-glab-047\Downloads\data_2\data\sales\SALES_S02_20240130.csv"
"SALES_S02_20240131.csv","S02","2024-01-31","0","C:\Users\ub02-glab-047\Downloads\data_2\data\sales\SALES_S02_20240131.csv"
"SALES_S02_20240201.csv","S02","2024-02-01","0","C:\Users\ub02-glab-047\Downloads\data_2\data\sales\SALES_S02_20240201.csv"
"SALES_S02_20240202.csv","S02","2024-02-02","0","C:\Users\ub02-glab-047\Downloads\data_2\data\sales\SALES_S02_20240202.csv"
"SALES_S02_20240203.csv","S02","2024-02-03","0","C:\Users\ub02-glab-047\Downloads\data_2\data\sales\SALES_S02_20240203.csv"
"SALES_S02_20240204.csv","S02","2024-02-04","0","C:\Users\ub02-glab-047\Downloads\data_2\data\sales\SALES_S02_20240204.csv"
"SALES_S02_20240205.csv","S02","2024-02-05","0","C:\Users\ub02-glab-047\Downloads\data_2\data\sales\SALES_S02_20240205.csv"
"SALES_S02_20240206.csv","S02","2024-02-06","0","C:\Users\ub02-glab-047\Downloads\data_2\data\sales\SALES_S02_20240206.csv"
"SALES_S02_20240207.csv","S02","2024-02-07","0","C:\Users\ub02-glab-047\Downloads\data_2\data\sales\SALES_S02_20240207.csv"
"SALES_S02_20240208.csv","S02","2024-02-08","0","C:\Users\ub02-glab-047\Downloads\data_2\data\sales\SALES_S02_20240208.csv"
"SALES_S02_20240209.csv","S02","2024-02-09","0","C:\Users\ub02-glab-047\Downloads\data_2\data\sales\SALES_S02_20240209.csv"
"SALES_S02_20240210.csv","S02","2024-02-10","0","C:\Users\ub02-glab-047\Downloads\data_2\data\sales\SALES_S02_20240210.csv"
"SALES_S02_20240211.csv","S02","2024-02-11","0","C:\Users\ub02-glab-047\Downloads\data_2\data\sales\SALES_S02_20240211.csv"
"SALES_S02_20240212.csv","S02","2024-02-12","0","C:\Users\ub02-glab-047\Downloads\data_2\data\sales\SALES_S02_20240212.csv"
"SALES_S02_20240213.csv","S02","2024-02-13","0","C:\Users\ub02-glab-047\Downloads\data_2\data\sales\SALES_S02_20240213.csv"
"SALES_S02_20240214.csv","S02","2024-02-14","0","C:\Users\ub02-glab-047\Downloads\data_2\data\sales\SALES_S02_20240214.csv"
"SALES_S02_20240215.csv","S02","2024-02-15","0","C:\Users\ub02-glab-047\Downloads\data_2\data\sales\SALES_S02_20240215.csv"
"SALES_S02_20240216.csv","S02","2024-02-16","0","C:\Users\ub02-glab-047\Downloads\data_2\data\sales\SALES_S02_20240216.csv"
"SALES_S02_20240217.csv","S02","2024-02-17","0","C:\Users\ub02-glab-047\Downloads\data_2\data\sales\SALES_S02_20240217.csv"
"SALES_S02_20240218.csv","S02","2024-02-18","0","C:\Users\ub02-glab-047\Downloads\data_2\data\sales\SALES_S02_20240218.csv"
"SALES_S02_20240219.csv","S02","2024-02-19","0","C:\Users\ub02-glab-047\Downloads\data_2\data\sales\SALES_S02_20240219.csv"
"SALES_S02_20240220.csv","S02","2024-02-20","0","C:\Users\ub02-glab-047\Downloads\data_2\data\sales\SALES_S02_20240220.csv"
"SALES_S02_20240221.csv","S02","2024-02-21","0","C:\Users\ub02-glab-047\Downloads\data_2\data\sales\SALES_S02_20240221.csv"
"SALES_S02_20240222.csv","S02","2024-02-22","0","C:\Users\ub02-glab-047\Downloads\data_2\data\sales\SALES_S02_20240222.csv"
"SALES_S02_20240223.csv","S02","2024-02-23","0","C:\Users\ub02-glab-047\Downloads\data_2\data\sales\SALES_S02_20240223.csv"
"SALES_S02_20240224.csv","S02","2024-02-24","0","C:\Users\ub02-glab-047\Downloads\data_2\data\sales\SALES_S02_20240224.csv"
"SALES_S02_20240225.csv","S02","2024-02-25","0","C:\Users\ub02-glab-047\Downloads\data_2\data\sales\SALES_S02_20240225.csv"
"SALES_S02_20240226.csv","S02","2024-02-26","0","C:\Users\ub02-glab-047\Downloads\data_2\data\sales\SALES_S02_20240226.csv"
"SALES_S02_20240227.csv","S02","2024-02-27","0","C:\Users\ub02-glab-047\Downloads\data_2\data\sales\SALES_S02_20240227.csv"
"SALES_S02_20240228.csv","S02","2024-02-28","0","C:\Users\ub02-glab-047\Downloads\data_2\data\sales\SALES_S02_20240228.csv"
"SALES_S02_20240229.csv","S02","2024-02-29","0","C:\Users\ub02-glab-047\Downloads\data_2\data\sales\SALES_S02_20240229.csv"
"SALES_S02_20240301.csv","S02","2024-03-01","0","C:\Users\ub02-glab-047\Downloads\data_2\data\sales\SALES_S02_20240301.csv"
"SALES_S02_20240302.csv","S02","2024-03-02","0","C:\Users\ub02-glab-047\Downloads\data_2\data\sales\SALES_S02_20240302.csv"
"SALES_S02_20240303.csv","S02","2024-03-03","0","C:\Users\ub02-glab-047\Downloads\data_2\data\sales\SALES_S02_20240303.csv"
"SALES_S02_20240304.csv","S02","2024-03-04","0","C:\Users\ub02-glab-047\Downloads\data_2\data\sales\SALES_S02_20240304.csv"
"SALES_S02_20240305.csv","S02","2024-03-05","0","C:\Users\ub02-glab-047\Downloads\data_2\data\sales\SALES_S02_20240305.csv"
"SALES_S02_20240306.csv","S02","2024-03-06","0","C:\Users\ub02-glab-047\Downloads\data_2\data\sales\SALES_S02_20240306.csv"
"SALES_S02_20240307.csv","S02","2024-03-07","0","C:\Users\ub02-glab-047\Downloads\data_2\data\sales\SALES_S02_20240307.csv"
"SALES_S02_20240308.csv","S02","2024-03-08","0","C:\Users\ub02-glab-047\Downloads\data_2\data\sales\SALES_S02_20240308.csv"
"SALES_S02_20240309.csv","S02","2024-03-09","0","C:\Users\ub02-glab-047\Downloads\data_2\data\sales\SALES_S02_20240309.csv"
"SALES_S02_20240310.csv","S02","2024-03-10","0","C:\Users\ub02-glab-047\Downloads\data_2\data\sales\SALES_S02_20240310.csv"
"SALES_S02_20240311.csv","S02","2024-03-11","0","C:\Users\ub02-glab-047\Downloads\data_2\data\sales\SALES_S02_20240311.csv"
"SALES_S02_20240312.csv","S02","2024-03-12","0","C:\Users\ub02-glab-047\Downloads\data_2\data\sales\SALES_S02_20240312.csv"
"SALES_S02_20240313.csv","S02","2024-03-13","0","C:\Users\ub02-glab-047\Downloads\data_2\data\sales\SALES_S02_20240313.csv"
"SALES_S02_20240314.csv","S02","2024-03-14","0","C:\Users\ub02-glab-047\Downloads\data_2\data\sales\SALES_S02_20240314.csv"
"SALES_S02_20240315.csv","S02","2024-03-15","0","C:\Users\ub02-glab-047\Downloads\data_2\data\sales\SALES_S02_20240315.csv"
"SALES_S02_20240316.csv","S02","2024-03-16","0","C:\Users\ub02-glab-047\Downloads\data_2\data\sales\SALES_S02_20240316.csv"
"SALES_S02_20240317.csv","S02","2024-03-17","0","C:\Users\ub02-glab-047\Downloads\data_2\data\sales\SALES_S02_20240317.csv"
"SALES_S02_20240317__R1.csv","S02","2024-03-17","1","C:\Users\ub02-glab-047\Downloads\data_2\data\sales\SALES_S02_20240317__R1.csv"
"SALES_S02_20240318.csv","S02","2024-03-18","0","C:\Users\ub02-glab-047\Downloads\data_2\data\sales\SALES_S02_20240318.csv"
"SALES_S02_20240319.csv","S02","2024-03-19","0","C:\Users\ub02-glab-047\Downloads\data_2\data\sales\SALES_S02_20240319.csv"
"SALES_S02_20240320.csv","S02","2024-03-20","0","C:\Users\ub02-glab-047\Downloads\data_2\data\sales\SALES_S02_20240320.csv"
"SALES_S02_20240321.csv","S02","2024-03-21","0","C:\Users\ub02-glab-047\Downloads\data_2\data\sales\SALES_S02_20240321.csv"
"SALES_S02_20240322.csv","S02","2024-03-22","0","C:\Users\ub02-glab-047\Downloads\data_2\data\sales\SALES_S02_20240322.csv"
"SALES_S02_20240323.csv","S02","2024-03-23","0","C:\Users\ub02-glab-047\Downloads\data_2\data\sales\SALES_S02_20240323.csv"
"SALES_S02_20240324.csv","S02","2024-03-24","0","C:\Users\ub02-glab-047\Downloads\data_2\data\sales\SALES_S02_20240324.csv"
"SALES_S02_20240325.csv","S02","2024-03-25","0","C:\Users\ub02-glab-047\Downloads\data_2\data\sales\SALES_S02_20240325.csv"
"SALES_S02_20240326.csv","S02","2024-03-26","0","C:\Users\ub02-glab-047\Downloads\data_2\data\sales\SALES_S02_20240326.csv"
"SALES_S02_20240327.csv","S02","2024-03-27","0","C:\Users\ub02-glab-047\Downloads\data_2\data\sales\SALES_S02_20240327.csv"
"SALES_S02_20240328.csv","S02","2024-03-28","0","C:\Users\ub02-glab-047\Downloads\data_2\data\sales\SALES_S02_20240328.csv"
"SALES_S02_20240329.csv","S02","2024-03-29","0","C:\Users\ub02-glab-047\Downloads\data_2\data\sales\SALES_S02_20240329.csv"
"SALES_S02_20240330.csv","S02","2024-03-30","0","C:\Users\ub02-glab-047\Downloads\data_2\data\sales\SALES_S02_20240330.csv"
"SALES_S02_20240331.csv","S02","2024-03-31","0","C:\Users\ub02-glab-047\Downloads\data_2\data\sales\SALES_S02_20240331.csv"
"SALES_S02_20240401.csv","S02","2024-04-01","0","C:\Users\ub02-glab-047\Downloads\data_2\data\sales\SALES_S02_20240401.csv"
"SALES_S02_20240402.csv","S02","2024-04-02","0","C:\Users\ub02-glab-047\Downloads\data_2\data\sales\SALES_S02_20240402.csv"
"SALES_S02_20240403.csv","S02","2024-04-03","0","C:\Users\ub02-glab-047\Downloads\data_2\data\sales\SALES_S02_20240403.csv"
"SALES_S02_20240404.csv","S02","2024-04-04","0","C:\Users\ub02-glab-047\Downloads\data_2\data\sales\SALES_S02_20240404.csv"
"SALES_S02_20240405.csv","S02","2024-04-05","0","C:\Users\ub02-glab-047\Downloads\data_2\data\sales\SALES_S02_20240405.csv"
"SALES_S02_20240406.csv","S02","2024-04-06","0","C:\Users\ub02-glab-047\Downloads\data_2\data\sales\SALES_S02_20240406.csv"
"SALES_S02_20240407.csv","S02","2024-04-07","0","C:\Users\ub02-glab-047\Downloads\data_2\data\sales\SALES_S02_20240407.csv"
"SALES_S02_20240408.csv","S02","2024-04-08","0","C:\Users\ub02-glab-047\Downloads\data_2\data\sales\SALES_S02_20240408.csv"
"SALES_S02_20240409.csv","S02","2024-04-09","0","C:\Users\ub02-glab-047\Downloads\data_2\data\sales\SALES_S02_20240409.csv"
"SALES_S02_20240410.csv","S02","2024-04-10","0","C:\Users\ub02-glab-047\Downloads\data_2\data\sales\SALES_S02_20240410.csv"
"SALES_S02_20240411.csv","S02","2024-04-11","0","C:\Users\ub02-glab-047\Downloads\data_2\data\sales\SALES_S02_20240411.csv"
"SALES_S02_20240412.csv","S02","2024-04-12","0","C:\Users\ub02-glab-047\Downloads\data_2\data\sales\SALES_S02_20240412.csv"
"SALES_S02_20240413.csv","S02","2024-04-13","0","C:\Users\ub02-glab-047\Downloads\data_2\data\sales\SALES_S02_20240413.csv"
"SALES_S02_20240414.csv","S02","2024-04-14","0","C:\Users\ub02-glab-047\Downloads\data_2\data\sales\SALES_S02_20240414.csv"
"SALES_S02_20240415.csv","S02","2024-04-15","0","C:\Users\ub02-glab-047\Downloads\data_2\data\sales\SALES_S02_20240415.csv"
"SALES_S02_20240416.csv","S02","2024-04-16","0","C:\Users\ub02-glab-047\Downloads\data_2\data\sales\SALES_S02_20240416.csv"
"SALES_S02_20240417.csv","S02","2024-04-17","0","C:\Users\ub02-glab-047\Downloads\data_2\data\sales\SALES_S02_20240417.csv"
"SALES_S02_20240418.csv","S02","2024-04-18","0","C:\Users\ub02-glab-047\Downloads\data_2\data\sales\SALES_S02_20240418.csv"
"SALES_S02_20240419.csv","S02","2024-04-19","0","C:\Users\ub02-glab-047\Downloads\data_2\data\sales\SALES_S02_20240419.csv"
"SALES_S02_20240420.csv","S02","2024-04-20","0","C:\Users\ub02-glab-047\Downloads\data_2\data\sales\SALES_S02_20240420.csv"
"SALES_S02_20240421.csv","S02","2024-04-21","0","C:\Users\ub02-glab-047\Downloads\data_2\data\sales\SALES_S02_20240421.csv"
"SALES_S02_20240422.csv","S02","2024-04-22","0","C:\Users\ub02-glab-047\Downloads\data_2\data\sales\SALES_S02_20240422.csv"
"SALES_S02_20240423.csv","S02","2024-04-23","0","C:\Users\ub02-glab-047\Downloads\data_2\data\sales\SALES_S02_20240423.csv"
"SALES_S02_20240424.csv","S02","2024-04-24","0","C:\Users\ub02-glab-047\Downloads\data_2\data\sales\SALES_S02_20240424.csv"
"SALES_S02_20240425.csv","S02","2024-04-25","0","C:\Users\ub02-glab-047\Downloads\data_2\data\sales\SALES_S02_20240425.csv"
"SALES_S02_20240426.csv","S02","2024-04-26","0","C:\Users\ub02-glab-047\Downloads\data_2\data\sales\SALES_S02_20240426.csv"
"SALES_S02_20240427.csv","S02","2024-04-27","0","C:\Users\ub02-glab-047\Downloads\data_2\data\sales\SALES_S02_20240427.csv"
"SALES_S02_20240428.csv","S02","2024-04-28","0","C:\Users\ub02-glab-047\Downloads\data_2\data\sales\SALES_S02_20240428.csv"
"SALES_S02_20240429.csv","S02","2024-04-29","0","C:\Users\ub02-glab-047\Downloads\data_2\data\sales\SALES_S02_20240429.csv"
"SALES_S02_20240430.csv","S02","2024-04-30","0","C:\Users\ub02-glab-047\Downloads\data_2\data\sales\SALES_S02_20240430.csv"
"SALES_S02_20240501.csv","S02","2024-05-01","0","C:\Users\ub02-glab-047\Downloads\data_2\data\sales\SALES_S02_20240501.csv"
"SALES_S02_20240502.csv","S02","2024-05-02","0","C:\Users\ub02-glab-047\Downloads\data_2\data\sales\SALES_S02_20240502.csv"
"SALES_S02_20240503.csv","S02","2024-05-03","0","C:\Users\ub02-glab-047\Downloads\data_2\data\sales\SALES_S02_20240503.csv"
"SALES_S02_20240504.csv","S02","2024-05-04","0","C:\Users\ub02-glab-047\Downloads\data_2\data\sales\SALES_S02_20240504.csv"
"SALES_S02_20240505.csv","S02","2024-05-05","0","C:\Users\ub02-glab-047\Downloads\data_2\data\sales\SALES_S02_20240505.csv"
"SALES_S02_20240506.csv","S02","2024-05-06","0","C:\Users\ub02-glab-047\Downloads\data_2\data\sales\SALES_S02_20240506.csv"
"SALES_S02_20240507.csv","S02","2024-05-07","0","C:\Users\ub02-glab-047\Downloads\data_2\data\sales\SALES_S02_20240507.csv"
"SALES_S02_20240508.csv","S02","2024-05-08","0","C:\Users\ub02-glab-047\Downloads\data_2\data\sales\SALES_S02_20240508.csv"
"SALES_S02_20240509.csv","S02","2024-05-09","0","C:\Users\ub02-glab-047\Downloads\data_2\data\sales\SALES_S02_20240509.csv"
"SALES_S02_20240510.csv","S02","2024-05-10","0","C:\Users\ub02-glab-047\Downloads\data_2\data\sales\SALES_S02_20240510.csv"
"SALES_S02_20240511.csv","S02","2024-05-11","0","C:\Users\ub02-glab-047\Downloads\data_2\data\sales\SALES_S02_20240511.csv"
"SALES_S02_20240512.csv","S02","2024-05-12","0","C:\Users\ub02-glab-047\Downloads\data_2\data\sales\SALES_S02_20240512.csv"
"SALES_S02_20240513.csv","S02","2024-05-13","0","C:\Users\ub02-glab-047\Downloads\data_2\data\sales\SALES_S02_20240513.csv"
"SALES_S02_20240514.csv","S02","2024-05-14","0","C:\Users\ub02-glab-047\Downloads\data_2\data\sales\SALES_S02_20240514.csv"
"SALES_S02_20240515.csv","S02","2024-05-15","0","C:\Users\ub02-glab-047\Downloads\data_2\data\sales\SALES_S02_20240515.csv"
"SALES_S02_20240516.csv","S02","2024-05-16","0","C:\Users\ub02-glab-047\Downloads\data_2\data\sales\SALES_S02_20240516.csv"
"SALES_S02_20240517.csv","S02","2024-05-17","0","C:\Users\ub02-glab-047\Downloads\data_2\data\sales\SALES_S02_20240517.csv"
"SALES_S02_20240517__R1.csv","S02","2024-05-17","1","C:\Users\ub02-glab-047\Downloads\data_2\data\sales\SALES_S02_20240517__R1.csv"
"SALES_S02_20240518.csv","S02","2024-05-18","0","C:\Users\ub02-glab-047\Downloads\data_2\data\sales\SALES_S02_20240518.csv"
"SALES_S02_20240519.csv","S02","2024-05-19","0","C:\Users\ub02-glab-047\Downloads\data_2\data\sales\SALES_S02_20240519.csv"
"SALES_S02_20240520.csv","S02","2024-05-20","0","C:\Users\ub02-glab-047\Downloads\data_2\data\sales\SALES_S02_20240520.csv"
"SALES_S02_20240521.csv","S02","2024-05-21","0","C:\Users\ub02-glab-047\Downloads\data_2\data\sales\SALES_S02_20240521.csv"
"SALES_S02_20240522.csv","S02","2024-05-22","0","C:\Users\ub02-glab-047\Downloads\data_2\data\sales\SALES_S02_20240522.csv"
"SALES_S02_20240523.csv","S02","2024-05-23","0","C:\Users\ub02-glab-047\Downloads\data_2\data\sales\SALES_S02_20240523.csv"
"SALES_S02_20240524.csv","S02","2024-05-24","0","C:\Users\ub02-glab-047\Downloads\data_2\data\sales\SALES_S02_20240524.csv"
"SALES_S02_20240525.csv","S02","2024-05-25","0","C:\Users\ub02-glab-047\Downloads\data_2\data\sales\SALES_S02_20240525.csv"
"SALES_S02_20240526.csv","S02","2024-05-26","0","C:\Users\ub02-glab-047\Downloads\data_2\data\sales\SALES_S02_20240526.csv"
"SALES_S02_20240527.csv","S02","2024-05-27","0","C:\Users\ub02-glab-047\Downloads\data_2\data\sales\SALES_S02_20240527.csv"
"SALES_S02_20240528.csv","S02","2024-05-28","0","C:\Users\ub02-glab-047\Downloads\data_2\data\sales\SALES_S02_20240528.csv"
"SALES_S02_20240529.csv","S02","2024-05-29","0","C:\Users\ub02-glab-047\Downloads\data_2\data\sales\SALES_S02_20240529.csv"
"SALES_S02_20240530.csv","S02","2024-05-30","0","C:\Users\ub02-glab-047\Downloads\data_2\data\sales\SALES_S02_20240530.csv"
"SALES_S02_20240531.csv","S02","2024-05-31","0","C:\Users\ub02-glab-047\Downloads\data_2\data\sales\SALES_S02_20240531.csv"
"SALES_S02_20240601.csv","S02","2024-06-01","0","C:\Users\ub02-glab-047\Downloads\data_2\data\sales\SALES_S02_20240601.csv"
"SALES_S02_20240602.csv","S02","2024-06-02","0","C:\Users\ub02-glab-047\Downloads\data_2\data\sales\SALES_S02_20240602.csv"
"SALES_S02_20240603.csv","S02","2024-06-03","0","C:\Users\ub02-glab-047\Downloads\data_2\data\sales\SALES_S02_20240603.csv"
"SALES_S02_20240604.csv","S02","2024-06-04","0","C:\Users\ub02-glab-047\Downloads\data_2\data\sales\SALES_S02_20240604.csv"
"SALES_S02_20240605.csv","S02","2024-06-05","0","C:\Users\ub02-glab-047\Downloads\data_2\data\sales\SALES_S02_20240605.csv"
"SALES_S02_20240606.csv","S02","2024-06-06","0","C:\Users\ub02-glab-047\Downloads\data_2\data\sales\SALES_S02_20240606.csv"
"SALES_S02_20240607.csv","S02","2024-06-07","0","C:\Users\ub02-glab-047\Downloads\data_2\data\sales\SALES_S02_20240607.csv"
"SALES_S02_20240608.csv","S02","2024-06-08","0","C:\Users\ub02-glab-047\Downloads\data_2\data\sales\SALES_S02_20240608.csv"
"SALES_S02_20240609.csv","S02","2024-06-09","0","C:\Users\ub02-glab-047\Downloads\data_2\data\sales\SALES_S02_20240609.csv"
"SALES_S02_20240610.csv","S02","2024-06-10","0","C:\Users\ub02-glab-047\Downloads\data_2\data\sales\SALES_S02_20240610.csv"
"SALES_S02_20240611.csv","S02","2024-06-11","0","C:\Users\ub02-glab-047\Downloads\data_2\data\sales\SALES_S02_20240611.csv"
"SALES_S02_20240612.csv","S02","2024-06-12","0","C:\Users\ub02-glab-047\Downloads\data_2\data\sales\SALES_S02_20240612.csv"
"SALES_S02_20240613.csv","S02","2024-06-13","0","C:\Users\ub02-glab-047\Downloads\data_2\data\sales\SALES_S02_20240613.csv"
"SALES_S02_20240614.csv","S02","2024-06-14","0","C:\Users\ub02-glab-047\Downloads\data_2\data\sales\SALES_S02_20240614.csv"
"SALES_S02_20240615.csv","S02","2024-06-15","0","C:\Users\ub02-glab-047\Downloads\data_2\data\sales\SALES_S02_20240615.csv"
"SALES_S02_20240616.csv","S02","2024-06-16","0","C:\Users\ub02-glab-047\Downloads\data_2\data\sales\SALES_S02_20240616.csv"
"SALES_S02_20240617.csv","S02","2024-06-17","0","C:\Users\ub02-glab-047\Downloads\data_2\data\sales\SALES_S02_20240617.csv"
"SALES_S02_20240618.csv","S02","2024-06-18","0","C:\Users\ub02-glab-047\Downloads\data_2\data\sales\SALES_S02_20240618.csv"
"SALES_S02_20240619.csv","S02","2024-06-19","0","C:\Users\ub02-glab-047\Downloads\data_2\data\sales\SALES_S02_20240619.csv"
"SALES_S02_20240620.csv","S02","2024-06-20","0","C:\Users\ub02-glab-047\Downloads\data_2\data\sales\SALES_S02_20240620.csv"
"SALES_S02_20240621.csv","S02","2024-06-21","0","C:\Users\ub02-glab-047\Downloads\data_2\data\sales\SALES_S02_20240621.csv"
"SALES_S02_20240622.csv","S02","2024-06-22","0","C:\Users\ub02-glab-047\Downloads\data_2\data\sales\SALES_S02_20240622.csv"
"SALES_S02_20240623.csv","S02","2024-06-23","0","C:\Users\ub02-glab-047\Downloads\data_2\data\sales\SALES_S02_20240623.csv"
"SALES_S02_20240624.csv","S02","2024-06-24","0","C:\Users\ub02-glab-047\Downloads\data_2\data\sales\SALES_S02_20240624.csv"
"SALES_S02_20240625.csv","S02","2024-06-25","0","C:\Users\ub02-glab-047\Downloads\data_2\data\sales\SALES_S02_20240625.csv"
"SALES_S02_20240626.csv","S02","2024-06-26","0","C:\Users\ub02-glab-047\Downloads\data_2\data\sales\SALES_S02_20240626.csv"
"SALES_S02_20240627.csv","S02","2024-06-27","0","C:\Users\ub02-glab-047\Downloads\data_2\data\sales\SALES_S02_20240627.csv"
"SALES_S02_20240628.csv","S02","2024-06-28","0","C:\Users\ub02-glab-047\Downloads\data_2\data\sales\SALES_S02_20240628.csv"
"SALES_S02_20240629.csv","S02","2024-06-29","0","C:\Users\ub02-glab-047\Downloads\data_2\data\sales\SALES_S02_20240629.csv"
"SALES_S02_20240630.csv","S02","2024-06-30","0","C:\Users\ub02-glab-047\Downloads\data_2\data\sales\SALES_S02_20240630.csv"
"SALES_S02_20240701.csv","S02","2024-07-01","0","C:\Users\ub02-glab-047\Downloads\data_2\data\sales\SALES_S02_20240701.csv"
"SALES_S02_20240702.csv","S02","2024-07-02","0","C:\Users\ub02-glab-047\Downloads\data_2\data\sales\SALES_S02_20240702.csv"
"SALES_S02_20240703.csv","S02","2024-07-03","0","C:\Users\ub02-glab-047\Downloads\data_2\data\sales\SALES_S02_20240703.csv"
"SALES_S02_20240704.csv","S02","2024-07-04","0","C:\Users\ub02-glab-047\Downloads\data_2\data\sales\SALES_S02_20240704.csv"
"SALES_S02_20240705.csv","S02","2024-07-05","0","C:\Users\ub02-glab-047\Downloads\data_2\data\sales\SALES_S02_20240705.csv"
"SALES_S02_20240706.csv","S02","2024-07-06","0","C:\Users\ub02-glab-047\Downloads\data_2\data\sales\SALES_S02_20240706.csv"
"SALES_S02_20240707.csv","S02","2024-07-07","0","C:\Users\ub02-glab-047\Downloads\data_2\data\sales\SALES_S02_20240707.csv"
"SALES_S02_20240708.csv","S02","2024-07-08","0","C:\Users\ub02-glab-047\Downloads\data_2\data\sales\SALES_S02_20240708.csv"
"SALES_S02_20240709.csv","S02","2024-07-09","0","C:\Users\ub02-glab-047\Downloads\data_2\data\sales\SALES_S02_20240709.csv"
"SALES_S02_20240710.csv","S02","2024-07-10","0","C:\Users\ub02-glab-047\Downloads\data_2\data\sales\SALES_S02_20240710.csv"
"SALES_S02_20240711.csv","S02","2024-07-11","0","C:\Users\ub02-glab-047\Downloads\data_2\data\sales\SALES_S02_20240711.csv"
"SALES_S02_20240712.csv","S02","2024-07-12","0","C:\Users\ub02-glab-047\Downloads\data_2\data\sales\SALES_S02_20240712.csv"
"SALES_S02_20240713.csv","S02","2024-07-13","0","C:\Users\ub02-glab-047\Downloads\data_2\data\sales\SALES_S02_20240713.csv"
"SALES_S02_20240714.csv","S02","2024-07-14","0","C:\Users\ub02-glab-047\Downloads\data_2\data\sales\SALES_S02_20240714.csv"
"SALES_S02_20240715.csv","S02","2024-07-15","0","C:\Users\ub02-glab-047\Downloads\data_2\data\sales\SALES_S02_20240715.csv"
"SALES_S02_20240716.csv","S02","2024-07-16","0","C:\Users\ub02-glab-047\Downloads\data_2\data\sales\SALES_S02_20240716.csv"
"SALES_S02_20240717.csv","S02","2024-07-17","0","C:\Users\ub02-glab-047\Downloads\data_2\data\sales\SALES_S02_20240717.csv"
"SALES_S02_20240718.csv","S02","2024-07-18","0","C:\Users\ub02-glab-047\Downloads\data_2\data\sales\SALES_S02_20240718.csv"
"SALES_S02_20240719.csv","S02","2024-07-19","0","C:\Users\ub02-glab-047\Downloads\data_2\data\sales\SALES_S02_20240719.csv"
"SALES_S02_20240720.csv","S02","2024-07-20","0","C:\Users\ub02-glab-047\Downloads\data_2\data\sales\SALES_S02_20240720.csv"
"SALES_S02_20240721.csv","S02","2024-07-21","0","C:\Users\ub02-glab-047\Downloads\data_2\data\sales\SALES_S02_20240721.csv"
"SALES_S02_20240722.csv","S02","2024-07-22","0","C:\Users\ub02-glab-047\Downloads\data_2\data\sales\SALES_S02_20240722.csv"
"SALES_S02_20240723.csv","S02","2024-07-23","0","C:\Users\ub02-glab-047\Downloads\data_2\data\sales\SALES_S02_20240723.csv"
"SALES_S02_20240724.csv","S02","2024-07-24","0","C:\Users\ub02-glab-047\Downloads\data_2\data\sales\SALES_S02_20240724.csv"
"SALES_S02_20240725.csv","S02","2024-07-25","0","C:\Users\ub02-glab-047\Downloads\data_2\data\sales\SALES_S02_20240725.csv"
"SALES_S02_20240726.csv","S02","2024-07-26","0","C:\Users\ub02-glab-047\Downloads\data_2\data\sales\SALES_S02_20240726.csv"
"SALES_S02_20240727.csv","S02","2024-07-27","0","C:\Users\ub02-glab-047\Downloads\data_2\data\sales\SALES_S02_20240727.csv"
"SALES_S02_20240728.csv","S02","2024-07-28","0","C:\Users\ub02-glab-047\Downloads\data_2\data\sales\SALES_S02_20240728.csv"
"SALES_S02_20240729.csv","S02","2024-07-29","0","C:\Users\ub02-glab-047\Downloads\data_2\data\sales\SALES_S02_20240729.csv"
"SALES_S02_20240730.csv","S02","2024-07-30","0","C:\Users\ub02-glab-047\Downloads\data_2\data\sales\SALES_S02_20240730.csv"
"SALES_S02_20240731.csv","S02","2024-07-31","0","C:\Users\ub02-glab-047\Downloads\data_2\data\sales\SALES_S02_20240731.csv"
"SALES_S02_20240801.csv","S02","2024-08-01","0","C:\Users\ub02-glab-047\Downloads\data_2\data\sales\SALES_S02_20240801.csv"
"SALES_S02_20240802.csv","S02","2024-08-02","0","C:\Users\ub02-glab-047\Downloads\data_2\data\sales\SALES_S02_20240802.csv"
"SALES_S02_20240803.csv","S02","2024-08-03","0","C:\Users\ub02-glab-047\Downloads\data_2\data\sales\SALES_S02_20240803.csv"
"SALES_S02_20240804.csv","S02","2024-08-04","0","C:\Users\ub02-glab-047\Downloads\data_2\data\sales\SALES_S02_20240804.csv"
"SALES_S02_20240805.csv","S02","2024-08-05","0","C:\Users\ub02-glab-047\Downloads\data_2\data\sales\SALES_S02_20240805.csv"
"SALES_S02_20240806.csv","S02","2024-08-06","0","C:\Users\ub02-glab-047\Downloads\data_2\data\sales\SALES_S02_20240806.csv"
"SALES_S02_20240807.csv","S02","2024-08-07","0","C:\Users\ub02-glab-047\Downloads\data_2\data\sales\SALES_S02_20240807.csv"
"SALES_S02_20240808.csv","S02","2024-08-08","0","C:\Users\ub02-glab-047\Downloads\data_2\data\sales\SALES_S02_20240808.csv"
"SALES_S02_20240809.csv","S02","2024-08-09","0","C:\Users\ub02-glab-047\Downloads\data_2\data\sales\SALES_S02_20240809.csv"
"SALES_S02_20240810.csv","S02","2024-08-10","0","C:\Users\ub02-glab-047\Downloads\data_2\data\sales\SALES_S02_20240810.csv"
"SALES_S02_20240811.csv","S02","2024-08-11","0","C:\Users\ub02-glab-047\Downloads\data_2\data\sales\SALES_S02_20240811.csv"
"SALES_S02_20240812.csv","S02","2024-08-12","0","C:\Users\ub02-glab-047\Downloads\data_2\data\sales\SALES_S02_20240812.csv"
"SALES_S02_20240813.csv","S02","2024-08-13","0","C:\Users\ub02-glab-047\Downloads\data_2\data\sales\SALES_S02_20240813.csv"
"SALES_S02_20240814.csv","S02","2024-08-14","0","C:\Users\ub02-glab-047\Downloads\data_2\data\sales\SALES_S02_20240814.csv"
"SALES_S02_20240815.csv","S02","2024-08-15","0","C:\Users\ub02-glab-047\Downloads\data_2\data\sales\SALES_S02_20240815.csv"
"SALES_S02_20240816.csv","S02","2024-08-16","0","C:\Users\ub02-glab-047\Downloads\data_2\data\sales\SALES_S02_20240816.csv"
"SALES_S02_20240817.csv","S02","2024-08-17","0","C:\Users\ub02-glab-047\Downloads\data_2\data\sales\SALES_S02_20240817.csv"
"SALES_S02_20240818.csv","S02","2024-08-18","0","C:\Users\ub02-glab-047\Downloads\data_2\data\sales\SALES_S02_20240818.csv"
"SALES_S02_20240819.csv","S02","2024-08-19","0","C:\Users\ub02-glab-047\Downloads\data_2\data\sales\SALES_S02_20240819.csv"
"SALES_S02_20240820.csv","S02","2024-08-20","0","C:\Users\ub02-glab-047\Downloads\data_2\data\sales\SALES_S02_20240820.csv"
"SALES_S02_20240821.csv","S02","2024-08-21","0","C:\Users\ub02-glab-047\Downloads\data_2\data\sales\SALES_S02_20240821.csv"
"SALES_S02_20240822.csv","S02","2024-08-22","0","C:\Users\ub02-glab-047\Downloads\data_2\data\sales\SALES_S02_20240822.csv"
"SALES_S02_20240822__R1.csv","S02","2024-08-22","1","C:\Users\ub02-glab-047\Downloads\data_2\data\sales\SALES_S02_20240822__R1.csv"
"SALES_S02_20240822__R2.csv","S02","2024-08-22","2","C:\Users\ub02-glab-047\Downloads\data_2\data\sales\SALES_S02_20240822__R2.csv"
"SALES_S02_20240823.csv","S02","2024-08-23","0","C:\Users\ub02-glab-047\Downloads\data_2\data\sales\SALES_S02_20240823.csv"
"SALES_S02_20240824.csv","S02","2024-08-24","0","C:\Users\ub02-glab-047\Downloads\data_2\data\sales\SALES_S02_20240824.csv"
"SALES_S02_20240825.csv","S02","2024-08-25","0","C:\Users\ub02-glab-047\Downloads\data_2\data\sales\SALES_S02_20240825.csv"
"SALES_S02_20240826.csv","S02","2024-08-26","0","C:\Users\ub02-glab-047\Downloads\data_2\data\sales\SALES_S02_20240826.csv"
"SALES_S02_20240827.csv","S02","2024-08-27","0","C:\Users\ub02-glab-047\Downloads\data_2\data\sales\SALES_S02_20240827.csv"
"SALES_S02_20240828.csv","S02","2024-08-28","0","C:\Users\ub02-glab-047\Downloads\data_2\data\sales\SALES_S02_20240828.csv"
"SALES_S02_20240829.csv","S02","2024-08-29","0","C:\Users\ub02-glab-047\Downloads\data_2\data\sales\SALES_S02_20240829.csv"
"SALES_S02_20240830.csv","S02","2024-08-30","0","C:\Users\ub02-glab-047\Downloads\data_2\data\sales\SALES_S02_20240830.csv"
"SALES_S02_20240831.csv","S02","2024-08-31","0","C:\Users\ub02-glab-047\Downloads\data_2\data\sales\SALES_S02_20240831.csv"
"SALES_S02_20240901.csv","S02","2024-09-01","0","C:\Users\ub02-glab-047\Downloads\data_2\data\sales\SALES_S02_20240901.csv"
"SALES_S02_20240902.csv","S02","2024-09-02","0","C:\Users\ub02-glab-047\Downloads\data_2\data\sales\SALES_S02_20240902.csv"
"SALES_S02_20240903.csv","S02","2024-09-03","0","C:\Users\ub02-glab-047\Downloads\data_2\data\sales\SALES_S02_20240903.csv"
"SALES_S02_20240904.csv","S02","2024-09-04","0","C:\Users\ub02-glab-047\Downloads\data_2\data\sales\SALES_S02_20240904.csv"
"SALES_S02_20240905.csv","S02","2024-09-05","0","C:\Users\ub02-glab-047\Downloads\data_2\data\sales\SALES_S02_20240905.csv"
"SALES_S02_20240906.csv","S02","2024-09-06","0","C:\Users\ub02-glab-047\Downloads\data_2\data\sales\SALES_S02_20240906.csv"
"SALES_S02_20240907.csv","S02","2024-09-07","0","C:\Users\ub02-glab-047\Downloads\data_2\data\sales\SALES_S02_20240907.csv"
"SALES_S02_20240908.csv","S02","2024-09-08","0","C:\Users\ub02-glab-047\Downloads\data_2\data\sales\SALES_S02_20240908.csv"
"SALES_S02_20240909.csv","S02","2024-09-09","0","C:\Users\ub02-glab-047\Downloads\data_2\data\sales\SALES_S02_20240909.csv"
"SALES_S02_20240910.csv","S02","2024-09-10","0","C:\Users\ub02-glab-047\Downloads\data_2\data\sales\SALES_S02_20240910.csv"
"SALES_S02_20240911.csv","S02","2024-09-11","0","C:\Users\ub02-glab-047\Downloads\data_2\data\sales\SALES_S02_20240911.csv"
"SALES_S02_20240912.csv","S02","2024-09-12","0","C:\Users\ub02-glab-047\Downloads\data_2\data\sales\SALES_S02_20240912.csv"
"SALES_S02_20240913.csv","S02","2024-09-13","0","C:\Users\ub02-glab-047\Downloads\data_2\data\sales\SALES_S02_20240913.csv"
"SALES_S02_20240914.csv","S02","2024-09-14","0","C:\Users\ub02-glab-047\Downloads\data_2\data\sales\SALES_S02_20240914.csv"
"SALES_S02_20240915.csv","S02","2024-09-15","0","C:\Users\ub02-glab-047\Downloads\data_2\data\sales\SALES_S02_20240915.csv"
"SALES_S02_20240916.csv","S02","2024-09-16","0","C:\Users\ub02-glab-047\Downloads\data_2\data\sales\SALES_S02_20240916.csv"
"SALES_S02_20240917.csv","S02","2024-09-17","0","C:\Users\ub02-glab-047\Downloads\data_2\data\sales\SALES_S02_20240917.csv"
"SALES_S02_20240918.csv","S02","2024-09-18","0","C:\Users\ub02-glab-047\Downloads\data_2\data\sales\SALES_S02_20240918.csv"
"SALES_S02_20240919.csv","S02","2024-09-19","0","C:\Users\ub02-glab-047\Downloads\data_2\data\sales\SALES_S02_20240919.csv"
"SALES_S02_20240920.csv","S02","2024-09-20","0","C:\Users\ub02-glab-047\Downloads\data_2\data\sales\SALES_S02_20240920.csv"
"SALES_S02_20240921.csv","S02","2024-09-21","0","C:\Users\ub02-glab-047\Downloads\data_2\data\sales\SALES_S02_20240921.csv"
"SALES_S02_20240922.csv","S02","2024-09-22","0","C:\Users\ub02-glab-047\Downloads\data_2\data\sales\SALES_S02_20240922.csv"
"SALES_S02_20240923.csv","S02","2024-09-23","0","C:\Users\ub02-glab-047\Downloads\data_2\data\sales\SALES_S02_20240923.csv"
"SALES_S02_20240924.csv","S02","2024-09-24","0","C:\Users\ub02-glab-047\Downloads\data_2\data\sales\SALES_S02_20240924.csv"
"SALES_S02_20240925.csv","S02","2024-09-25","0","C:\Users\ub02-glab-047\Downloads\data_2\data\sales\SALES_S02_20240925.csv"
"SALES_S02_20240926.csv","S02","2024-09-26","0","C:\Users\ub02-glab-047\Downloads\data_2\data\sales\SALES_S02_20240926.csv"
"SALES_S02_20240927.csv","S02","2024-09-27","0","C:\Users\ub02-glab-047\Downloads\data_2\data\sales\SALES_S02_20240927.csv"
"SALES_S02_20240928.csv","S02","2024-09-28","0","C:\Users\ub02-glab-047\Downloads\data_2\data\sales\SALES_S02_20240928.csv"
"SALES_S02_20240929.csv","S02","2024-09-29","0","C:\Users\ub02-glab-047\Downloads\data_2\data\sales\SALES_S02_20240929.csv"
"SALES_S02_20240930.csv","S02","2024-09-30","0","C:\Users\ub02-glab-047\Downloads\data_2\data\sales\SALES_S02_20240930.csv"
"SALES_S02_20241001.csv","S02","2024-10-01","0","C:\Users\ub02-glab-047\Downloads\data_2\data\sales\SALES_S02_20241001.csv"
"SALES_S02_20241002.csv","S02","2024-10-02","0","C:\Users\ub02-glab-047\Downloads\data_2\data\sales\SALES_S02_20241002.csv"
"SALES_S02_20241003.csv","S02","2024-10-03","0","C:\Users\ub02-glab-047\Downloads\data_2\data\sales\SALES_S02_20241003.csv"
"SALES_S02_20241004.csv","S02","2024-10-04","0","C:\Users\ub02-glab-047\Downloads\data_2\data\sales\SALES_S02_20241004.csv"
"SALES_S02_20241005.csv","S02","2024-10-05","0","C:\Users\ub02-glab-047\Downloads\data_2\data\sales\SALES_S02_20241005.csv"
"SALES_S02_20241006.csv","S02","2024-10-06","0","C:\Users\ub02-glab-047\Downloads\data_2\data\sales\SALES_S02_20241006.csv"
"SALES_S02_20241007.csv","S02","2024-10-07","0","C:\Users\ub02-glab-047\Downloads\data_2\data\sales\SALES_S02_20241007.csv"
"SALES_S02_20241008.csv","S02","2024-10-08","0","C:\Users\ub02-glab-047\Downloads\data_2\data\sales\SALES_S02_20241008.csv"
"SALES_S02_20241009.csv","S02","2024-10-09","0","C:\Users\ub02-glab-047\Downloads\data_2\data\sales\SALES_S02_20241009.csv"
"SALES_S02_20241010.csv","S02","2024-10-10","0","C:\Users\ub02-glab-047\Downloads\data_2\data\sales\SALES_S02_20241010.csv"
"SALES_S02_20241011.csv","S02","2024-10-11","0","C:\Users\ub02-glab-047\Downloads\data_2\data\sales\SALES_S02_20241011.csv"
"SALES_S02_20241012.csv","S02","2024-10-12","0","C:\Users\ub02-glab-047\Downloads\data_2\data\sales\SALES_S02_20241012.csv"
"SALES_S02_20241013.csv","S02","2024-10-13","0","C:\Users\ub02-glab-047\Downloads\data_2\data\sales\SALES_S02_20241013.csv"
"SALES_S02_20241013__R1.csv","S02","2024-10-13","1","C:\Users\ub02-glab-047\Downloads\data_2\data\sales\SALES_S02_20241013__R1.csv"
"SALES_S02_20241014.csv","S02","2024-10-14","0","C:\Users\ub02-glab-047\Downloads\data_2\data\sales\SALES_S02_20241014.csv"
"SALES_S02_20241015.csv","S02","2024-10-15","0","C:\Users\ub02-glab-047\Downloads\data_2\data\sales\SALES_S02_20241015.csv"
"SALES_S02_20241016.csv","S02","2024-10-16","0","C:\Users\ub02-glab-047\Downloads\data_2\data\sales\SALES_S02_20241016.csv"
"SALES_S02_20241017.csv","S02","2024-10-17","0","C:\Users\ub02-glab-047\Downloads\data_2\data\sales\SALES_S02_20241017.csv"
"SALES_S02_20241018.csv","S02","2024-10-18","0","C:\Users\ub02-glab-047\Downloads\data_2\data\sales\SALES_S02_20241018.csv"
"SALES_S02_20241019.csv","S02","2024-10-19","0","C:\Users\ub02-glab-047\Downloads\data_2\data\sales\SALES_S02_20241019.csv"
"SALES_S02_20241020.csv","S02","2024-10-20","0","C:\Users\ub02-glab-047\Downloads\data_2\data\sales\SALES_S02_20241020.csv"
"SALES_S02_20241021.csv","S02","2024-10-21","0","C:\Users\ub02-glab-047\Downloads\data_2\data\sales\SALES_S02_20241021.csv"
"SALES_S02_20241022.csv","S02","2024-10-22","0","C:\Users\ub02-glab-047\Downloads\data_2\data\sales\SALES_S02_20241022.csv"
"SALES_S02_20241023.csv","S02","2024-10-23","0","C:\Users\ub02-glab-047\Downloads\data_2\data\sales\SALES_S02_20241023.csv"
"SALES_S02_20241024.csv","S02","2024-10-24","0","C:\Users\ub02-glab-047\Downloads\data_2\data\sales\SALES_S02_20241024.csv"
"SALES_S02_20241025.csv","S02","2024-10-25","0","C:\Users\ub02-glab-047\Downloads\data_2\data\sales\SALES_S02_20241025.csv"
"SALES_S02_20241026.csv","S02","2024-10-26","0","C:\Users\ub02-glab-047\Downloads\data_2\data\sales\SALES_S02_20241026.csv"
"SALES_S02_20241027.csv","S02","2024-10-27","0","C:\Users\ub02-glab-047\Downloads\data_2\data\sales\SALES_S02_20241027.csv"
"SALES_S02_20241028.csv","S02","2024-10-28","0","C:\Users\ub02-glab-047\Downloads\data_2\data\sales\SALES_S02_20241028.csv"
"SALES_S02_20241029.csv","S02","2024-10-29","0","C:\Users\ub02-glab-047\Downloads\data_2\data\sales\SALES_S02_20241029.csv"
"SALES_S02_20241030.csv","S02","2024-10-30","0","C:\Users\ub02-glab-047\Downloads\data_2\data\sales\SALES_S02_20241030.csv"
"SALES_S02_20241031.csv","S02","2024-10-31","0","C:\Users\ub02-glab-047\Downloads\data_2\data\sales\SALES_S02_20241031.csv"
"SALES_S02_20241101.csv","S02","2024-11-01","0","C:\Users\ub02-glab-047\Downloads\data_2\data\sales\SALES_S02_20241101.csv"
"SALES_S02_20241102.csv","S02","2024-11-02","0","C:\Users\ub02-glab-047\Downloads\data_2\data\sales\SALES_S02_20241102.csv"
"SALES_S02_20241103.csv","S02","2024-11-03","0","C:\Users\ub02-glab-047\Downloads\data_2\data\sales\SALES_S02_20241103.csv"
"SALES_S02_20241104.csv","S02","2024-11-04","0","C:\Users\ub02-glab-047\Downloads\data_2\data\sales\SALES_S02_20241104.csv"
"SALES_S02_20241105.csv","S02","2024-11-05","0","C:\Users\ub02-glab-047\Downloads\data_2\data\sales\SALES_S02_20241105.csv"
"SALES_S02_20241106.csv","S02","2024-11-06","0","C:\Users\ub02-glab-047\Downloads\data_2\data\sales\SALES_S02_20241106.csv"
"SALES_S02_20241107.csv","S02","2024-11-07","0","C:\Users\ub02-glab-047\Downloads\data_2\data\sales\SALES_S02_20241107.csv"
"SALES_S02_20241108.csv","S02","2024-11-08","0","C:\Users\ub02-glab-047\Downloads\data_2\data\sales\SALES_S02_20241108.csv"
"SALES_S02_20241109.csv","S02","2024-11-09","0","C:\Users\ub02-glab-047\Downloads\data_2\data\sales\SALES_S02_20241109.csv"
"SALES_S02_20241110.csv","S02","2024-11-10","0","C:\Users\ub02-glab-047\Downloads\data_2\data\sales\SALES_S02_20241110.csv"
"SALES_S02_20241111.csv","S02","2024-11-11","0","C:\Users\ub02-glab-047\Downloads\data_2\data\sales\SALES_S02_20241111.csv"
"SALES_S02_20241112.csv","S02","2024-11-12","0","C:\Users\ub02-glab-047\Downloads\data_2\data\sales\SALES_S02_20241112.csv"
"SALES_S02_20241113.csv","S02","2024-11-13","0","C:\Users\ub02-glab-047\Downloads\data_2\data\sales\SALES_S02_20241113.csv"
"SALES_S02_20241114.csv","S02","2024-11-14","0","C:\Users\ub02-glab-047\Downloads\data_2\data\sales\SALES_S02_20241114.csv"
"SALES_S02_20241115.csv","S02","2024-11-15","0","C:\Users\ub02-glab-047\Downloads\data_2\data\sales\SALES_S02_20241115.csv"
"SALES_S02_20241116.csv","S02","2024-11-16","0","C:\Users\ub02-glab-047\Downloads\data_2\data\sales\SALES_S02_20241116.csv"
"SALES_S02_20241117.csv","S02","2024-11-17","0","C:\Users\ub02-glab-047\Downloads\data_2\data\sales\SALES_S02_20241117.csv"
"SALES_S02_20241118.csv","S02","2024-11-18","0","C:\Users\ub02-glab-047\Downloads\data_2\data\sales\SALES_S02_20241118.csv"
"SALES_S02_20241119.csv","S02","2024-11-19","0","C:\Users\ub02-glab-047\Downloads\data_2\data\sales\SALES_S02_20241119.csv"
"SALES_S02_20241120.csv","S02","2024-11-20","0","C:\Users\ub02-glab-047\Downloads\data_2\data\sales\SALES_S02_20241120.csv"
"SALES_S02_20241121.csv","S02","2024-11-21","0","C:\Users\ub02-glab-047\Downloads\data_2\data\sales\SALES_S02_20241121.csv"
"SALES_S02_20241122.csv","S02","2024-11-22","0","C:\Users\ub02-glab-047\Downloads\data_2\data\sales\SALES_S02_20241122.csv"
"SALES_S02_20241123.csv","S02","2024-11-23","0","C:\Users\ub02-glab-047\Downloads\data_2\data\sales\SALES_S02_20241123.csv"
"SALES_S02_20241124.csv","S02","2024-11-24","0","C:\Users\ub02-glab-047\Downloads\data_2\data\sales\SALES_S02_20241124.csv"
"SALES_S02_20241125.csv","S02","2024-11-25","0","C:\Users\ub02-glab-047\Downloads\data_2\data\sales\SALES_S02_20241125.csv"
"SALES_S02_20241126.csv","S02","2024-11-26","0","C:\Users\ub02-glab-047\Downloads\data_2\data\sales\SALES_S02_20241126.csv"
"SALES_S02_20241127.csv","S02","2024-11-27","0","C:\Users\ub02-glab-047\Downloads\data_2\data\sales\SALES_S02_20241127.csv"
"SALES_S02_20241128.csv","S02","2024-11-28","0","C:\Users\ub02-glab-047\Downloads\data_2\data\sales\SALES_S02_20241128.csv"
"SALES_S02_20241129.csv","S02","2024-11-29","0","C:\Users\ub02-glab-047\Downloads\data_2\data\sales\SALES_S02_20241129.csv"
"SALES_S02_20241130.csv","S02","2024-11-30","0","C:\Users\ub02-glab-047\Downloads\data_2\data\sales\SALES_S02_20241130.csv"
"SALES_S02_20241130__R1.csv","S02","2024-11-30","1","C:\Users\ub02-glab-047\Downloads\data_2\data\sales\SALES_S02_20241130__R1.csv"
"SALES_S02_20241201.csv","S02","2024-12-01","0","C:\Users\ub02-glab-047\Downloads\data_2\data\sales\SALES_S02_20241201.csv"
"SALES_S02_20241202.csv","S02","2024-12-02","0","C:\Users\ub02-glab-047\Downloads\data_2\data\sales\SALES_S02_20241202.csv"
"SALES_S02_20241203.csv","S02","2024-12-03","0","C:\Users\ub02-glab-047\Downloads\data_2\data\sales\SALES_S02_20241203.csv"
"SALES_S02_20241204.csv","S02","2024-12-04","0","C:\Users\ub02-glab-047\Downloads\data_2\data\sales\SALES_S02_20241204.csv"
"SALES_S02_20241205.csv","S02","2024-12-05","0","C:\Users\ub02-glab-047\Downloads\data_2\data\sales\SALES_S02_20241205.csv"
"SALES_S02_20241206.csv","S02","2024-12-06","0","C:\Users\ub02-glab-047\Downloads\data_2\data\sales\SALES_S02_20241206.csv"
"SALES_S02_20241207.csv","S02","2024-12-07","0","C:\Users\ub02-glab-047\Downloads\data_2\data\sales\SALES_S02_20241207.csv"
"SALES_S02_20241208.csv","S02","2024-12-08","0","C:\Users\ub02-glab-047\Downloads\data_2\data\sales\SALES_S02_20241208.csv"
"SALES_S02_20241209.csv","S02","2024-12-09","0","C:\Users\ub02-glab-047\Downloads\data_2\data\sales\SALES_S02_20241209.csv"
"SALES_S02_20241210.csv","S02","2024-12-10","0","C:\Users\ub02-glab-047\Downloads\data_2\data\sales\SALES_S02_20241210.csv"
"SALES_S02_20241211.csv","S02","2024-12-11","0","C:\Users\ub02-glab-047\Downloads\data_2\data\sales\SALES_S02_20241211.csv"
"SALES_S02_20241212.csv","S02","2024-12-12","0","C:\Users\ub02-glab-047\Downloads\data_2\data\sales\SALES_S02_20241212.csv"
"SALES_S02_20241213.csv","S02","2024-12-13","0","C:\Users\ub02-glab-047\Downloads\data_2\data\sales\SALES_S02_20241213.csv"
"SALES_S02_20241214.csv","S02","2024-12-14","0","C:\Users\ub02-glab-047\Downloads\data_2\data\sales\SALES_S02_20241214.csv"
"SALES_S02_20241215.csv","S02","2024-12-15","0","C:\Users\ub02-glab-047\Downloads\data_2\data\sales\SALES_S02_20241215.csv"
"SALES_S02_20241216.csv","S02","2024-12-16","0","C:\Users\ub02-glab-047\Downloads\data_2\data\sales\SALES_S02_20241216.csv"
"SALES_S02_20241217.csv","S02","2024-12-17","0","C:\Users\ub02-glab-047\Downloads\data_2\data\sales\SALES_S02_20241217.csv"
"SALES_S02_20241218.csv","S02","2024-12-18","0","C:\Users\ub02-glab-047\Downloads\data_2\data\sales\SALES_S02_20241218.csv"
"SALES_S02_20241219.csv","S02","2024-12-19","0","C:\Users\ub02-glab-047\Downloads\data_2\data\sales\SALES_S02_20241219.csv"
"SALES_S02_20241220.csv","S02","2024-12-20","0","C:\Users\ub02-glab-047\Downloads\data_2\data\sales\SALES_S02_20241220.csv"
"SALES_S02_20241221.csv","S02","2024-12-21","0","C:\Users\ub02-glab-047\Downloads\data_2\data\sales\SALES_S02_20241221.csv"
"SALES_S02_20241222.csv","S02","2024-12-22","0","C:\Users\ub02-glab-047\Downloads\data_2\data\sales\SALES_S02_20241222.csv"
"SALES_S02_20241223.csv","S02","2024-12-23","0","C:\Users\ub02-glab-047\Downloads\data_2\data\sales\SALES_S02_20241223.csv"
"SALES_S02_20241224.csv","S02","2024-12-24","0","C:\Users\ub02-glab-047\Downloads\data_2\data\sales\SALES_S02_20241224.csv"
"SALES_S02_20241225.csv","S02","2024-12-25","0","C:\Users\ub02-glab-047\Downloads\data_2\data\sales\SALES_S02_20241225.csv"
"SALES_S02_20241226.csv","S02","2024-12-26","0","C:\Users\ub02-glab-047\Downloads\data_2\data\sales\SALES_S02_20241226.csv"
"SALES_S02_20241227.csv","S02","2024-12-27","0","C:\Users\ub02-glab-047\Downloads\data_2\data\sales\SALES_S02_20241227.csv"
"SALES_S02_20241228.csv","S02","2024-12-28","0","C:\Users\ub02-glab-047\Downloads\data_2\data\sales\SALES_S02_20241228.csv"
"SALES_S02_20241229.csv","S02","2024-12-29","0","C:\Users\ub02-glab-047\Downloads\data_2\data\sales\SALES_S02_20241229.csv"
"SALES_S02_20241230.csv","S02","2024-12-30","0","C:\Users\ub02-glab-047\Downloads\data_2\data\sales\SALES_S02_20241230.csv"
"SALES_S02_20241231.csv","S02","2024-12-31","0","C:\Users\ub02-glab-047\Downloads\data_2\data\sales\SALES_S02_20241231.csv"
"SALES_S03_20240101.csv","S03","2024-01-01","0","C:\Users\ub02-glab-047\Downloads\data_2\data\sales\SALES_S03_20240101.csv"
"SALES_S03_20240102.csv","S03","2024-01-02","0","C:\Users\ub02-glab-047\Downloads\data_2\data\sales\SALES_S03_20240102.csv"
"SALES_S03_20240103.csv","S03","2024-01-03","0","C:\Users\ub02-glab-047\Downloads\data_2\data\sales\SALES_S03_20240103.csv"
"SALES_S03_20240104.csv","S03","2024-01-04","0","C:\Users\ub02-glab-047\Downloads\data_2\data\sales\SALES_S03_20240104.csv"
"SALES_S03_20240105.csv","S03","2024-01-05","0","C:\Users\ub02-glab-047\Downloads\data_2\data\sales\SALES_S03_20240105.csv"
"SALES_S03_20240106.csv","S03","2024-01-06","0","C:\Users\ub02-glab-047\Downloads\data_2\data\sales\SALES_S03_20240106.csv"
"SALES_S03_20240107.csv","S03","2024-01-07","0","C:\Users\ub02-glab-047\Downloads\data_2\data\sales\SALES_S03_20240107.csv"
"SALES_S03_20240108.csv","S03","2024-01-08","0","C:\Users\ub02-glab-047\Downloads\data_2\data\sales\SALES_S03_20240108.csv"
"SALES_S03_20240109.csv","S03","2024-01-09","0","C:\Users\ub02-glab-047\Downloads\data_2\data\sales\SALES_S03_20240109.csv"
"SALES_S03_20240110.csv","S03","2024-01-10","0","C:\Users\ub02-glab-047\Downloads\data_2\data\sales\SALES_S03_20240110.csv"
"SALES_S03_20240111.csv","S03","2024-01-11","0","C:\Users\ub02-glab-047\Downloads\data_2\data\sales\SALES_S03_20240111.csv"
"SALES_S03_20240112.csv","S03","2024-01-12","0","C:\Users\ub02-glab-047\Downloads\data_2\data\sales\SALES_S03_20240112.csv"
"SALES_S03_20240113.csv","S03","2024-01-13","0","C:\Users\ub02-glab-047\Downloads\data_2\data\sales\SALES_S03_20240113.csv"
"SALES_S03_20240114.csv","S03","2024-01-14","0","C:\Users\ub02-glab-047\Downloads\data_2\data\sales\SALES_S03_20240114.csv"
"SALES_S03_20240115.csv","S03","2024-01-15","0","C:\Users\ub02-glab-047\Downloads\data_2\data\sales\SALES_S03_20240115.csv"
"SALES_S03_20240116.csv","S03","2024-01-16","0","C:\Users\ub02-glab-047\Downloads\data_2\data\sales\SALES_S03_20240116.csv"
"SALES_S03_20240117.csv","S03","2024-01-17","0","C:\Users\ub02-glab-047\Downloads\data_2\data\sales\SALES_S03_20240117.csv"
"SALES_S03_20240118.csv","S03","2024-01-18","0","C:\Users\ub02-glab-047\Downloads\data_2\data\sales\SALES_S03_20240118.csv"
"SALES_S03_20240119.csv","S03","2024-01-19","0","C:\Users\ub02-glab-047\Downloads\data_2\data\sales\SALES_S03_20240119.csv"
"SALES_S03_20240120.csv","S03","2024-01-20","0","C:\Users\ub02-glab-047\Downloads\data_2\data\sales\SALES_S03_20240120.csv"
"SALES_S03_20240121.csv","S03","2024-01-21","0","C:\Users\ub02-glab-047\Downloads\data_2\data\sales\SALES_S03_20240121.csv"
"SALES_S03_20240122.csv","S03","2024-01-22","0","C:\Users\ub02-glab-047\Downloads\data_2\data\sales\SALES_S03_20240122.csv"
"SALES_S03_20240123.csv","S03","2024-01-23","0","C:\Users\ub02-glab-047\Downloads\data_2\data\sales\SALES_S03_20240123.csv"
"SALES_S03_20240124.csv","S03","2024-01-24","0","C:\Users\ub02-glab-047\Downloads\data_2\data\sales\SALES_S03_20240124.csv"
"SALES_S03_20240125.csv","S03","2024-01-25","0","C:\Users\ub02-glab-047\Downloads\data_2\data\sales\SALES_S03_20240125.csv"
"SALES_S03_20240126.csv","S03","2024-01-26","0","C:\Users\ub02-glab-047\Downloads\data_2\data\sales\SALES_S03_20240126.csv"
"SALES_S03_20240127.csv","S03","2024-01-27","0","C:\Users\ub02-glab-047\Downloads\data_2\data\sales\SALES_S03_20240127.csv"
"SALES_S03_20240128.csv","S03","2024-01-28","0","C:\Users\ub02-glab-047\Downloads\data_2\data\sales\SALES_S03_20240128.csv"
"SALES_S03_20240129.csv","S03","2024-01-29","0","C:\Users\ub02-glab-047\Downloads\data_2\data\sales\SALES_S03_20240129.csv"
"SALES_S03_20240130.csv","S03","2024-01-30","0","C:\Users\ub02-glab-047\Downloads\data_2\data\sales\SALES_S03_20240130.csv"
"SALES_S03_20240131.csv","S03","2024-01-31","0","C:\Users\ub02-glab-047\Downloads\data_2\data\sales\SALES_S03_20240131.csv"
"SALES_S03_20240201.csv","S03","2024-02-01","0","C:\Users\ub02-glab-047\Downloads\data_2\data\sales\SALES_S03_20240201.csv"
"SALES_S03_20240202.csv","S03","2024-02-02","0","C:\Users\ub02-glab-047\Downloads\data_2\data\sales\SALES_S03_20240202.csv"
"SALES_S03_20240203.csv","S03","2024-02-03","0","C:\Users\ub02-glab-047\Downloads\data_2\data\sales\SALES_S03_20240203.csv"
"SALES_S03_20240204.csv","S03","2024-02-04","0","C:\Users\ub02-glab-047\Downloads\data_2\data\sales\SALES_S03_20240204.csv"
"SALES_S03_20240205.csv","S03","2024-02-05","0","C:\Users\ub02-glab-047\Downloads\data_2\data\sales\SALES_S03_20240205.csv"
"SALES_S03_20240206.csv","S03","2024-02-06","0","C:\Users\ub02-glab-047\Downloads\data_2\data\sales\SALES_S03_20240206.csv"
"SALES_S03_20240207.csv","S03","2024-02-07","0","C:\Users\ub02-glab-047\Downloads\data_2\data\sales\SALES_S03_20240207.csv"
"SALES_S03_20240208.csv","S03","2024-02-08","0","C:\Users\ub02-glab-047\Downloads\data_2\data\sales\SALES_S03_20240208.csv"
"SALES_S03_20240209.csv","S03","2024-02-09","0","C:\Users\ub02-glab-047\Downloads\data_2\data\sales\SALES_S03_20240209.csv"
"SALES_S03_20240210.csv","S03","2024-02-10","0","C:\Users\ub02-glab-047\Downloads\data_2\data\sales\SALES_S03_20240210.csv"
"SALES_S03_20240211.csv","S03","2024-02-11","0","C:\Users\ub02-glab-047\Downloads\data_2\data\sales\SALES_S03_20240211.csv"
"SALES_S03_20240212.csv","S03","2024-02-12","0","C:\Users\ub02-glab-047\Downloads\data_2\data\sales\SALES_S03_20240212.csv"
"SALES_S03_20240213.csv","S03","2024-02-13","0","C:\Users\ub02-glab-047\Downloads\data_2\data\sales\SALES_S03_20240213.csv"
"SALES_S03_20240214.csv","S03","2024-02-14","0","C:\Users\ub02-glab-047\Downloads\data_2\data\sales\SALES_S03_20240214.csv"
"SALES_S03_20240215.csv","S03","2024-02-15","0","C:\Users\ub02-glab-047\Downloads\data_2\data\sales\SALES_S03_20240215.csv"
"SALES_S03_20240216.csv","S03","2024-02-16","0","C:\Users\ub02-glab-047\Downloads\data_2\data\sales\SALES_S03_20240216.csv"
"SALES_S03_20240217.csv","S03","2024-02-17","0","C:\Users\ub02-glab-047\Downloads\data_2\data\sales\SALES_S03_20240217.csv"
"SALES_S03_20240218.csv","S03","2024-02-18","0","C:\Users\ub02-glab-047\Downloads\data_2\data\sales\SALES_S03_20240218.csv"
"SALES_S03_20240219.csv","S03","2024-02-19","0","C:\Users\ub02-glab-047\Downloads\data_2\data\sales\SALES_S03_20240219.csv"
"SALES_S03_20240220.csv","S03","2024-02-20","0","C:\Users\ub02-glab-047\Downloads\data_2\data\sales\SALES_S03_20240220.csv"
"SALES_S03_20240221.csv","S03","2024-02-21","0","C:\Users\ub02-glab-047\Downloads\data_2\data\sales\SALES_S03_20240221.csv"
"SALES_S03_20240222.csv","S03","2024-02-22","0","C:\Users\ub02-glab-047\Downloads\data_2\data\sales\SALES_S03_20240222.csv"
"SALES_S03_20240223.csv","S03","2024-02-23","0","C:\Users\ub02-glab-047\Downloads\data_2\data\sales\SALES_S03_20240223.csv"
"SALES_S03_20240224.csv","S03","2024-02-24","0","C:\Users\ub02-glab-047\Downloads\data_2\data\sales\SALES_S03_20240224.csv"
"SALES_S03_20240225.csv","S03","2024-02-25","0","C:\Users\ub02-glab-047\Downloads\data_2\data\sales\SALES_S03_20240225.csv"
"SALES_S03_20240226.csv","S03","2024-02-26","0","C:\Users\ub02-glab-047\Downloads\data_2\data\sales\SALES_S03_20240226.csv"
"SALES_S03_20240227.csv","S03","2024-02-27","0","C:\Users\ub02-glab-047\Downloads\data_2\data\sales\SALES_S03_20240227.csv"
"SALES_S03_20240228.csv","S03","2024-02-28","0","C:\Users\ub02-glab-047\Downloads\data_2\data\sales\SALES_S03_20240228.csv"
"SALES_S03_20240229.csv","S03","2024-02-29","0","C:\Users\ub02-glab-047\Downloads\data_2\data\sales\SALES_S03_20240229.csv"
"SALES_S03_20240301.csv","S03","2024-03-01","0","C:\Users\ub02-glab-047\Downloads\data_2\data\sales\SALES_S03_20240301.csv"
"SALES_S03_20240302.csv","S03","2024-03-02","0","C:\Users\ub02-glab-047\Downloads\data_2\data\sales\SALES_S03_20240302.csv"
"SALES_S03_20240303.csv","S03","2024-03-03","0","C:\Users\ub02-glab-047\Downloads\data_2\data\sales\SALES_S03_20240303.csv"
"SALES_S03_20240304.csv","S03","2024-03-04","0","C:\Users\ub02-glab-047\Downloads\data_2\data\sales\SALES_S03_20240304.csv"
"SALES_S03_20240305.csv","S03","2024-03-05","0","C:\Users\ub02-glab-047\Downloads\data_2\data\sales\SALES_S03_20240305.csv"
"SALES_S03_20240306.csv","S03","2024-03-06","0","C:\Users\ub02-glab-047\Downloads\data_2\data\sales\SALES_S03_20240306.csv"
"SALES_S03_20240307.csv","S03","2024-03-07","0","C:\Users\ub02-glab-047\Downloads\data_2\data\sales\SALES_S03_20240307.csv"
"SALES_S03_20240308.csv","S03","2024-03-08","0","C:\Users\ub02-glab-047\Downloads\data_2\data\sales\SALES_S03_20240308.csv"
"SALES_S03_20240309.csv","S03","2024-03-09","0","C:\Users\ub02-glab-047\Downloads\data_2\data\sales\SALES_S03_20240309.csv"
"SALES_S03_20240310.csv","S03","2024-03-10","0","C:\Users\ub02-glab-047\Downloads\data_2\data\sales\SALES_S03_20240310.csv"
"SALES_S03_20240311.csv","S03","2024-03-11","0","C:\Users\ub02-glab-047\Downloads\data_2\data\sales\SALES_S03_20240311.csv"
"SALES_S03_20240312.csv","S03","2024-03-12","0","C:\Users\ub02-glab-047\Downloads\data_2\data\sales\SALES_S03_20240312.csv"
"SALES_S03_20240313.csv","S03","2024-03-13","0","C:\Users\ub02-glab-047\Downloads\data_2\data\sales\SALES_S03_20240313.csv"
"SALES_S03_20240314.csv","S03","2024-03-14","0","C:\Users\ub02-glab-047\Downloads\data_2\data\sales\SALES_S03_20240314.csv"
"SALES_S03_20240315.csv","S03","2024-03-15","0","C:\Users\ub02-glab-047\Downloads\data_2\data\sales\SALES_S03_20240315.csv"
"SALES_S03_20240316.csv","S03","2024-03-16","0","C:\Users\ub02-glab-047\Downloads\data_2\data\sales\SALES_S03_20240316.csv"
"SALES_S03_20240317.csv","S03","2024-03-17","0","C:\Users\ub02-glab-047\Downloads\data_2\data\sales\SALES_S03_20240317.csv"
"SALES_S03_20240318.csv","S03","2024-03-18","0","C:\Users\ub02-glab-047\Downloads\data_2\data\sales\SALES_S03_20240318.csv"
"SALES_S03_20240319.csv","S03","2024-03-19","0","C:\Users\ub02-glab-047\Downloads\data_2\data\sales\SALES_S03_20240319.csv"
"SALES_S03_20240320.csv","S03","2024-03-20","0","C:\Users\ub02-glab-047\Downloads\data_2\data\sales\SALES_S03_20240320.csv"
"SALES_S03_20240321.csv","S03","2024-03-21","0","C:\Users\ub02-glab-047\Downloads\data_2\data\sales\SALES_S03_20240321.csv"
"SALES_S03_20240322.csv","S03","2024-03-22","0","C:\Users\ub02-glab-047\Downloads\data_2\data\sales\SALES_S03_20240322.csv"
"SALES_S03_20240323.csv","S03","2024-03-23","0","C:\Users\ub02-glab-047\Downloads\data_2\data\sales\SALES_S03_20240323.csv"
"SALES_S03_20240324.csv","S03","2024-03-24","0","C:\Users\ub02-glab-047\Downloads\data_2\data\sales\SALES_S03_20240324.csv"
"SALES_S03_20240325.csv","S03","2024-03-25","0","C:\Users\ub02-glab-047\Downloads\data_2\data\sales\SALES_S03_20240325.csv"
"SALES_S03_20240326.csv","S03","2024-03-26","0","C:\Users\ub02-glab-047\Downloads\data_2\data\sales\SALES_S03_20240326.csv"
"SALES_S03_20240327.csv","S03","2024-03-27","0","C:\Users\ub02-glab-047\Downloads\data_2\data\sales\SALES_S03_20240327.csv"
"SALES_S03_20240328.csv","S03","2024-03-28","0","C:\Users\ub02-glab-047\Downloads\data_2\data\sales\SALES_S03_20240328.csv"
"SALES_S03_20240329.csv","S03","2024-03-29","0","C:\Users\ub02-glab-047\Downloads\data_2\data\sales\SALES_S03_20240329.csv"
"SALES_S03_20240330.csv","S03","2024-03-30","0","C:\Users\ub02-glab-047\Downloads\data_2\data\sales\SALES_S03_20240330.csv"
"SALES_S03_20240331.csv","S03","2024-03-31","0","C:\Users\ub02-glab-047\Downloads\data_2\data\sales\SALES_S03_20240331.csv"
"SALES_S03_20240401.csv","S03","2024-04-01","0","C:\Users\ub02-glab-047\Downloads\data_2\data\sales\SALES_S03_20240401.csv"
"SALES_S03_20240402.csv","S03","2024-04-02","0","C:\Users\ub02-glab-047\Downloads\data_2\data\sales\SALES_S03_20240402.csv"
"SALES_S03_20240403.csv","S03","2024-04-03","0","C:\Users\ub02-glab-047\Downloads\data_2\data\sales\SALES_S03_20240403.csv"
"SALES_S03_20240404.csv","S03","2024-04-04","0","C:\Users\ub02-glab-047\Downloads\data_2\data\sales\SALES_S03_20240404.csv"
"SALES_S03_20240405.csv","S03","2024-04-05","0","C:\Users\ub02-glab-047\Downloads\data_2\data\sales\SALES_S03_20240405.csv"
"SALES_S03_20240406.csv","S03","2024-04-06","0","C:\Users\ub02-glab-047\Downloads\data_2\data\sales\SALES_S03_20240406.csv"
"SALES_S03_20240407.csv","S03","2024-04-07","0","C:\Users\ub02-glab-047\Downloads\data_2\data\sales\SALES_S03_20240407.csv"
"SALES_S03_20240408.csv","S03","2024-04-08","0","C:\Users\ub02-glab-047\Downloads\data_2\data\sales\SALES_S03_20240408.csv"
"SALES_S03_20240409.csv","S03","2024-04-09","0","C:\Users\ub02-glab-047\Downloads\data_2\data\sales\SALES_S03_20240409.csv"
"SALES_S03_20240410.csv","S03","2024-04-10","0","C:\Users\ub02-glab-047\Downloads\data_2\data\sales\SALES_S03_20240410.csv"
"SALES_S03_20240411.csv","S03","2024-04-11","0","C:\Users\ub02-glab-047\Downloads\data_2\data\sales\SALES_S03_20240411.csv"
"SALES_S03_20240412.csv","S03","2024-04-12","0","C:\Users\ub02-glab-047\Downloads\data_2\data\sales\SALES_S03_20240412.csv"
"SALES_S03_20240413.csv","S03","2024-04-13","0","C:\Users\ub02-glab-047\Downloads\data_2\data\sales\SALES_S03_20240413.csv"
"SALES_S03_20240414.csv","S03","2024-04-14","0","C:\Users\ub02-glab-047\Downloads\data_2\data\sales\SALES_S03_20240414.csv"
"SALES_S03_20240415.csv","S03","2024-04-15","0","C:\Users\ub02-glab-047\Downloads\data_2\data\sales\SALES_S03_20240415.csv"
"SALES_S03_20240416.csv","S03","2024-04-16","0","C:\Users\ub02-glab-047\Downloads\data_2\data\sales\SALES_S03_20240416.csv"
"SALES_S03_20240417.csv","S03","2024-04-17","0","C:\Users\ub02-glab-047\Downloads\data_2\data\sales\SALES_S03_20240417.csv"
"SALES_S03_20240418.csv","S03","2024-04-18","0","C:\Users\ub02-glab-047\Downloads\data_2\data\sales\SALES_S03_20240418.csv"
"SALES_S03_20240419.csv","S03","2024-04-19","0","C:\Users\ub02-glab-047\Downloads\data_2\data\sales\SALES_S03_20240419.csv"
"SALES_S03_20240420.csv","S03","2024-04-20","0","C:\Users\ub02-glab-047\Downloads\data_2\data\sales\SALES_S03_20240420.csv"
"SALES_S03_20240421.csv","S03","2024-04-21","0","C:\Users\ub02-glab-047\Downloads\data_2\data\sales\SALES_S03_20240421.csv"
"SALES_S03_20240422.csv","S03","2024-04-22","0","C:\Users\ub02-glab-047\Downloads\data_2\data\sales\SALES_S03_20240422.csv"
"SALES_S03_20240423.csv","S03","2024-04-23","0","C:\Users\ub02-glab-047\Downloads\data_2\data\sales\SALES_S03_20240423.csv"
"SALES_S03_20240424.csv","S03","2024-04-24","0","C:\Users\ub02-glab-047\Downloads\data_2\data\sales\SALES_S03_20240424.csv"
"SALES_S03_20240425.csv","S03","2024-04-25","0","C:\Users\ub02-glab-047\Downloads\data_2\data\sales\SALES_S03_20240425.csv"
"SALES_S03_20240426.csv","S03","2024-04-26","0","C:\Users\ub02-glab-047\Downloads\data_2\data\sales\SALES_S03_20240426.csv"
"SALES_S03_20240427.csv","S03","2024-04-27","0","C:\Users\ub02-glab-047\Downloads\data_2\data\sales\SALES_S03_20240427.csv"
"SALES_S03_20240428.csv","S03","2024-04-28","0","C:\Users\ub02-glab-047\Downloads\data_2\data\sales\SALES_S03_20240428.csv"
"SALES_S03_20240429.csv","S03","2024-04-29","0","C:\Users\ub02-glab-047\Downloads\data_2\data\sales\SALES_S03_20240429.csv"
"SALES_S03_20240430.csv","S03","2024-04-30","0","C:\Users\ub02-glab-047\Downloads\data_2\data\sales\SALES_S03_20240430.csv"
"SALES_S03_20240501.csv","S03","2024-05-01","0","C:\Users\ub02-glab-047\Downloads\data_2\data\sales\SALES_S03_20240501.csv"
"SALES_S03_20240502.csv","S03","2024-05-02","0","C:\Users\ub02-glab-047\Downloads\data_2\data\sales\SALES_S03_20240502.csv"
"SALES_S03_20240503.csv","S03","2024-05-03","0","C:\Users\ub02-glab-047\Downloads\data_2\data\sales\SALES_S03_20240503.csv"
"SALES_S03_20240504.csv","S03","2024-05-04","0","C:\Users\ub02-glab-047\Downloads\data_2\data\sales\SALES_S03_20240504.csv"
"SALES_S03_20240505.csv","S03","2024-05-05","0","C:\Users\ub02-glab-047\Downloads\data_2\data\sales\SALES_S03_20240505.csv"
"SALES_S03_20240506.csv","S03","2024-05-06","0","C:\Users\ub02-glab-047\Downloads\data_2\data\sales\SALES_S03_20240506.csv"
"SALES_S03_20240507.csv","S03","2024-05-07","0","C:\Users\ub02-glab-047\Downloads\data_2\data\sales\SALES_S03_20240507.csv"
"SALES_S03_20240508.csv","S03","2024-05-08","0","C:\Users\ub02-glab-047\Downloads\data_2\data\sales\SALES_S03_20240508.csv"
"SALES_S03_20240509.csv","S03","2024-05-09","0","C:\Users\ub02-glab-047\Downloads\data_2\data\sales\SALES_S03_20240509.csv"
"SALES_S03_20240510.csv","S03","2024-05-10","0","C:\Users\ub02-glab-047\Downloads\data_2\data\sales\SALES_S03_20240510.csv"
"SALES_S03_20240511.csv","S03","2024-05-11","0","C:\Users\ub02-glab-047\Downloads\data_2\data\sales\SALES_S03_20240511.csv"
"SALES_S03_20240512.csv","S03","2024-05-12","0","C:\Users\ub02-glab-047\Downloads\data_2\data\sales\SALES_S03_20240512.csv"
"SALES_S03_20240513.csv","S03","2024-05-13","0","C:\Users\ub02-glab-047\Downloads\data_2\data\sales\SALES_S03_20240513.csv"
"SALES_S03_20240514.csv","S03","2024-05-14","0","C:\Users\ub02-glab-047\Downloads\data_2\data\sales\SALES_S03_20240514.csv"
"SALES_S03_20240515.csv","S03","2024-05-15","0","C:\Users\ub02-glab-047\Downloads\data_2\data\sales\SALES_S03_20240515.csv"
"SALES_S03_20240516.csv","S03","2024-05-16","0","C:\Users\ub02-glab-047\Downloads\data_2\data\sales\SALES_S03_20240516.csv"
"SALES_S03_20240517.csv","S03","2024-05-17","0","C:\Users\ub02-glab-047\Downloads\data_2\data\sales\SALES_S03_20240517.csv"
"SALES_S03_20240518.csv","S03","2024-05-18","0","C:\Users\ub02-glab-047\Downloads\data_2\data\sales\SALES_S03_20240518.csv"
"SALES_S03_20240519.csv","S03","2024-05-19","0","C:\Users\ub02-glab-047\Downloads\data_2\data\sales\SALES_S03_20240519.csv"
"SALES_S03_20240520.csv","S03","2024-05-20","0","C:\Users\ub02-glab-047\Downloads\data_2\data\sales\SALES_S03_20240520.csv"
"SALES_S03_20240521.csv","S03","2024-05-21","0","C:\Users\ub02-glab-047\Downloads\data_2\data\sales\SALES_S03_20240521.csv"
"SALES_S03_20240522.csv","S03","2024-05-22","0","C:\Users\ub02-glab-047\Downloads\data_2\data\sales\SALES_S03_20240522.csv"
"SALES_S03_20240523.csv","S03","2024-05-23","0","C:\Users\ub02-glab-047\Downloads\data_2\data\sales\SALES_S03_20240523.csv"
"SALES_S03_20240524.csv","S03","2024-05-24","0","C:\Users\ub02-glab-047\Downloads\data_2\data\sales\SALES_S03_20240524.csv"
"SALES_S03_20240525.csv","S03","2024-05-25","0","C:\Users\ub02-glab-047\Downloads\data_2\data\sales\SALES_S03_20240525.csv"
"SALES_S03_20240526.csv","S03","2024-05-26","0","C:\Users\ub02-glab-047\Downloads\data_2\data\sales\SALES_S03_20240526.csv"
"SALES_S03_20240527.csv","S03","2024-05-27","0","C:\Users\ub02-glab-047\Downloads\data_2\data\sales\SALES_S03_20240527.csv"
"SALES_S03_20240528.csv","S03","2024-05-28","0","C:\Users\ub02-glab-047\Downloads\data_2\data\sales\SALES_S03_20240528.csv"
"SALES_S03_20240529.csv","S03","2024-05-29","0","C:\Users\ub02-glab-047\Downloads\data_2\data\sales\SALES_S03_20240529.csv"
"SALES_S03_20240530.csv","S03","2024-05-30","0","C:\Users\ub02-glab-047\Downloads\data_2\data\sales\SALES_S03_20240530.csv"
"SALES_S03_20240531.csv","S03","2024-05-31","0","C:\Users\ub02-glab-047\Downloads\data_2\data\sales\SALES_S03_20240531.csv"
"SALES_S03_20240601.csv","S03","2024-06-01","0","C:\Users\ub02-glab-047\Downloads\data_2\data\sales\SALES_S03_20240601.csv"
"SALES_S03_20240602.csv","S03","2024-06-02","0","C:\Users\ub02-glab-047\Downloads\data_2\data\sales\SALES_S03_20240602.csv"
"SALES_S03_20240603.csv","S03","2024-06-03","0","C:\Users\ub02-glab-047\Downloads\data_2\data\sales\SALES_S03_20240603.csv"
"SALES_S03_20240604.csv","S03","2024-06-04","0","C:\Users\ub02-glab-047\Downloads\data_2\data\sales\SALES_S03_20240604.csv"
"SALES_S03_20240605.csv","S03","2024-06-05","0","C:\Users\ub02-glab-047\Downloads\data_2\data\sales\SALES_S03_20240605.csv"
"SALES_S03_20240606.csv","S03","2024-06-06","0","C:\Users\ub02-glab-047\Downloads\data_2\data\sales\SALES_S03_20240606.csv"
"SALES_S03_20240607.csv","S03","2024-06-07","0","C:\Users\ub02-glab-047\Downloads\data_2\data\sales\SALES_S03_20240607.csv"
"SALES_S03_20240608.csv","S03","2024-06-08","0","C:\Users\ub02-glab-047\Downloads\data_2\data\sales\SALES_S03_20240608.csv"
"SALES_S03_20240609.csv","S03","2024-06-09","0","C:\Users\ub02-glab-047\Downloads\data_2\data\sales\SALES_S03_20240609.csv"
"SALES_S03_20240610.csv","S03","2024-06-10","0","C:\Users\ub02-glab-047\Downloads\data_2\data\sales\SALES_S03_20240610.csv"
"SALES_S03_20240611.csv","S03","2024-06-11","0","C:\Users\ub02-glab-047\Downloads\data_2\data\sales\SALES_S03_20240611.csv"
"SALES_S03_20240612.csv","S03","2024-06-12","0","C:\Users\ub02-glab-047\Downloads\data_2\data\sales\SALES_S03_20240612.csv"
"SALES_S03_20240613.csv","S03","2024-06-13","0","C:\Users\ub02-glab-047\Downloads\data_2\data\sales\SALES_S03_20240613.csv"
"SALES_S03_20240614.csv","S03","2024-06-14","0","C:\Users\ub02-glab-047\Downloads\data_2\data\sales\SALES_S03_20240614.csv"
"SALES_S03_20240615.csv","S03","2024-06-15","0","C:\Users\ub02-glab-047\Downloads\data_2\data\sales\SALES_S03_20240615.csv"
"SALES_S03_20240616.csv","S03","2024-06-16","0","C:\Users\ub02-glab-047\Downloads\data_2\data\sales\SALES_S03_20240616.csv"
"SALES_S03_20240617.csv","S03","2024-06-17","0","C:\Users\ub02-glab-047\Downloads\data_2\data\sales\SALES_S03_20240617.csv"
"SALES_S03_20240618.csv","S03","2024-06-18","0","C:\Users\ub02-glab-047\Downloads\data_2\data\sales\SALES_S03_20240618.csv"
"SALES_S03_20240619.csv","S03","2024-06-19","0","C:\Users\ub02-glab-047\Downloads\data_2\data\sales\SALES_S03_20240619.csv"
"SALES_S03_20240620.csv","S03","2024-06-20","0","C:\Users\ub02-glab-047\Downloads\data_2\data\sales\SALES_S03_20240620.csv"
"SALES_S03_20240621.csv","S03","2024-06-21","0","C:\Users\ub02-glab-047\Downloads\data_2\data\sales\SALES_S03_20240621.csv"
"SALES_S03_20240622.csv","S03","2024-06-22","0","C:\Users\ub02-glab-047\Downloads\data_2\data\sales\SALES_S03_20240622.csv"
"SALES_S03_20240623.csv","S03","2024-06-23","0","C:\Users\ub02-glab-047\Downloads\data_2\data\sales\SALES_S03_20240623.csv"
"SALES_S03_20240624.csv","S03","2024-06-24","0","C:\Users\ub02-glab-047\Downloads\data_2\data\sales\SALES_S03_20240624.csv"
"SALES_S03_20240625.csv","S03","2024-06-25","0","C:\Users\ub02-glab-047\Downloads\data_2\data\sales\SALES_S03_20240625.csv"
"SALES_S03_20240626.csv","S03","2024-06-26","0","C:\Users\ub02-glab-047\Downloads\data_2\data\sales\SALES_S03_20240626.csv"
"SALES_S03_20240627.csv","S03","2024-06-27","0","C:\Users\ub02-glab-047\Downloads\data_2\data\sales\SALES_S03_20240627.csv"
"SALES_S03_20240628.csv","S03","2024-06-28","0","C:\Users\ub02-glab-047\Downloads\data_2\data\sales\SALES_S03_20240628.csv"
"SALES_S03_20240629.csv","S03","2024-06-29","0","C:\Users\ub02-glab-047\Downloads\data_2\data\sales\SALES_S03_20240629.csv"
"SALES_S03_20240630.csv","S03","2024-06-30","0","C:\Users\ub02-glab-047\Downloads\data_2\data\sales\SALES_S03_20240630.csv"
"SALES_S03_20240701.csv","S03","2024-07-01","0","C:\Users\ub02-glab-047\Downloads\data_2\data\sales\SALES_S03_20240701.csv"
"SALES_S03_20240702.csv","S03","2024-07-02","0","C:\Users\ub02-glab-047\Downloads\data_2\data\sales\SALES_S03_20240702.csv"
"SALES_S03_20240703.csv","S03","2024-07-03","0","C:\Users\ub02-glab-047\Downloads\data_2\data\sales\SALES_S03_20240703.csv"
"SALES_S03_20240704.csv","S03","2024-07-04","0","C:\Users\ub02-glab-047\Downloads\data_2\data\sales\SALES_S03_20240704.csv"
"SALES_S03_20240705.csv","S03","2024-07-05","0","C:\Users\ub02-glab-047\Downloads\data_2\data\sales\SALES_S03_20240705.csv"
"SALES_S03_20240705__R1.csv","S03","2024-07-05","1","C:\Users\ub02-glab-047\Downloads\data_2\data\sales\SALES_S03_20240705__R1.csv"
"SALES_S03_20240705__R2.csv","S03","2024-07-05","2","C:\Users\ub02-glab-047\Downloads\data_2\data\sales\SALES_S03_20240705__R2.csv"
"SALES_S03_20240706.csv","S03","2024-07-06","0","C:\Users\ub02-glab-047\Downloads\data_2\data\sales\SALES_S03_20240706.csv"
"SALES_S03_20240707.csv","S03","2024-07-07","0","C:\Users\ub02-glab-047\Downloads\data_2\data\sales\SALES_S03_20240707.csv"
"SALES_S03_20240708.csv","S03","2024-07-08","0","C:\Users\ub02-glab-047\Downloads\data_2\data\sales\SALES_S03_20240708.csv"
"SALES_S03_20240709.csv","S03","2024-07-09","0","C:\Users\ub02-glab-047\Downloads\data_2\data\sales\SALES_S03_20240709.csv"
"SALES_S03_20240710.csv","S03","2024-07-10","0","C:\Users\ub02-glab-047\Downloads\data_2\data\sales\SALES_S03_20240710.csv"
"SALES_S03_20240711.csv","S03","2024-07-11","0","C:\Users\ub02-glab-047\Downloads\data_2\data\sales\SALES_S03_20240711.csv"
"SALES_S03_20240712.csv","S03","2024-07-12","0","C:\Users\ub02-glab-047\Downloads\data_2\data\sales\SALES_S03_20240712.csv"
"SALES_S03_20240713.csv","S03","2024-07-13","0","C:\Users\ub02-glab-047\Downloads\data_2\data\sales\SALES_S03_20240713.csv"
"SALES_S03_20240714.csv","S03","2024-07-14","0","C:\Users\ub02-glab-047\Downloads\data_2\data\sales\SALES_S03_20240714.csv"
"SALES_S03_20240715.csv","S03","2024-07-15","0","C:\Users\ub02-glab-047\Downloads\data_2\data\sales\SALES_S03_20240715.csv"
"SALES_S03_20240716.csv","S03","2024-07-16","0","C:\Users\ub02-glab-047\Downloads\data_2\data\sales\SALES_S03_20240716.csv"
"SALES_S03_20240717.csv","S03","2024-07-17","0","C:\Users\ub02-glab-047\Downloads\data_2\data\sales\SALES_S03_20240717.csv"
"SALES_S03_20240718.csv","S03","2024-07-18","0","C:\Users\ub02-glab-047\Downloads\data_2\data\sales\SALES_S03_20240718.csv"
"SALES_S03_20240719.csv","S03","2024-07-19","0","C:\Users\ub02-glab-047\Downloads\data_2\data\sales\SALES_S03_20240719.csv"
"SALES_S03_20240720.csv","S03","2024-07-20","0","C:\Users\ub02-glab-047\Downloads\data_2\data\sales\SALES_S03_20240720.csv"
"SALES_S03_20240721.csv","S03","2024-07-21","0","C:\Users\ub02-glab-047\Downloads\data_2\data\sales\SALES_S03_20240721.csv"
"SALES_S03_20240722.csv","S03","2024-07-22","0","C:\Users\ub02-glab-047\Downloads\data_2\data\sales\SALES_S03_20240722.csv"
"SALES_S03_20240723.csv","S03","2024-07-23","0","C:\Users\ub02-glab-047\Downloads\data_2\data\sales\SALES_S03_20240723.csv"
"SALES_S03_20240724.csv","S03","2024-07-24","0","C:\Users\ub02-glab-047\Downloads\data_2\data\sales\SALES_S03_20240724.csv"
"SALES_S03_20240725.csv","S03","2024-07-25","0","C:\Users\ub02-glab-047\Downloads\data_2\data\sales\SALES_S03_20240725.csv"
"SALES_S03_20240726.csv","S03","2024-07-26","0","C:\Users\ub02-glab-047\Downloads\data_2\data\sales\SALES_S03_20240726.csv"
"SALES_S03_20240727.csv","S03","2024-07-27","0","C:\Users\ub02-glab-047\Downloads\data_2\data\sales\SALES_S03_20240727.csv"
"SALES_S03_20240728.csv","S03","2024-07-28","0","C:\Users\ub02-glab-047\Downloads\data_2\data\sales\SALES_S03_20240728.csv"
"SALES_S03_20240729.csv","S03","2024-07-29","0","C:\Users\ub02-glab-047\Downloads\data_2\data\sales\SALES_S03_20240729.csv"
"SALES_S03_20240730.csv","S03","2024-07-30","0","C:\Users\ub02-glab-047\Downloads\data_2\data\sales\SALES_S03_20240730.csv"
"SALES_S03_20240731.csv","S03","2024-07-31","0","C:\Users\ub02-glab-047\Downloads\data_2\data\sales\SALES_S03_20240731.csv"
"SALES_S03_20240801.csv","S03","2024-08-01","0","C:\Users\ub02-glab-047\Downloads\data_2\data\sales\SALES_S03_20240801.csv"
"SALES_S03_20240802.csv","S03","2024-08-02","0","C:\Users\ub02-glab-047\Downloads\data_2\data\sales\SALES_S03_20240802.csv"
"SALES_S03_20240803.csv","S03","2024-08-03","0","C:\Users\ub02-glab-047\Downloads\data_2\data\sales\SALES_S03_20240803.csv"
"SALES_S03_20240804.csv","S03","2024-08-04","0","C:\Users\ub02-glab-047\Downloads\data_2\data\sales\SALES_S03_20240804.csv"
"SALES_S03_20240805.csv","S03","2024-08-05","0","C:\Users\ub02-glab-047\Downloads\data_2\data\sales\SALES_S03_20240805.csv"
"SALES_S03_20240806.csv","S03","2024-08-06","0","C:\Users\ub02-glab-047\Downloads\data_2\data\sales\SALES_S03_20240806.csv"
"SALES_S03_20240807.csv","S03","2024-08-07","0","C:\Users\ub02-glab-047\Downloads\data_2\data\sales\SALES_S03_20240807.csv"
"SALES_S03_20240808.csv","S03","2024-08-08","0","C:\Users\ub02-glab-047\Downloads\data_2\data\sales\SALES_S03_20240808.csv"
"SALES_S03_20240809.csv","S03","2024-08-09","0","C:\Users\ub02-glab-047\Downloads\data_2\data\sales\SALES_S03_20240809.csv"
"SALES_S03_20240810.csv","S03","2024-08-10","0","C:\Users\ub02-glab-047\Downloads\data_2\data\sales\SALES_S03_20240810.csv"
"SALES_S03_20240811.csv","S03","2024-08-11","0","C:\Users\ub02-glab-047\Downloads\data_2\data\sales\SALES_S03_20240811.csv"
"SALES_S03_20240812.csv","S03","2024-08-12","0","C:\Users\ub02-glab-047\Downloads\data_2\data\sales\SALES_S03_20240812.csv"
"SALES_S03_20240813.csv","S03","2024-08-13","0","C:\Users\ub02-glab-047\Downloads\data_2\data\sales\SALES_S03_20240813.csv"
"SALES_S03_20240814.csv","S03","2024-08-14","0","C:\Users\ub02-glab-047\Downloads\data_2\data\sales\SALES_S03_20240814.csv"
"SALES_S03_20240815.csv","S03","2024-08-15","0","C:\Users\ub02-glab-047\Downloads\data_2\data\sales\SALES_S03_20240815.csv"
"SALES_S03_20240816.csv","S03","2024-08-16","0","C:\Users\ub02-glab-047\Downloads\data_2\data\sales\SALES_S03_20240816.csv"
"SALES_S03_20240817.csv","S03","2024-08-17","0","C:\Users\ub02-glab-047\Downloads\data_2\data\sales\SALES_S03_20240817.csv"
"SALES_S03_20240818.csv","S03","2024-08-18","0","C:\Users\ub02-glab-047\Downloads\data_2\data\sales\SALES_S03_20240818.csv"
"SALES_S03_20240819.csv","S03","2024-08-19","0","C:\Users\ub02-glab-047\Downloads\data_2\data\sales\SALES_S03_20240819.csv"
"SALES_S03_20240820.csv","S03","2024-08-20","0","C:\Users\ub02-glab-047\Downloads\data_2\data\sales\SALES_S03_20240820.csv"
"SALES_S03_20240821.csv","S03","2024-08-21","0","C:\Users\ub02-glab-047\Downloads\data_2\data\sales\SALES_S03_20240821.csv"
"SALES_S03_20240822.csv","S03","2024-08-22","0","C:\Users\ub02-glab-047\Downloads\data_2\data\sales\SALES_S03_20240822.csv"
"SALES_S03_20240823.csv","S03","2024-08-23","0","C:\Users\ub02-glab-047\Downloads\data_2\data\sales\SALES_S03_20240823.csv"
"SALES_S03_20240824.csv","S03","2024-08-24","0","C:\Users\ub02-glab-047\Downloads\data_2\data\sales\SALES_S03_20240824.csv"
"SALES_S03_20240825.csv","S03","2024-08-25","0","C:\Users\ub02-glab-047\Downloads\data_2\data\sales\SALES_S03_20240825.csv"
"SALES_S03_20240826.csv","S03","2024-08-26","0","C:\Users\ub02-glab-047\Downloads\data_2\data\sales\SALES_S03_20240826.csv"
"SALES_S03_20240827.csv","S03","2024-08-27","0","C:\Users\ub02-glab-047\Downloads\data_2\data\sales\SALES_S03_20240827.csv"
"SALES_S03_20240828.csv","S03","2024-08-28","0","C:\Users\ub02-glab-047\Downloads\data_2\data\sales\SALES_S03_20240828.csv"
"SALES_S03_20240829.csv","S03","2024-08-29","0","C:\Users\ub02-glab-047\Downloads\data_2\data\sales\SALES_S03_20240829.csv"
"SALES_S03_20240830.csv","S03","2024-08-30","0","C:\Users\ub02-glab-047\Downloads\data_2\data\sales\SALES_S03_20240830.csv"
"SALES_S03_20240831.csv","S03","2024-08-31","0","C:\Users\ub02-glab-047\Downloads\data_2\data\sales\SALES_S03_20240831.csv"
"SALES_S03_20240901.csv","S03","2024-09-01","0","C:\Users\ub02-glab-047\Downloads\data_2\data\sales\SALES_S03_20240901.csv"
"SALES_S03_20240902.csv","S03","2024-09-02","0","C:\Users\ub02-glab-047\Downloads\data_2\data\sales\SALES_S03_20240902.csv"
"SALES_S03_20240903.csv","S03","2024-09-03","0","C:\Users\ub02-glab-047\Downloads\data_2\data\sales\SALES_S03_20240903.csv"
"SALES_S03_20240904.csv","S03","2024-09-04","0","C:\Users\ub02-glab-047\Downloads\data_2\data\sales\SALES_S03_20240904.csv"
"SALES_S03_20240905.csv","S03","2024-09-05","0","C:\Users\ub02-glab-047\Downloads\data_2\data\sales\SALES_S03_20240905.csv"
"SALES_S03_20240906.csv","S03","2024-09-06","0","C:\Users\ub02-glab-047\Downloads\data_2\data\sales\SALES_S03_20240906.csv"
"SALES_S03_20240907.csv","S03","2024-09-07","0","C:\Users\ub02-glab-047\Downloads\data_2\data\sales\SALES_S03_20240907.csv"
"SALES_S03_20240908.csv","S03","2024-09-08","0","C:\Users\ub02-glab-047\Downloads\data_2\data\sales\SALES_S03_20240908.csv"
"SALES_S03_20240909.csv","S03","2024-09-09","0","C:\Users\ub02-glab-047\Downloads\data_2\data\sales\SALES_S03_20240909.csv"
"SALES_S03_20240910.csv","S03","2024-09-10","0","C:\Users\ub02-glab-047\Downloads\data_2\data\sales\SALES_S03_20240910.csv"
"SALES_S03_20240911.csv","S03","2024-09-11","0","C:\Users\ub02-glab-047\Downloads\data_2\data\sales\SALES_S03_20240911.csv"
"SALES_S03_20240912.csv","S03","2024-09-12","0","C:\Users\ub02-glab-047\Downloads\data_2\data\sales\SALES_S03_20240912.csv"
"SALES_S03_20240913.csv","S03","2024-09-13","0","C:\Users\ub02-glab-047\Downloads\data_2\data\sales\SALES_S03_20240913.csv"
"SALES_S03_20240914.csv","S03","2024-09-14","0","C:\Users\ub02-glab-047\Downloads\data_2\data\sales\SALES_S03_20240914.csv"
"SALES_S03_20240915.csv","S03","2024-09-15","0","C:\Users\ub02-glab-047\Downloads\data_2\data\sales\SALES_S03_20240915.csv"
"SALES_S03_20240916.csv","S03","2024-09-16","0","C:\Users\ub02-glab-047\Downloads\data_2\data\sales\SALES_S03_20240916.csv"
"SALES_S03_20240917.csv","S03","2024-09-17","0","C:\Users\ub02-glab-047\Downloads\data_2\data\sales\SALES_S03_20240917.csv"
"SALES_S03_20240918.csv","S03","2024-09-18","0","C:\Users\ub02-glab-047\Downloads\data_2\data\sales\SALES_S03_20240918.csv"
"SALES_S03_20240919.csv","S03","2024-09-19","0","C:\Users\ub02-glab-047\Downloads\data_2\data\sales\SALES_S03_20240919.csv"
"SALES_S03_20240920.csv","S03","2024-09-20","0","C:\Users\ub02-glab-047\Downloads\data_2\data\sales\SALES_S03_20240920.csv"
"SALES_S03_20240921.csv","S03","2024-09-21","0","C:\Users\ub02-glab-047\Downloads\data_2\data\sales\SALES_S03_20240921.csv"
"SALES_S03_20240922.csv","S03","2024-09-22","0","C:\Users\ub02-glab-047\Downloads\data_2\data\sales\SALES_S03_20240922.csv"
"SALES_S03_20240923.csv","S03","2024-09-23","0","C:\Users\ub02-glab-047\Downloads\data_2\data\sales\SALES_S03_20240923.csv"
"SALES_S03_20240924.csv","S03","2024-09-24","0","C:\Users\ub02-glab-047\Downloads\data_2\data\sales\SALES_S03_20240924.csv"
"SALES_S03_20240925.csv","S03","2024-09-25","0","C:\Users\ub02-glab-047\Downloads\data_2\data\sales\SALES_S03_20240925.csv"
"SALES_S03_20240926.csv","S03","2024-09-26","0","C:\Users\ub02-glab-047\Downloads\data_2\data\sales\SALES_S03_20240926.csv"
"SALES_S03_20240927.csv","S03","2024-09-27","0","C:\Users\ub02-glab-047\Downloads\data_2\data\sales\SALES_S03_20240927.csv"
"SALES_S03_20240928.csv","S03","2024-09-28","0","C:\Users\ub02-glab-047\Downloads\data_2\data\sales\SALES_S03_20240928.csv"
"SALES_S03_20240929.csv","S03","2024-09-29","0","C:\Users\ub02-glab-047\Downloads\data_2\data\sales\SALES_S03_20240929.csv"
"SALES_S03_20240930.csv","S03","2024-09-30","0","C:\Users\ub02-glab-047\Downloads\data_2\data\sales\SALES_S03_20240930.csv"
"SALES_S03_20241001.csv","S03","2024-10-01","0","C:\Users\ub02-glab-047\Downloads\data_2\data\sales\SALES_S03_20241001.csv"
"SALES_S03_20241002.csv","S03","2024-10-02","0","C:\Users\ub02-glab-047\Downloads\data_2\data\sales\SALES_S03_20241002.csv"
"SALES_S03_20241003.csv","S03","2024-10-03","0","C:\Users\ub02-glab-047\Downloads\data_2\data\sales\SALES_S03_20241003.csv"
"SALES_S03_20241004.csv","S03","2024-10-04","0","C:\Users\ub02-glab-047\Downloads\data_2\data\sales\SALES_S03_20241004.csv"
"SALES_S03_20241005.csv","S03","2024-10-05","0","C:\Users\ub02-glab-047\Downloads\data_2\data\sales\SALES_S03_20241005.csv"
"SALES_S03_20241006.csv","S03","2024-10-06","0","C:\Users\ub02-glab-047\Downloads\data_2\data\sales\SALES_S03_20241006.csv"
"SALES_S03_20241007.csv","S03","2024-10-07","0","C:\Users\ub02-glab-047\Downloads\data_2\data\sales\SALES_S03_20241007.csv"
"SALES_S03_20241008.csv","S03","2024-10-08","0","C:\Users\ub02-glab-047\Downloads\data_2\data\sales\SALES_S03_20241008.csv"
"SALES_S03_20241009.csv","S03","2024-10-09","0","C:\Users\ub02-glab-047\Downloads\data_2\data\sales\SALES_S03_20241009.csv"
"SALES_S03_20241010.csv","S03","2024-10-10","0","C:\Users\ub02-glab-047\Downloads\data_2\data\sales\SALES_S03_20241010.csv"
"SALES_S03_20241011.csv","S03","2024-10-11","0","C:\Users\ub02-glab-047\Downloads\data_2\data\sales\SALES_S03_20241011.csv"
"SALES_S03_20241012.csv","S03","2024-10-12","0","C:\Users\ub02-glab-047\Downloads\data_2\data\sales\SALES_S03_20241012.csv"
"SALES_S03_20241013.csv","S03","2024-10-13","0","C:\Users\ub02-glab-047\Downloads\data_2\data\sales\SALES_S03_20241013.csv"
"SALES_S03_20241014.csv","S03","2024-10-14","0","C:\Users\ub02-glab-047\Downloads\data_2\data\sales\SALES_S03_20241014.csv"
"SALES_S03_20241015.csv","S03","2024-10-15","0","C:\Users\ub02-glab-047\Downloads\data_2\data\sales\SALES_S03_20241015.csv"
"SALES_S03_20241016.csv","S03","2024-10-16","0","C:\Users\ub02-glab-047\Downloads\data_2\data\sales\SALES_S03_20241016.csv"
"SALES_S03_20241017.csv","S03","2024-10-17","0","C:\Users\ub02-glab-047\Downloads\data_2\data\sales\SALES_S03_20241017.csv"
"SALES_S03_20241018.csv","S03","2024-10-18","0","C:\Users\ub02-glab-047\Downloads\data_2\data\sales\SALES_S03_20241018.csv"
"SALES_S03_20241019.csv","S03","2024-10-19","0","C:\Users\ub02-glab-047\Downloads\data_2\data\sales\SALES_S03_20241019.csv"
"SALES_S03_20241020.csv","S03","2024-10-20","0","C:\Users\ub02-glab-047\Downloads\data_2\data\sales\SALES_S03_20241020.csv"
"SALES_S03_20241021.csv","S03","2024-10-21","0","C:\Users\ub02-glab-047\Downloads\data_2\data\sales\SALES_S03_20241021.csv"
"SALES_S03_20241022.csv","S03","2024-10-22","0","C:\Users\ub02-glab-047\Downloads\data_2\data\sales\SALES_S03_20241022.csv"
"SALES_S03_20241023.csv","S03","2024-10-23","0","C:\Users\ub02-glab-047\Downloads\data_2\data\sales\SALES_S03_20241023.csv"
"SALES_S03_20241024.csv","S03","2024-10-24","0","C:\Users\ub02-glab-047\Downloads\data_2\data\sales\SALES_S03_20241024.csv"
"SALES_S03_20241025.csv","S03","2024-10-25","0","C:\Users\ub02-glab-047\Downloads\data_2\data\sales\SALES_S03_20241025.csv"
"SALES_S03_20241026.csv","S03","2024-10-26","0","C:\Users\ub02-glab-047\Downloads\data_2\data\sales\SALES_S03_20241026.csv"
"SALES_S03_20241027.csv","S03","2024-10-27","0","C:\Users\ub02-glab-047\Downloads\data_2\data\sales\SALES_S03_20241027.csv"
"SALES_S03_20241028.csv","S03","2024-10-28","0","C:\Users\ub02-glab-047\Downloads\data_2\data\sales\SALES_S03_20241028.csv"
"SALES_S03_20241029.csv","S03","2024-10-29","0","C:\Users\ub02-glab-047\Downloads\data_2\data\sales\SALES_S03_20241029.csv"
"SALES_S03_20241030.csv","S03","2024-10-30","0","C:\Users\ub02-glab-047\Downloads\data_2\data\sales\SALES_S03_20241030.csv"
"SALES_S03_20241031.csv","S03","2024-10-31","0","C:\Users\ub02-glab-047\Downloads\data_2\data\sales\SALES_S03_20241031.csv"
"SALES_S03_20241101.csv","S03","2024-11-01","0","C:\Users\ub02-glab-047\Downloads\data_2\data\sales\SALES_S03_20241101.csv"
"SALES_S03_20241102.csv","S03","2024-11-02","0","C:\Users\ub02-glab-047\Downloads\data_2\data\sales\SALES_S03_20241102.csv"
"SALES_S03_20241103.csv","S03","2024-11-03","0","C:\Users\ub02-glab-047\Downloads\data_2\data\sales\SALES_S03_20241103.csv"
"SALES_S03_20241104.csv","S03","2024-11-04","0","C:\Users\ub02-glab-047\Downloads\data_2\data\sales\SALES_S03_20241104.csv"
"SALES_S03_20241104__R1.csv","S03","2024-11-04","1","C:\Users\ub02-glab-047\Downloads\data_2\data\sales\SALES_S03_20241104__R1.csv"
"SALES_S03_20241104__R2.csv","S03","2024-11-04","2","C:\Users\ub02-glab-047\Downloads\data_2\data\sales\SALES_S03_20241104__R2.csv"
"SALES_S03_20241105.csv","S03","2024-11-05","0","C:\Users\ub02-glab-047\Downloads\data_2\data\sales\SALES_S03_20241105.csv"
"SALES_S03_20241106.csv","S03","2024-11-06","0","C:\Users\ub02-glab-047\Downloads\data_2\data\sales\SALES_S03_20241106.csv"
"SALES_S03_20241107.csv","S03","2024-11-07","0","C:\Users\ub02-glab-047\Downloads\data_2\data\sales\SALES_S03_20241107.csv"
"SALES_S03_20241108.csv","S03","2024-11-08","0","C:\Users\ub02-glab-047\Downloads\data_2\data\sales\SALES_S03_20241108.csv"
"SALES_S03_20241109.csv","S03","2024-11-09","0","C:\Users\ub02-glab-047\Downloads\data_2\data\sales\SALES_S03_20241109.csv"
"SALES_S03_20241110.csv","S03","2024-11-10","0","C:\Users\ub02-glab-047\Downloads\data_2\data\sales\SALES_S03_20241110.csv"
"SALES_S03_20241111.csv","S03","2024-11-11","0","C:\Users\ub02-glab-047\Downloads\data_2\data\sales\SALES_S03_20241111.csv"
"SALES_S03_20241112.csv","S03","2024-11-12","0","C:\Users\ub02-glab-047\Downloads\data_2\data\sales\SALES_S03_20241112.csv"
"SALES_S03_20241113.csv","S03","2024-11-13","0","C:\Users\ub02-glab-047\Downloads\data_2\data\sales\SALES_S03_20241113.csv"
"SALES_S03_20241114.csv","S03","2024-11-14","0","C:\Users\ub02-glab-047\Downloads\data_2\data\sales\SALES_S03_20241114.csv"
"SALES_S03_20241115.csv","S03","2024-11-15","0","C:\Users\ub02-glab-047\Downloads\data_2\data\sales\SALES_S03_20241115.csv"
"SALES_S03_20241116.csv","S03","2024-11-16","0","C:\Users\ub02-glab-047\Downloads\data_2\data\sales\SALES_S03_20241116.csv"
"SALES_S03_20241117.csv","S03","2024-11-17","0","C:\Users\ub02-glab-047\Downloads\data_2\data\sales\SALES_S03_20241117.csv"
"SALES_S03_20241118.csv","S03","2024-11-18","0","C:\Users\ub02-glab-047\Downloads\data_2\data\sales\SALES_S03_20241118.csv"
"SALES_S03_20241118__R1.csv","S03","2024-11-18","1","C:\Users\ub02-glab-047\Downloads\data_2\data\sales\SALES_S03_20241118__R1.csv"
"SALES_S03_20241119.csv","S03","2024-11-19","0","C:\Users\ub02-glab-047\Downloads\data_2\data\sales\SALES_S03_20241119.csv"
"SALES_S03_20241120.csv","S03","2024-11-20","0","C:\Users\ub02-glab-047\Downloads\data_2\data\sales\SALES_S03_20241120.csv"
"SALES_S03_20241121.csv","S03","2024-11-21","0","C:\Users\ub02-glab-047\Downloads\data_2\data\sales\SALES_S03_20241121.csv"
"SALES_S03_20241122.csv","S03","2024-11-22","0","C:\Users\ub02-glab-047\Downloads\data_2\data\sales\SALES_S03_20241122.csv"
"SALES_S03_20241123.csv","S03","2024-11-23","0","C:\Users\ub02-glab-047\Downloads\data_2\data\sales\SALES_S03_20241123.csv"
"SALES_S03_20241124.csv","S03","2024-11-24","0","C:\Users\ub02-glab-047\Downloads\data_2\data\sales\SALES_S03_20241124.csv"
"SALES_S03_20241125.csv","S03","2024-11-25","0","C:\Users\ub02-glab-047\Downloads\data_2\data\sales\SALES_S03_20241125.csv"
"SALES_S03_20241126.csv","S03","2024-11-26","0","C:\Users\ub02-glab-047\Downloads\data_2\data\sales\SALES_S03_20241126.csv"
"SALES_S03_20241127.csv","S03","2024-11-27","0","C:\Users\ub02-glab-047\Downloads\data_2\data\sales\SALES_S03_20241127.csv"
"SALES_S03_20241128.csv","S03","2024-11-28","0","C:\Users\ub02-glab-047\Downloads\data_2\data\sales\SALES_S03_20241128.csv"
"SALES_S03_20241129.csv","S03","2024-11-29","0","C:\Users\ub02-glab-047\Downloads\data_2\data\sales\SALES_S03_20241129.csv"
"SALES_S03_20241130.csv","S03","2024-11-30","0","C:\Users\ub02-glab-047\Downloads\data_2\data\sales\SALES_S03_20241130.csv"
"SALES_S03_20241201.csv","S03","2024-12-01","0","C:\Users\ub02-glab-047\Downloads\data_2\data\sales\SALES_S03_20241201.csv"
"SALES_S03_20241202.csv","S03","2024-12-02","0","C:\Users\ub02-glab-047\Downloads\data_2\data\sales\SALES_S03_20241202.csv"
"SALES_S03_20241203.csv","S03","2024-12-03","0","C:\Users\ub02-glab-047\Downloads\data_2\data\sales\SALES_S03_20241203.csv"
"SALES_S03_20241204.csv","S03","2024-12-04","0","C:\Users\ub02-glab-047\Downloads\data_2\data\sales\SALES_S03_20241204.csv"
"SALES_S03_20241205.csv","S03","2024-12-05","0","C:\Users\ub02-glab-047\Downloads\data_2\data\sales\SALES_S03_20241205.csv"
"SALES_S03_20241206.csv","S03","2024-12-06","0","C:\Users\ub02-glab-047\Downloads\data_2\data\sales\SALES_S03_20241206.csv"
"SALES_S03_20241207.csv","S03","2024-12-07","0","C:\Users\ub02-glab-047\Downloads\data_2\data\sales\SALES_S03_20241207.csv"
"SALES_S03_20241208.csv","S03","2024-12-08","0","C:\Users\ub02-glab-047\Downloads\data_2\data\sales\SALES_S03_20241208.csv"
"SALES_S03_20241209.csv","S03","2024-12-09","0","C:\Users\ub02-glab-047\Downloads\data_2\data\sales\SALES_S03_20241209.csv"
"SALES_S03_20241210.csv","S03","2024-12-10","0","C:\Users\ub02-glab-047\Downloads\data_2\data\sales\SALES_S03_20241210.csv"
"SALES_S03_20241211.csv","S03","2024-12-11","0","C:\Users\ub02-glab-047\Downloads\data_2\data\sales\SALES_S03_20241211.csv"
"SALES_S03_20241212.csv","S03","2024-12-12","0","C:\Users\ub02-glab-047\Downloads\data_2\data\sales\SALES_S03_20241212.csv"
"SALES_S03_20241213.csv","S03","2024-12-13","0","C:\Users\ub02-glab-047\Downloads\data_2\data\sales\SALES_S03_20241213.csv"
"SALES_S03_20241214.csv","S03","2024-12-14","0","C:\Users\ub02-glab-047\Downloads\data_2\data\sales\SALES_S03_20241214.csv"
"SALES_S03_20241215.csv","S03","2024-12-15","0","C:\Users\ub02-glab-047\Downloads\data_2\data\sales\SALES_S03_20241215.csv"
"SALES_S03_20241216.csv","S03","2024-12-16","0","C:\Users\ub02-glab-047\Downloads\data_2\data\sales\SALES_S03_20241216.csv"
"SALES_S03_20241217.csv","S03","2024-12-17","0","C:\Users\ub02-glab-047\Downloads\data_2\data\sales\SALES_S03_20241217.csv"
"SALES_S03_20241218.csv","S03","2024-12-18","0","C:\Users\ub02-glab-047\Downloads\data_2\data\sales\SALES_S03_20241218.csv"
"SALES_S03_20241219.csv","S03","2024-12-19","0","C:\Users\ub02-glab-047\Downloads\data_2\data\sales\SALES_S03_20241219.csv"
"SALES_S03_20241220.csv","S03","2024-12-20","0","C:\Users\ub02-glab-047\Downloads\data_2\data\sales\SALES_S03_20241220.csv"
"SALES_S03_20241221.csv","S03","2024-12-21","0","C:\Users\ub02-glab-047\Downloads\data_2\data\sales\SALES_S03_20241221.csv"
"SALES_S03_20241222.csv","S03","2024-12-22","0","C:\Users\ub02-glab-047\Downloads\data_2\data\sales\SALES_S03_20241222.csv"
"SALES_S03_20241223.csv","S03","2024-12-23","0","C:\Users\ub02-glab-047\Downloads\data_2\data\sales\SALES_S03_20241223.csv"
"SALES_S03_20241224.csv","S03","2024-12-24","0","C:\Users\ub02-glab-047\Downloads\data_2\data\sales\SALES_S03_20241224.csv"
"SALES_S03_20241225.csv","S03","2024-12-25","0","C:\Users\ub02-glab-047\Downloads\data_2\data\sales\SALES_S03_20241225.csv"
"SALES_S03_20241226.csv","S03","2024-12-26","0","C:\Users\ub02-glab-047\Downloads\data_2\data\sales\SALES_S03_20241226.csv"
"SALES_S03_20241227.csv","S03","2024-12-27","0","C:\Users\ub02-glab-047\Downloads\data_2\data\sales\SALES_S03_20241227.csv"
"SALES_S03_20241228.csv","S03","2024-12-28","0","C:\Users\ub02-glab-047\Downloads\data_2\data\sales\SALES_S03_20241228.csv"
"SALES_S03_20241229.csv","S03","2024-12-29","0","C:\Users\ub02-glab-047\Downloads\data_2\data\sales\SALES_S03_20241229.csv"
"SALES_S03_20241230.csv","S03","2024-12-30","0","C:\Users\ub02-glab-047\Downloads\data_2\data\sales\SALES_S03_20241230.csv"
"SALES_S03_20241231.csv","S03","2024-12-31","0","C:\Users\ub02-glab-047\Downloads\data_2\data\sales\SALES_S03_20241231.csv"
"SALES_S04_20240101.csv","S04","2024-01-01","0","C:\Users\ub02-glab-047\Downloads\data_2\data\sales\SALES_S04_20240101.csv"
"SALES_S04_20240102.csv","S04","2024-01-02","0","C:\Users\ub02-glab-047\Downloads\data_2\data\sales\SALES_S04_20240102.csv"
"SALES_S04_20240103.csv","S04","2024-01-03","0","C:\Users\ub02-glab-047\Downloads\data_2\data\sales\SALES_S04_20240103.csv"
"SALES_S04_20240104.csv","S04","2024-01-04","0","C:\Users\ub02-glab-047\Downloads\data_2\data\sales\SALES_S04_20240104.csv"
"SALES_S04_20240105.csv","S04","2024-01-05","0","C:\Users\ub02-glab-047\Downloads\data_2\data\sales\SALES_S04_20240105.csv"
"SALES_S04_20240106.csv","S04","2024-01-06","0","C:\Users\ub02-glab-047\Downloads\data_2\data\sales\SALES_S04_20240106.csv"
"SALES_S04_20240107.csv","S04","2024-01-07","0","C:\Users\ub02-glab-047\Downloads\data_2\data\sales\SALES_S04_20240107.csv"
"SALES_S04_20240108.csv","S04","2024-01-08","0","C:\Users\ub02-glab-047\Downloads\data_2\data\sales\SALES_S04_20240108.csv"
"SALES_S04_20240109.csv","S04","2024-01-09","0","C:\Users\ub02-glab-047\Downloads\data_2\data\sales\SALES_S04_20240109.csv"
"SALES_S04_20240110.csv","S04","2024-01-10","0","C:\Users\ub02-glab-047\Downloads\data_2\data\sales\SALES_S04_20240110.csv"
"SALES_S04_20240111.csv","S04","2024-01-11","0","C:\Users\ub02-glab-047\Downloads\data_2\data\sales\SALES_S04_20240111.csv"
"SALES_S04_20240112.csv","S04","2024-01-12","0","C:\Users\ub02-glab-047\Downloads\data_2\data\sales\SALES_S04_20240112.csv"
"SALES_S04_20240113.csv","S04","2024-01-13","0","C:\Users\ub02-glab-047\Downloads\data_2\data\sales\SALES_S04_20240113.csv"
"SALES_S04_20240114.csv","S04","2024-01-14","0","C:\Users\ub02-glab-047\Downloads\data_2\data\sales\SALES_S04_20240114.csv"
"SALES_S04_20240115.csv","S04","2024-01-15","0","C:\Users\ub02-glab-047\Downloads\data_2\data\sales\SALES_S04_20240115.csv"
"SALES_S04_20240116.csv","S04","2024-01-16","0","C:\Users\ub02-glab-047\Downloads\data_2\data\sales\SALES_S04_20240116.csv"
"SALES_S04_20240117.csv","S04","2024-01-17","0","C:\Users\ub02-glab-047\Downloads\data_2\data\sales\SALES_S04_20240117.csv"
"SALES_S04_20240118.csv","S04","2024-01-18","0","C:\Users\ub02-glab-047\Downloads\data_2\data\sales\SALES_S04_20240118.csv"
"SALES_S04_20240119.csv","S04","2024-01-19","0","C:\Users\ub02-glab-047\Downloads\data_2\data\sales\SALES_S04_20240119.csv"
"SALES_S04_20240120.csv","S04","2024-01-20","0","C:\Users\ub02-glab-047\Downloads\data_2\data\sales\SALES_S04_20240120.csv"
"SALES_S04_20240121.csv","S04","2024-01-21","0","C:\Users\ub02-glab-047\Downloads\data_2\data\sales\SALES_S04_20240121.csv"
"SALES_S04_20240122.csv","S04","2024-01-22","0","C:\Users\ub02-glab-047\Downloads\data_2\data\sales\SALES_S04_20240122.csv"
"SALES_S04_20240123.csv","S04","2024-01-23","0","C:\Users\ub02-glab-047\Downloads\data_2\data\sales\SALES_S04_20240123.csv"
"SALES_S04_20240124.csv","S04","2024-01-24","0","C:\Users\ub02-glab-047\Downloads\data_2\data\sales\SALES_S04_20240124.csv"
"SALES_S04_20240125.csv","S04","2024-01-25","0","C:\Users\ub02-glab-047\Downloads\data_2\data\sales\SALES_S04_20240125.csv"
"SALES_S04_20240126.csv","S04","2024-01-26","0","C:\Users\ub02-glab-047\Downloads\data_2\data\sales\SALES_S04_20240126.csv"
"SALES_S04_20240127.csv","S04","2024-01-27","0","C:\Users\ub02-glab-047\Downloads\data_2\data\sales\SALES_S04_20240127.csv"
"SALES_S04_20240128.csv","S04","2024-01-28","0","C:\Users\ub02-glab-047\Downloads\data_2\data\sales\SALES_S04_20240128.csv"
"SALES_S04_20240129.csv","S04","2024-01-29","0","C:\Users\ub02-glab-047\Downloads\data_2\data\sales\SALES_S04_20240129.csv"
"SALES_S04_20240130.csv","S04","2024-01-30","0","C:\Users\ub02-glab-047\Downloads\data_2\data\sales\SALES_S04_20240130.csv"
"SALES_S04_20240131.csv","S04","2024-01-31","0","C:\Users\ub02-glab-047\Downloads\data_2\data\sales\SALES_S04_20240131.csv"
"SALES_S04_20240201.csv","S04","2024-02-01","0","C:\Users\ub02-glab-047\Downloads\data_2\data\sales\SALES_S04_20240201.csv"
"SALES_S04_20240202.csv","S04","2024-02-02","0","C:\Users\ub02-glab-047\Downloads\data_2\data\sales\SALES_S04_20240202.csv"
"SALES_S04_20240203.csv","S04","2024-02-03","0","C:\Users\ub02-glab-047\Downloads\data_2\data\sales\SALES_S04_20240203.csv"
"SALES_S04_20240204.csv","S04","2024-02-04","0","C:\Users\ub02-glab-047\Downloads\data_2\data\sales\SALES_S04_20240204.csv"
"SALES_S04_20240205.csv","S04","2024-02-05","0","C:\Users\ub02-glab-047\Downloads\data_2\data\sales\SALES_S04_20240205.csv"
"SALES_S04_20240206.csv","S04","2024-02-06","0","C:\Users\ub02-glab-047\Downloads\data_2\data\sales\SALES_S04_20240206.csv"
"SALES_S04_20240207.csv","S04","2024-02-07","0","C:\Users\ub02-glab-047\Downloads\data_2\data\sales\SALES_S04_20240207.csv"
"SALES_S04_20240208.csv","S04","2024-02-08","0","C:\Users\ub02-glab-047\Downloads\data_2\data\sales\SALES_S04_20240208.csv"
"SALES_S04_20240209.csv","S04","2024-02-09","0","C:\Users\ub02-glab-047\Downloads\data_2\data\sales\SALES_S04_20240209.csv"
"SALES_S04_20240210.csv","S04","2024-02-10","0","C:\Users\ub02-glab-047\Downloads\data_2\data\sales\SALES_S04_20240210.csv"
"SALES_S04_20240211.csv","S04","2024-02-11","0","C:\Users\ub02-glab-047\Downloads\data_2\data\sales\SALES_S04_20240211.csv"
"SALES_S04_20240212.csv","S04","2024-02-12","0","C:\Users\ub02-glab-047\Downloads\data_2\data\sales\SALES_S04_20240212.csv"
"SALES_S04_20240213.csv","S04","2024-02-13","0","C:\Users\ub02-glab-047\Downloads\data_2\data\sales\SALES_S04_20240213.csv"
"SALES_S04_20240214.csv","S04","2024-02-14","0","C:\Users\ub02-glab-047\Downloads\data_2\data\sales\SALES_S04_20240214.csv"
"SALES_S04_20240215.csv","S04","2024-02-15","0","C:\Users\ub02-glab-047\Downloads\data_2\data\sales\SALES_S04_20240215.csv"
"SALES_S04_20240216.csv","S04","2024-02-16","0","C:\Users\ub02-glab-047\Downloads\data_2\data\sales\SALES_S04_20240216.csv"
"SALES_S04_20240217.csv","S04","2024-02-17","0","C:\Users\ub02-glab-047\Downloads\data_2\data\sales\SALES_S04_20240217.csv"
"SALES_S04_20240218.csv","S04","2024-02-18","0","C:\Users\ub02-glab-047\Downloads\data_2\data\sales\SALES_S04_20240218.csv"
"SALES_S04_20240219.csv","S04","2024-02-19","0","C:\Users\ub02-glab-047\Downloads\data_2\data\sales\SALES_S04_20240219.csv"
"SALES_S04_20240219__R1.csv","S04","2024-02-19","1","C:\Users\ub02-glab-047\Downloads\data_2\data\sales\SALES_S04_20240219__R1.csv"
"SALES_S04_20240219__R2.csv","S04","2024-02-19","2","C:\Users\ub02-glab-047\Downloads\data_2\data\sales\SALES_S04_20240219__R2.csv"
"SALES_S04_20240220.csv","S04","2024-02-20","0","C:\Users\ub02-glab-047\Downloads\data_2\data\sales\SALES_S04_20240220.csv"
"SALES_S04_20240221.csv","S04","2024-02-21","0","C:\Users\ub02-glab-047\Downloads\data_2\data\sales\SALES_S04_20240221.csv"
"SALES_S04_20240222.csv","S04","2024-02-22","0","C:\Users\ub02-glab-047\Downloads\data_2\data\sales\SALES_S04_20240222.csv"
"SALES_S04_20240223.csv","S04","2024-02-23","0","C:\Users\ub02-glab-047\Downloads\data_2\data\sales\SALES_S04_20240223.csv"
"SALES_S04_20240224.csv","S04","2024-02-24","0","C:\Users\ub02-glab-047\Downloads\data_2\data\sales\SALES_S04_20240224.csv"
"SALES_S04_20240225.csv","S04","2024-02-25","0","C:\Users\ub02-glab-047\Downloads\data_2\data\sales\SALES_S04_20240225.csv"
"SALES_S04_20240226.csv","S04","2024-02-26","0","C:\Users\ub02-glab-047\Downloads\data_2\data\sales\SALES_S04_20240226.csv"
"SALES_S04_20240227.csv","S04","2024-02-27","0","C:\Users\ub02-glab-047\Downloads\data_2\data\sales\SALES_S04_20240227.csv"
"SALES_S04_20240228.csv","S04","2024-02-28","0","C:\Users\ub02-glab-047\Downloads\data_2\data\sales\SALES_S04_20240228.csv"
"SALES_S04_20240229.csv","S04","2024-02-29","0","C:\Users\ub02-glab-047\Downloads\data_2\data\sales\SALES_S04_20240229.csv"
"SALES_S04_20240301.csv","S04","2024-03-01","0","C:\Users\ub02-glab-047\Downloads\data_2\data\sales\SALES_S04_20240301.csv"
"SALES_S04_20240302.csv","S04","2024-03-02","0","C:\Users\ub02-glab-047\Downloads\data_2\data\sales\SALES_S04_20240302.csv"
"SALES_S04_20240303.csv","S04","2024-03-03","0","C:\Users\ub02-glab-047\Downloads\data_2\data\sales\SALES_S04_20240303.csv"
"SALES_S04_20240304.csv","S04","2024-03-04","0","C:\Users\ub02-glab-047\Downloads\data_2\data\sales\SALES_S04_20240304.csv"
"SALES_S04_20240305.csv","S04","2024-03-05","0","C:\Users\ub02-glab-047\Downloads\data_2\data\sales\SALES_S04_20240305.csv"
"SALES_S04_20240306.csv","S04","2024-03-06","0","C:\Users\ub02-glab-047\Downloads\data_2\data\sales\SALES_S04_20240306.csv"
"SALES_S04_20240307.csv","S04","2024-03-07","0","C:\Users\ub02-glab-047\Downloads\data_2\data\sales\SALES_S04_20240307.csv"
"SALES_S04_20240308.csv","S04","2024-03-08","0","C:\Users\ub02-glab-047\Downloads\data_2\data\sales\SALES_S04_20240308.csv"
"SALES_S04_20240309.csv","S04","2024-03-09","0","C:\Users\ub02-glab-047\Downloads\data_2\data\sales\SALES_S04_20240309.csv"
"SALES_S04_20240310.csv","S04","2024-03-10","0","C:\Users\ub02-glab-047\Downloads\data_2\data\sales\SALES_S04_20240310.csv"
"SALES_S04_20240311.csv","S04","2024-03-11","0","C:\Users\ub02-glab-047\Downloads\data_2\data\sales\SALES_S04_20240311.csv"
"SALES_S04_20240312.csv","S04","2024-03-12","0","C:\Users\ub02-glab-047\Downloads\data_2\data\sales\SALES_S04_20240312.csv"
"SALES_S04_20240313.csv","S04","2024-03-13","0","C:\Users\ub02-glab-047\Downloads\data_2\data\sales\SALES_S04_20240313.csv"
"SALES_S04_20240314.csv","S04","2024-03-14","0","C:\Users\ub02-glab-047\Downloads\data_2\data\sales\SALES_S04_20240314.csv"
"SALES_S04_20240315.csv","S04","2024-03-15","0","C:\Users\ub02-glab-047\Downloads\data_2\data\sales\SALES_S04_20240315.csv"
"SALES_S04_20240316.csv","S04","2024-03-16","0","C:\Users\ub02-glab-047\Downloads\data_2\data\sales\SALES_S04_20240316.csv"
"SALES_S04_20240317.csv","S04","2024-03-17","0","C:\Users\ub02-glab-047\Downloads\data_2\data\sales\SALES_S04_20240317.csv"
"SALES_S04_20240318.csv","S04","2024-03-18","0","C:\Users\ub02-glab-047\Downloads\data_2\data\sales\SALES_S04_20240318.csv"
"SALES_S04_20240319.csv","S04","2024-03-19","0","C:\Users\ub02-glab-047\Downloads\data_2\data\sales\SALES_S04_20240319.csv"
"SALES_S04_20240320.csv","S04","2024-03-20","0","C:\Users\ub02-glab-047\Downloads\data_2\data\sales\SALES_S04_20240320.csv"
"SALES_S04_20240321.csv","S04","2024-03-21","0","C:\Users\ub02-glab-047\Downloads\data_2\data\sales\SALES_S04_20240321.csv"
"SALES_S04_20240322.csv","S04","2024-03-22","0","C:\Users\ub02-glab-047\Downloads\data_2\data\sales\SALES_S04_20240322.csv"
"SALES_S04_20240323.csv","S04","2024-03-23","0","C:\Users\ub02-glab-047\Downloads\data_2\data\sales\SALES_S04_20240323.csv"
"SALES_S04_20240324.csv","S04","2024-03-24","0","C:\Users\ub02-glab-047\Downloads\data_2\data\sales\SALES_S04_20240324.csv"
"SALES_S04_20240325.csv","S04","2024-03-25","0","C:\Users\ub02-glab-047\Downloads\data_2\data\sales\SALES_S04_20240325.csv"
"SALES_S04_20240326.csv","S04","2024-03-26","0","C:\Users\ub02-glab-047\Downloads\data_2\data\sales\SALES_S04_20240326.csv"
"SALES_S04_20240327.csv","S04","2024-03-27","0","C:\Users\ub02-glab-047\Downloads\data_2\data\sales\SALES_S04_20240327.csv"
"SALES_S04_20240328.csv","S04","2024-03-28","0","C:\Users\ub02-glab-047\Downloads\data_2\data\sales\SALES_S04_20240328.csv"
"SALES_S04_20240329.csv","S04","2024-03-29","0","C:\Users\ub02-glab-047\Downloads\data_2\data\sales\SALES_S04_20240329.csv"
"SALES_S04_20240330.csv","S04","2024-03-30","0","C:\Users\ub02-glab-047\Downloads\data_2\data\sales\SALES_S04_20240330.csv"
"SALES_S04_20240331.csv","S04","2024-03-31","0","C:\Users\ub02-glab-047\Downloads\data_2\data\sales\SALES_S04_20240331.csv"
"SALES_S04_20240401.csv","S04","2024-04-01","0","C:\Users\ub02-glab-047\Downloads\data_2\data\sales\SALES_S04_20240401.csv"
"SALES_S04_20240401__R1.csv","S04","2024-04-01","1","C:\Users\ub02-glab-047\Downloads\data_2\data\sales\SALES_S04_20240401__R1.csv"
"SALES_S04_20240402.csv","S04","2024-04-02","0","C:\Users\ub02-glab-047\Downloads\data_2\data\sales\SALES_S04_20240402.csv"
"SALES_S04_20240403.csv","S04","2024-04-03","0","C:\Users\ub02-glab-047\Downloads\data_2\data\sales\SALES_S04_20240403.csv"
"SALES_S04_20240404.csv","S04","2024-04-04","0","C:\Users\ub02-glab-047\Downloads\data_2\data\sales\SALES_S04_20240404.csv"
"SALES_S04_20240405.csv","S04","2024-04-05","0","C:\Users\ub02-glab-047\Downloads\data_2\data\sales\SALES_S04_20240405.csv"
"SALES_S04_20240406.csv","S04","2024-04-06","0","C:\Users\ub02-glab-047\Downloads\data_2\data\sales\SALES_S04_20240406.csv"
"SALES_S04_20240407.csv","S04","2024-04-07","0","C:\Users\ub02-glab-047\Downloads\data_2\data\sales\SALES_S04_20240407.csv"
"SALES_S04_20240408.csv","S04","2024-04-08","0","C:\Users\ub02-glab-047\Downloads\data_2\data\sales\SALES_S04_20240408.csv"
"SALES_S04_20240409.csv","S04","2024-04-09","0","C:\Users\ub02-glab-047\Downloads\data_2\data\sales\SALES_S04_20240409.csv"
"SALES_S04_20240410.csv","S04","2024-04-10","0","C:\Users\ub02-glab-047\Downloads\data_2\data\sales\SALES_S04_20240410.csv"
"SALES_S04_20240411.csv","S04","2024-04-11","0","C:\Users\ub02-glab-047\Downloads\data_2\data\sales\SALES_S04_20240411.csv"
"SALES_S04_20240412.csv","S04","2024-04-12","0","C:\Users\ub02-glab-047\Downloads\data_2\data\sales\SALES_S04_20240412.csv"
"SALES_S04_20240413.csv","S04","2024-04-13","0","C:\Users\ub02-glab-047\Downloads\data_2\data\sales\SALES_S04_20240413.csv"
"SALES_S04_20240414.csv","S04","2024-04-14","0","C:\Users\ub02-glab-047\Downloads\data_2\data\sales\SALES_S04_20240414.csv"
"SALES_S04_20240415.csv","S04","2024-04-15","0","C:\Users\ub02-glab-047\Downloads\data_2\data\sales\SALES_S04_20240415.csv"
"SALES_S04_20240416.csv","S04","2024-04-16","0","C:\Users\ub02-glab-047\Downloads\data_2\data\sales\SALES_S04_20240416.csv"
"SALES_S04_20240417.csv","S04","2024-04-17","0","C:\Users\ub02-glab-047\Downloads\data_2\data\sales\SALES_S04_20240417.csv"
"SALES_S04_20240417__R1.csv","S04","2024-04-17","1","C:\Users\ub02-glab-047\Downloads\data_2\data\sales\SALES_S04_20240417__R1.csv"
"SALES_S04_20240418.csv","S04","2024-04-18","0","C:\Users\ub02-glab-047\Downloads\data_2\data\sales\SALES_S04_20240418.csv"
"SALES_S04_20240419.csv","S04","2024-04-19","0","C:\Users\ub02-glab-047\Downloads\data_2\data\sales\SALES_S04_20240419.csv"
"SALES_S04_20240420.csv","S04","2024-04-20","0","C:\Users\ub02-glab-047\Downloads\data_2\data\sales\SALES_S04_20240420.csv"
"SALES_S04_20240421.csv","S04","2024-04-21","0","C:\Users\ub02-glab-047\Downloads\data_2\data\sales\SALES_S04_20240421.csv"
"SALES_S04_20240422.csv","S04","2024-04-22","0","C:\Users\ub02-glab-047\Downloads\data_2\data\sales\SALES_S04_20240422.csv"
"SALES_S04_20240423.csv","S04","2024-04-23","0","C:\Users\ub02-glab-047\Downloads\data_2\data\sales\SALES_S04_20240423.csv"
"SALES_S04_20240424.csv","S04","2024-04-24","0","C:\Users\ub02-glab-047\Downloads\data_2\data\sales\SALES_S04_20240424.csv"
"SALES_S04_20240425.csv","S04","2024-04-25","0","C:\Users\ub02-glab-047\Downloads\data_2\data\sales\SALES_S04_20240425.csv"
"SALES_S04_20240426.csv","S04","2024-04-26","0","C:\Users\ub02-glab-047\Downloads\data_2\data\sales\SALES_S04_20240426.csv"
"SALES_S04_20240427.csv","S04","2024-04-27","0","C:\Users\ub02-glab-047\Downloads\data_2\data\sales\SALES_S04_20240427.csv"
"SALES_S04_20240428.csv","S04","2024-04-28","0","C:\Users\ub02-glab-047\Downloads\data_2\data\sales\SALES_S04_20240428.csv"
"SALES_S04_20240429.csv","S04","2024-04-29","0","C:\Users\ub02-glab-047\Downloads\data_2\data\sales\SALES_S04_20240429.csv"
"SALES_S04_20240430.csv","S04","2024-04-30","0","C:\Users\ub02-glab-047\Downloads\data_2\data\sales\SALES_S04_20240430.csv"
"SALES_S04_20240501.csv","S04","2024-05-01","0","C:\Users\ub02-glab-047\Downloads\data_2\data\sales\SALES_S04_20240501.csv"
"SALES_S04_20240502.csv","S04","2024-05-02","0","C:\Users\ub02-glab-047\Downloads\data_2\data\sales\SALES_S04_20240502.csv"
"SALES_S04_20240503.csv","S04","2024-05-03","0","C:\Users\ub02-glab-047\Downloads\data_2\data\sales\SALES_S04_20240503.csv"
"SALES_S04_20240504.csv","S04","2024-05-04","0","C:\Users\ub02-glab-047\Downloads\data_2\data\sales\SALES_S04_20240504.csv"
"SALES_S04_20240505.csv","S04","2024-05-05","0","C:\Users\ub02-glab-047\Downloads\data_2\data\sales\SALES_S04_20240505.csv"
"SALES_S04_20240506.csv","S04","2024-05-06","0","C:\Users\ub02-glab-047\Downloads\data_2\data\sales\SALES_S04_20240506.csv"
"SALES_S04_20240507.csv","S04","2024-05-07","0","C:\Users\ub02-glab-047\Downloads\data_2\data\sales\SALES_S04_20240507.csv"
"SALES_S04_20240508.csv","S04","2024-05-08","0","C:\Users\ub02-glab-047\Downloads\data_2\data\sales\SALES_S04_20240508.csv"
"SALES_S04_20240509.csv","S04","2024-05-09","0","C:\Users\ub02-glab-047\Downloads\data_2\data\sales\SALES_S04_20240509.csv"
"SALES_S04_20240510.csv","S04","2024-05-10","0","C:\Users\ub02-glab-047\Downloads\data_2\data\sales\SALES_S04_20240510.csv"
"SALES_S04_20240511.csv","S04","2024-05-11","0","C:\Users\ub02-glab-047\Downloads\data_2\data\sales\SALES_S04_20240511.csv"
"SALES_S04_20240512.csv","S04","2024-05-12","0","C:\Users\ub02-glab-047\Downloads\data_2\data\sales\SALES_S04_20240512.csv"
"SALES_S04_20240513.csv","S04","2024-05-13","0","C:\Users\ub02-glab-047\Downloads\data_2\data\sales\SALES_S04_20240513.csv"
"SALES_S04_20240514.csv","S04","2024-05-14","0","C:\Users\ub02-glab-047\Downloads\data_2\data\sales\SALES_S04_20240514.csv"
"SALES_S04_20240515.csv","S04","2024-05-15","0","C:\Users\ub02-glab-047\Downloads\data_2\data\sales\SALES_S04_20240515.csv"
"SALES_S04_20240516.csv","S04","2024-05-16","0","C:\Users\ub02-glab-047\Downloads\data_2\data\sales\SALES_S04_20240516.csv"
"SALES_S04_20240517.csv","S04","2024-05-17","0","C:\Users\ub02-glab-047\Downloads\data_2\data\sales\SALES_S04_20240517.csv"
"SALES_S04_20240518.csv","S04","2024-05-18","0","C:\Users\ub02-glab-047\Downloads\data_2\data\sales\SALES_S04_20240518.csv"
"SALES_S04_20240519.csv","S04","2024-05-19","0","C:\Users\ub02-glab-047\Downloads\data_2\data\sales\SALES_S04_20240519.csv"
"SALES_S04_20240520.csv","S04","2024-05-20","0","C:\Users\ub02-glab-047\Downloads\data_2\data\sales\SALES_S04_20240520.csv"
"SALES_S04_20240521.csv","S04","2024-05-21","0","C:\Users\ub02-glab-047\Downloads\data_2\data\sales\SALES_S04_20240521.csv"
"SALES_S04_20240522.csv","S04","2024-05-22","0","C:\Users\ub02-glab-047\Downloads\data_2\data\sales\SALES_S04_20240522.csv"
"SALES_S04_20240523.csv","S04","2024-05-23","0","C:\Users\ub02-glab-047\Downloads\data_2\data\sales\SALES_S04_20240523.csv"
"SALES_S04_20240524.csv","S04","2024-05-24","0","C:\Users\ub02-glab-047\Downloads\data_2\data\sales\SALES_S04_20240524.csv"
"SALES_S04_20240525.csv","S04","2024-05-25","0","C:\Users\ub02-glab-047\Downloads\data_2\data\sales\SALES_S04_20240525.csv"
"SALES_S04_20240526.csv","S04","2024-05-26","0","C:\Users\ub02-glab-047\Downloads\data_2\data\sales\SALES_S04_20240526.csv"
"SALES_S04_20240527.csv","S04","2024-05-27","0","C:\Users\ub02-glab-047\Downloads\data_2\data\sales\SALES_S04_20240527.csv"
"SALES_S04_20240528.csv","S04","2024-05-28","0","C:\Users\ub02-glab-047\Downloads\data_2\data\sales\SALES_S04_20240528.csv"
"SALES_S04_20240529.csv","S04","2024-05-29","0","C:\Users\ub02-glab-047\Downloads\data_2\data\sales\SALES_S04_20240529.csv"
"SALES_S04_20240530.csv","S04","2024-05-30","0","C:\Users\ub02-glab-047\Downloads\data_2\data\sales\SALES_S04_20240530.csv"
"SALES_S04_20240531.csv","S04","2024-05-31","0","C:\Users\ub02-glab-047\Downloads\data_2\data\sales\SALES_S04_20240531.csv"
"SALES_S04_20240601.csv","S04","2024-06-01","0","C:\Users\ub02-glab-047\Downloads\data_2\data\sales\SALES_S04_20240601.csv"
"SALES_S04_20240602.csv","S04","2024-06-02","0","C:\Users\ub02-glab-047\Downloads\data_2\data\sales\SALES_S04_20240602.csv"
"SALES_S04_20240603.csv","S04","2024-06-03","0","C:\Users\ub02-glab-047\Downloads\data_2\data\sales\SALES_S04_20240603.csv"
"SALES_S04_20240604.csv","S04","2024-06-04","0","C:\Users\ub02-glab-047\Downloads\data_2\data\sales\SALES_S04_20240604.csv"
"SALES_S04_20240604__R1.csv","S04","2024-06-04","1","C:\Users\ub02-glab-047\Downloads\data_2\data\sales\SALES_S04_20240604__R1.csv"
"SALES_S04_20240605.csv","S04","2024-06-05","0","C:\Users\ub02-glab-047\Downloads\data_2\data\sales\SALES_S04_20240605.csv"
"SALES_S04_20240606.csv","S04","2024-06-06","0","C:\Users\ub02-glab-047\Downloads\data_2\data\sales\SALES_S04_20240606.csv"
"SALES_S04_20240607.csv","S04","2024-06-07","0","C:\Users\ub02-glab-047\Downloads\data_2\data\sales\SALES_S04_20240607.csv"
"SALES_S04_20240608.csv","S04","2024-06-08","0","C:\Users\ub02-glab-047\Downloads\data_2\data\sales\SALES_S04_20240608.csv"
"SALES_S04_20240609.csv","S04","2024-06-09","0","C:\Users\ub02-glab-047\Downloads\data_2\data\sales\SALES_S04_20240609.csv"
"SALES_S04_20240610.csv","S04","2024-06-10","0","C:\Users\ub02-glab-047\Downloads\data_2\data\sales\SALES_S04_20240610.csv"
"SALES_S04_20240611.csv","S04","2024-06-11","0","C:\Users\ub02-glab-047\Downloads\data_2\data\sales\SALES_S04_20240611.csv"
"SALES_S04_20240612.csv","S04","2024-06-12","0","C:\Users\ub02-glab-047\Downloads\data_2\data\sales\SALES_S04_20240612.csv"
"SALES_S04_20240613.csv","S04","2024-06-13","0","C:\Users\ub02-glab-047\Downloads\data_2\data\sales\SALES_S04_20240613.csv"
"SALES_S04_20240614.csv","S04","2024-06-14","0","C:\Users\ub02-glab-047\Downloads\data_2\data\sales\SALES_S04_20240614.csv"
"SALES_S04_20240615.csv","S04","2024-06-15","0","C:\Users\ub02-glab-047\Downloads\data_2\data\sales\SALES_S04_20240615.csv"
"SALES_S04_20240616.csv","S04","2024-06-16","0","C:\Users\ub02-glab-047\Downloads\data_2\data\sales\SALES_S04_20240616.csv"
"SALES_S04_20240617.csv","S04","2024-06-17","0","C:\Users\ub02-glab-047\Downloads\data_2\data\sales\SALES_S04_20240617.csv"
"SALES_S04_20240617__R1.csv","S04","2024-06-17","1","C:\Users\ub02-glab-047\Downloads\data_2\data\sales\SALES_S04_20240617__R1.csv"
"SALES_S04_20240617__R2.csv","S04","2024-06-17","2","C:\Users\ub02-glab-047\Downloads\data_2\data\sales\SALES_S04_20240617__R2.csv"
"SALES_S04_20240618.csv","S04","2024-06-18","0","C:\Users\ub02-glab-047\Downloads\data_2\data\sales\SALES_S04_20240618.csv"
"SALES_S04_20240619.csv","S04","2024-06-19","0","C:\Users\ub02-glab-047\Downloads\data_2\data\sales\SALES_S04_20240619.csv"
"SALES_S04_20240620.csv","S04","2024-06-20","0","C:\Users\ub02-glab-047\Downloads\data_2\data\sales\SALES_S04_20240620.csv"
"SALES_S04_20240621.csv","S04","2024-06-21","0","C:\Users\ub02-glab-047\Downloads\data_2\data\sales\SALES_S04_20240621.csv"
"SALES_S04_20240622.csv","S04","2024-06-22","0","C:\Users\ub02-glab-047\Downloads\data_2\data\sales\SALES_S04_20240622.csv"
"SALES_S04_20240623.csv","S04","2024-06-23","0","C:\Users\ub02-glab-047\Downloads\data_2\data\sales\SALES_S04_20240623.csv"
"SALES_S04_20240624.csv","S04","2024-06-24","0","C:\Users\ub02-glab-047\Downloads\data_2\data\sales\SALES_S04_20240624.csv"
"SALES_S04_20240625.csv","S04","2024-06-25","0","C:\Users\ub02-glab-047\Downloads\data_2\data\sales\SALES_S04_20240625.csv"
"SALES_S04_20240626.csv","S04","2024-06-26","0","C:\Users\ub02-glab-047\Downloads\data_2\data\sales\SALES_S04_20240626.csv"
"SALES_S04_20240627.csv","S04","2024-06-27","0","C:\Users\ub02-glab-047\Downloads\data_2\data\sales\SALES_S04_20240627.csv"
"SALES_S04_20240628.csv","S04","2024-06-28","0","C:\Users\ub02-glab-047\Downloads\data_2\data\sales\SALES_S04_20240628.csv"
"SALES_S04_20240629.csv","S04","2024-06-29","0","C:\Users\ub02-glab-047\Downloads\data_2\data\sales\SALES_S04_20240629.csv"
"SALES_S04_20240630.csv","S04","2024-06-30","0","C:\Users\ub02-glab-047\Downloads\data_2\data\sales\SALES_S04_20240630.csv"
"SALES_S04_20240701.csv","S04","2024-07-01","0","C:\Users\ub02-glab-047\Downloads\data_2\data\sales\SALES_S04_20240701.csv"
"SALES_S04_20240702.csv","S04","2024-07-02","0","C:\Users\ub02-glab-047\Downloads\data_2\data\sales\SALES_S04_20240702.csv"
"SALES_S04_20240703.csv","S04","2024-07-03","0","C:\Users\ub02-glab-047\Downloads\data_2\data\sales\SALES_S04_20240703.csv"
"SALES_S04_20240704.csv","S04","2024-07-04","0","C:\Users\ub02-glab-047\Downloads\data_2\data\sales\SALES_S04_20240704.csv"
"SALES_S04_20240705.csv","S04","2024-07-05","0","C:\Users\ub02-glab-047\Downloads\data_2\data\sales\SALES_S04_20240705.csv"
"SALES_S04_20240706.csv","S04","2024-07-06","0","C:\Users\ub02-glab-047\Downloads\data_2\data\sales\SALES_S04_20240706.csv"
"SALES_S04_20240707.csv","S04","2024-07-07","0","C:\Users\ub02-glab-047\Downloads\data_2\data\sales\SALES_S04_20240707.csv"
"SALES_S04_20240708.csv","S04","2024-07-08","0","C:\Users\ub02-glab-047\Downloads\data_2\data\sales\SALES_S04_20240708.csv"
"SALES_S04_20240709.csv","S04","2024-07-09","0","C:\Users\ub02-glab-047\Downloads\data_2\data\sales\SALES_S04_20240709.csv"
"SALES_S04_20240710.csv","S04","2024-07-10","0","C:\Users\ub02-glab-047\Downloads\data_2\data\sales\SALES_S04_20240710.csv"
"SALES_S04_20240711.csv","S04","2024-07-11","0","C:\Users\ub02-glab-047\Downloads\data_2\data\sales\SALES_S04_20240711.csv"
"SALES_S04_20240712.csv","S04","2024-07-12","0","C:\Users\ub02-glab-047\Downloads\data_2\data\sales\SALES_S04_20240712.csv"
"SALES_S04_20240713.csv","S04","2024-07-13","0","C:\Users\ub02-glab-047\Downloads\data_2\data\sales\SALES_S04_20240713.csv"
"SALES_S04_20240714.csv","S04","2024-07-14","0","C:\Users\ub02-glab-047\Downloads\data_2\data\sales\SALES_S04_20240714.csv"
"SALES_S04_20240715.csv","S04","2024-07-15","0","C:\Users\ub02-glab-047\Downloads\data_2\data\sales\SALES_S04_20240715.csv"
"SALES_S04_20240716.csv","S04","2024-07-16","0","C:\Users\ub02-glab-047\Downloads\data_2\data\sales\SALES_S04_20240716.csv"
"SALES_S04_20240717.csv","S04","2024-07-17","0","C:\Users\ub02-glab-047\Downloads\data_2\data\sales\SALES_S04_20240717.csv"
"SALES_S04_20240718.csv","S04","2024-07-18","0","C:\Users\ub02-glab-047\Downloads\data_2\data\sales\SALES_S04_20240718.csv"
"SALES_S04_20240719.csv","S04","2024-07-19","0","C:\Users\ub02-glab-047\Downloads\data_2\data\sales\SALES_S04_20240719.csv"
"SALES_S04_20240720.csv","S04","2024-07-20","0","C:\Users\ub02-glab-047\Downloads\data_2\data\sales\SALES_S04_20240720.csv"
"SALES_S04_20240721.csv","S04","2024-07-21","0","C:\Users\ub02-glab-047\Downloads\data_2\data\sales\SALES_S04_20240721.csv"
"SALES_S04_20240722.csv","S04","2024-07-22","0","C:\Users\ub02-glab-047\Downloads\data_2\data\sales\SALES_S04_20240722.csv"
"SALES_S04_20240723.csv","S04","2024-07-23","0","C:\Users\ub02-glab-047\Downloads\data_2\data\sales\SALES_S04_20240723.csv"
"SALES_S04_20240724.csv","S04","2024-07-24","0","C:\Users\ub02-glab-047\Downloads\data_2\data\sales\SALES_S04_20240724.csv"
"SALES_S04_20240725.csv","S04","2024-07-25","0","C:\Users\ub02-glab-047\Downloads\data_2\data\sales\SALES_S04_20240725.csv"
"SALES_S04_20240726.csv","S04","2024-07-26","0","C:\Users\ub02-glab-047\Downloads\data_2\data\sales\SALES_S04_20240726.csv"
"SALES_S04_20240727.csv","S04","2024-07-27","0","C:\Users\ub02-glab-047\Downloads\data_2\data\sales\SALES_S04_20240727.csv"
"SALES_S04_20240728.csv","S04","2024-07-28","0","C:\Users\ub02-glab-047\Downloads\data_2\data\sales\SALES_S04_20240728.csv"
"SALES_S04_20240729.csv","S04","2024-07-29","0","C:\Users\ub02-glab-047\Downloads\data_2\data\sales\SALES_S04_20240729.csv"
"SALES_S04_20240730.csv","S04","2024-07-30","0","C:\Users\ub02-glab-047\Downloads\data_2\data\sales\SALES_S04_20240730.csv"
"SALES_S04_20240731.csv","S04","2024-07-31","0","C:\Users\ub02-glab-047\Downloads\data_2\data\sales\SALES_S04_20240731.csv"
"SALES_S04_20240801.csv","S04","2024-08-01","0","C:\Users\ub02-glab-047\Downloads\data_2\data\sales\SALES_S04_20240801.csv"
"SALES_S04_20240802.csv","S04","2024-08-02","0","C:\Users\ub02-glab-047\Downloads\data_2\data\sales\SALES_S04_20240802.csv"
"SALES_S04_20240803.csv","S04","2024-08-03","0","C:\Users\ub02-glab-047\Downloads\data_2\data\sales\SALES_S04_20240803.csv"
"SALES_S04_20240804.csv","S04","2024-08-04","0","C:\Users\ub02-glab-047\Downloads\data_2\data\sales\SALES_S04_20240804.csv"
"SALES_S04_20240805.csv","S04","2024-08-05","0","C:\Users\ub02-glab-047\Downloads\data_2\data\sales\SALES_S04_20240805.csv"
"SALES_S04_20240806.csv","S04","2024-08-06","0","C:\Users\ub02-glab-047\Downloads\data_2\data\sales\SALES_S04_20240806.csv"
"SALES_S04_20240807.csv","S04","2024-08-07","0","C:\Users\ub02-glab-047\Downloads\data_2\data\sales\SALES_S04_20240807.csv"
"SALES_S04_20240808.csv","S04","2024-08-08","0","C:\Users\ub02-glab-047\Downloads\data_2\data\sales\SALES_S04_20240808.csv"
"SALES_S04_20240809.csv","S04","2024-08-09","0","C:\Users\ub02-glab-047\Downloads\data_2\data\sales\SALES_S04_20240809.csv"
"SALES_S04_20240810.csv","S04","2024-08-10","0","C:\Users\ub02-glab-047\Downloads\data_2\data\sales\SALES_S04_20240810.csv"
"SALES_S04_20240811.csv","S04","2024-08-11","0","C:\Users\ub02-glab-047\Downloads\data_2\data\sales\SALES_S04_20240811.csv"
"SALES_S04_20240812.csv","S04","2024-08-12","0","C:\Users\ub02-glab-047\Downloads\data_2\data\sales\SALES_S04_20240812.csv"
"SALES_S04_20240813.csv","S04","2024-08-13","0","C:\Users\ub02-glab-047\Downloads\data_2\data\sales\SALES_S04_20240813.csv"
"SALES_S04_20240814.csv","S04","2024-08-14","0","C:\Users\ub02-glab-047\Downloads\data_2\data\sales\SALES_S04_20240814.csv"
"SALES_S04_20240815.csv","S04","2024-08-15","0","C:\Users\ub02-glab-047\Downloads\data_2\data\sales\SALES_S04_20240815.csv"
"SALES_S04_20240816.csv","S04","2024-08-16","0","C:\Users\ub02-glab-047\Downloads\data_2\data\sales\SALES_S04_20240816.csv"
"SALES_S04_20240817.csv","S04","2024-08-17","0","C:\Users\ub02-glab-047\Downloads\data_2\data\sales\SALES_S04_20240817.csv"
"SALES_S04_20240818.csv","S04","2024-08-18","0","C:\Users\ub02-glab-047\Downloads\data_2\data\sales\SALES_S04_20240818.csv"
"SALES_S04_20240819.csv","S04","2024-08-19","0","C:\Users\ub02-glab-047\Downloads\data_2\data\sales\SALES_S04_20240819.csv"
"SALES_S04_20240820.csv","S04","2024-08-20","0","C:\Users\ub02-glab-047\Downloads\data_2\data\sales\SALES_S04_20240820.csv"
"SALES_S04_20240821.csv","S04","2024-08-21","0","C:\Users\ub02-glab-047\Downloads\data_2\data\sales\SALES_S04_20240821.csv"
"SALES_S04_20240822.csv","S04","2024-08-22","0","C:\Users\ub02-glab-047\Downloads\data_2\data\sales\SALES_S04_20240822.csv"
"SALES_S04_20240823.csv","S04","2024-08-23","0","C:\Users\ub02-glab-047\Downloads\data_2\data\sales\SALES_S04_20240823.csv"
"SALES_S04_20240824.csv","S04","2024-08-24","0","C:\Users\ub02-glab-047\Downloads\data_2\data\sales\SALES_S04_20240824.csv"
"SALES_S04_20240825.csv","S04","2024-08-25","0","C:\Users\ub02-glab-047\Downloads\data_2\data\sales\SALES_S04_20240825.csv"
"SALES_S04_20240826.csv","S04","2024-08-26","0","C:\Users\ub02-glab-047\Downloads\data_2\data\sales\SALES_S04_20240826.csv"
"SALES_S04_20240827.csv","S04","2024-08-27","0","C:\Users\ub02-glab-047\Downloads\data_2\data\sales\SALES_S04_20240827.csv"
"SALES_S04_20240828.csv","S04","2024-08-28","0","C:\Users\ub02-glab-047\Downloads\data_2\data\sales\SALES_S04_20240828.csv"
"SALES_S04_20240829.csv","S04","2024-08-29","0","C:\Users\ub02-glab-047\Downloads\data_2\data\sales\SALES_S04_20240829.csv"
"SALES_S04_20240830.csv","S04","2024-08-30","0","C:\Users\ub02-glab-047\Downloads\data_2\data\sales\SALES_S04_20240830.csv"
"SALES_S04_20240831.csv","S04","2024-08-31","0","C:\Users\ub02-glab-047\Downloads\data_2\data\sales\SALES_S04_20240831.csv"
"SALES_S04_20240901.csv","S04","2024-09-01","0","C:\Users\ub02-glab-047\Downloads\data_2\data\sales\SALES_S04_20240901.csv"
"SALES_S04_20240902.csv","S04","2024-09-02","0","C:\Users\ub02-glab-047\Downloads\data_2\data\sales\SALES_S04_20240902.csv"
"SALES_S04_20240903.csv","S04","2024-09-03","0","C:\Users\ub02-glab-047\Downloads\data_2\data\sales\SALES_S04_20240903.csv"
"SALES_S04_20240904.csv","S04","2024-09-04","0","C:\Users\ub02-glab-047\Downloads\data_2\data\sales\SALES_S04_20240904.csv"
"SALES_S04_20240905.csv","S04","2024-09-05","0","C:\Users\ub02-glab-047\Downloads\data_2\data\sales\SALES_S04_20240905.csv"
"SALES_S04_20240905__R1.csv","S04","2024-09-05","1","C:\Users\ub02-glab-047\Downloads\data_2\data\sales\SALES_S04_20240905__R1.csv"
"SALES_S04_20240905__R2.csv","S04","2024-09-05","2","C:\Users\ub02-glab-047\Downloads\data_2\data\sales\SALES_S04_20240905__R2.csv"
"SALES_S04_20240906.csv","S04","2024-09-06","0","C:\Users\ub02-glab-047\Downloads\data_2\data\sales\SALES_S04_20240906.csv"
"SALES_S04_20240907.csv","S04","2024-09-07","0","C:\Users\ub02-glab-047\Downloads\data_2\data\sales\SALES_S04_20240907.csv"
"SALES_S04_20240908.csv","S04","2024-09-08","0","C:\Users\ub02-glab-047\Downloads\data_2\data\sales\SALES_S04_20240908.csv"
"SALES_S04_20240909.csv","S04","2024-09-09","0","C:\Users\ub02-glab-047\Downloads\data_2\data\sales\SALES_S04_20240909.csv"
"SALES_S04_20240910.csv","S04","2024-09-10","0","C:\Users\ub02-glab-047\Downloads\data_2\data\sales\SALES_S04_20240910.csv"
"SALES_S04_20240911.csv","S04","2024-09-11","0","C:\Users\ub02-glab-047\Downloads\data_2\data\sales\SALES_S04_20240911.csv"
"SALES_S04_20240912.csv","S04","2024-09-12","0","C:\Users\ub02-glab-047\Downloads\data_2\data\sales\SALES_S04_20240912.csv"
"SALES_S04_20240913.csv","S04","2024-09-13","0","C:\Users\ub02-glab-047\Downloads\data_2\data\sales\SALES_S04_20240913.csv"
"SALES_S04_20240914.csv","S04","2024-09-14","0","C:\Users\ub02-glab-047\Downloads\data_2\data\sales\SALES_S04_20240914.csv"
"SALES_S04_20240915.csv","S04","2024-09-15","0","C:\Users\ub02-glab-047\Downloads\data_2\data\sales\SALES_S04_20240915.csv"
"SALES_S04_20240916.csv","S04","2024-09-16","0","C:\Users\ub02-glab-047\Downloads\data_2\data\sales\SALES_S04_20240916.csv"
"SALES_S04_20240917.csv","S04","2024-09-17","0","C:\Users\ub02-glab-047\Downloads\data_2\data\sales\SALES_S04_20240917.csv"
"SALES_S04_20240918.csv","S04","2024-09-18","0","C:\Users\ub02-glab-047\Downloads\data_2\data\sales\SALES_S04_20240918.csv"
"SALES_S04_20240919.csv","S04","2024-09-19","0","C:\Users\ub02-glab-047\Downloads\data_2\data\sales\SALES_S04_20240919.csv"
"SALES_S04_20240920.csv","S04","2024-09-20","0","C:\Users\ub02-glab-047\Downloads\data_2\data\sales\SALES_S04_20240920.csv"
"SALES_S04_20240921.csv","S04","2024-09-21","0","C:\Users\ub02-glab-047\Downloads\data_2\data\sales\SALES_S04_20240921.csv"
"SALES_S04_20240922.csv","S04","2024-09-22","0","C:\Users\ub02-glab-047\Downloads\data_2\data\sales\SALES_S04_20240922.csv"
"SALES_S04_20240923.csv","S04","2024-09-23","0","C:\Users\ub02-glab-047\Downloads\data_2\data\sales\SALES_S04_20240923.csv"
"SALES_S04_20240924.csv","S04","2024-09-24","0","C:\Users\ub02-glab-047\Downloads\data_2\data\sales\SALES_S04_20240924.csv"
"SALES_S04_20240925.csv","S04","2024-09-25","0","C:\Users\ub02-glab-047\Downloads\data_2\data\sales\SALES_S04_20240925.csv"
"SALES_S04_20240926.csv","S04","2024-09-26","0","C:\Users\ub02-glab-047\Downloads\data_2\data\sales\SALES_S04_20240926.csv"
"SALES_S04_20240927.csv","S04","2024-09-27","0","C:\Users\ub02-glab-047\Downloads\data_2\data\sales\SALES_S04_20240927.csv"
"SALES_S04_20240928.csv","S04","2024-09-28","0","C:\Users\ub02-glab-047\Downloads\data_2\data\sales\SALES_S04_20240928.csv"
"SALES_S04_20240929.csv","S04","2024-09-29","0","C:\Users\ub02-glab-047\Downloads\data_2\data\sales\SALES_S04_20240929.csv"
"SALES_S04_20240930.csv","S04","2024-09-30","0","C:\Users\ub02-glab-047\Downloads\data_2\data\sales\SALES_S04_20240930.csv"
"SALES_S04_20241001.csv","S04","2024-10-01","0","C:\Users\ub02-glab-047\Downloads\data_2\data\sales\SALES_S04_20241001.csv"
"SALES_S04_20241002.csv","S04","2024-10-02","0","C:\Users\ub02-glab-047\Downloads\data_2\data\sales\SALES_S04_20241002.csv"
"SALES_S04_20241003.csv","S04","2024-10-03","0","C:\Users\ub02-glab-047\Downloads\data_2\data\sales\SALES_S04_20241003.csv"
"SALES_S04_20241004.csv","S04","2024-10-04","0","C:\Users\ub02-glab-047\Downloads\data_2\data\sales\SALES_S04_20241004.csv"
"SALES_S04_20241005.csv","S04","2024-10-05","0","C:\Users\ub02-glab-047\Downloads\data_2\data\sales\SALES_S04_20241005.csv"
"SALES_S04_20241006.csv","S04","2024-10-06","0","C:\Users\ub02-glab-047\Downloads\data_2\data\sales\SALES_S04_20241006.csv"
"SALES_S04_20241007.csv","S04","2024-10-07","0","C:\Users\ub02-glab-047\Downloads\data_2\data\sales\SALES_S04_20241007.csv"
"SALES_S04_20241008.csv","S04","2024-10-08","0","C:\Users\ub02-glab-047\Downloads\data_2\data\sales\SALES_S04_20241008.csv"
"SALES_S04_20241009.csv","S04","2024-10-09","0","C:\Users\ub02-glab-047\Downloads\data_2\data\sales\SALES_S04_20241009.csv"
"SALES_S04_20241010.csv","S04","2024-10-10","0","C:\Users\ub02-glab-047\Downloads\data_2\data\sales\SALES_S04_20241010.csv"
"SALES_S04_20241011.csv","S04","2024-10-11","0","C:\Users\ub02-glab-047\Downloads\data_2\data\sales\SALES_S04_20241011.csv"
"SALES_S04_20241012.csv","S04","2024-10-12","0","C:\Users\ub02-glab-047\Downloads\data_2\data\sales\SALES_S04_20241012.csv"
"SALES_S04_20241013.csv","S04","2024-10-13","0","C:\Users\ub02-glab-047\Downloads\data_2\data\sales\SALES_S04_20241013.csv"
"SALES_S04_20241014.csv","S04","2024-10-14","0","C:\Users\ub02-glab-047\Downloads\data_2\data\sales\SALES_S04_20241014.csv"
"SALES_S04_20241015.csv","S04","2024-10-15","0","C:\Users\ub02-glab-047\Downloads\data_2\data\sales\SALES_S04_20241015.csv"
"SALES_S04_20241016.csv","S04","2024-10-16","0","C:\Users\ub02-glab-047\Downloads\data_2\data\sales\SALES_S04_20241016.csv"
"SALES_S04_20241017.csv","S04","2024-10-17","0","C:\Users\ub02-glab-047\Downloads\data_2\data\sales\SALES_S04_20241017.csv"
"SALES_S04_20241018.csv","S04","2024-10-18","0","C:\Users\ub02-glab-047\Downloads\data_2\data\sales\SALES_S04_20241018.csv"
"SALES_S04_20241019.csv","S04","2024-10-19","0","C:\Users\ub02-glab-047\Downloads\data_2\data\sales\SALES_S04_20241019.csv"
"SALES_S04_20241020.csv","S04","2024-10-20","0","C:\Users\ub02-glab-047\Downloads\data_2\data\sales\SALES_S04_20241020.csv"
"SALES_S04_20241021.csv","S04","2024-10-21","0","C:\Users\ub02-glab-047\Downloads\data_2\data\sales\SALES_S04_20241021.csv"
"SALES_S04_20241022.csv","S04","2024-10-22","0","C:\Users\ub02-glab-047\Downloads\data_2\data\sales\SALES_S04_20241022.csv"
"SALES_S04_20241023.csv","S04","2024-10-23","0","C:\Users\ub02-glab-047\Downloads\data_2\data\sales\SALES_S04_20241023.csv"
"SALES_S04_20241024.csv","S04","2024-10-24","0","C:\Users\ub02-glab-047\Downloads\data_2\data\sales\SALES_S04_20241024.csv"
"SALES_S04_20241025.csv","S04","2024-10-25","0","C:\Users\ub02-glab-047\Downloads\data_2\data\sales\SALES_S04_20241025.csv"
"SALES_S04_20241026.csv","S04","2024-10-26","0","C:\Users\ub02-glab-047\Downloads\data_2\data\sales\SALES_S04_20241026.csv"
"SALES_S04_20241027.csv","S04","2024-10-27","0","C:\Users\ub02-glab-047\Downloads\data_2\data\sales\SALES_S04_20241027.csv"
"SALES_S04_20241028.csv","S04","2024-10-28","0","C:\Users\ub02-glab-047\Downloads\data_2\data\sales\SALES_S04_20241028.csv"
"SALES_S04_20241029.csv","S04","2024-10-29","0","C:\Users\ub02-glab-047\Downloads\data_2\data\sales\SALES_S04_20241029.csv"
"SALES_S04_20241030.csv","S04","2024-10-30","0","C:\Users\ub02-glab-047\Downloads\data_2\data\sales\SALES_S04_20241030.csv"
"SALES_S04_20241031.csv","S04","2024-10-31","0","C:\Users\ub02-glab-047\Downloads\data_2\data\sales\SALES_S04_20241031.csv"
"SALES_S04_20241101.csv","S04","2024-11-01","0","C:\Users\ub02-glab-047\Downloads\data_2\data\sales\SALES_S04_20241101.csv"
"SALES_S04_20241102.csv","S04","2024-11-02","0","C:\Users\ub02-glab-047\Downloads\data_2\data\sales\SALES_S04_20241102.csv"
"SALES_S04_20241103.csv","S04","2024-11-03","0","C:\Users\ub02-glab-047\Downloads\data_2\data\sales\SALES_S04_20241103.csv"
"SALES_S04_20241104.csv","S04","2024-11-04","0","C:\Users\ub02-glab-047\Downloads\data_2\data\sales\SALES_S04_20241104.csv"
"SALES_S04_20241105.csv","S04","2024-11-05","0","C:\Users\ub02-glab-047\Downloads\data_2\data\sales\SALES_S04_20241105.csv"
"SALES_S04_20241106.csv","S04","2024-11-06","0","C:\Users\ub02-glab-047\Downloads\data_2\data\sales\SALES_S04_20241106.csv"
"SALES_S04_20241106__R1.csv","S04","2024-11-06","1","C:\Users\ub02-glab-047\Downloads\data_2\data\sales\SALES_S04_20241106__R1.csv"
"SALES_S04_20241106__R2.csv","S04","2024-11-06","2","C:\Users\ub02-glab-047\Downloads\data_2\data\sales\SALES_S04_20241106__R2.csv"
"SALES_S04_20241107.csv","S04","2024-11-07","0","C:\Users\ub02-glab-047\Downloads\data_2\data\sales\SALES_S04_20241107.csv"
"SALES_S04_20241108.csv","S04","2024-11-08","0","C:\Users\ub02-glab-047\Downloads\data_2\data\sales\SALES_S04_20241108.csv"
"SALES_S04_20241109.csv","S04","2024-11-09","0","C:\Users\ub02-glab-047\Downloads\data_2\data\sales\SALES_S04_20241109.csv"
"SALES_S04_20241110.csv","S04","2024-11-10","0","C:\Users\ub02-glab-047\Downloads\data_2\data\sales\SALES_S04_20241110.csv"
"SALES_S04_20241111.csv","S04","2024-11-11","0","C:\Users\ub02-glab-047\Downloads\data_2\data\sales\SALES_S04_20241111.csv"
"SALES_S04_20241112.csv","S04","2024-11-12","0","C:\Users\ub02-glab-047\Downloads\data_2\data\sales\SALES_S04_20241112.csv"
"SALES_S04_20241113.csv","S04","2024-11-13","0","C:\Users\ub02-glab-047\Downloads\data_2\data\sales\SALES_S04_20241113.csv"
"SALES_S04_20241114.csv","S04","2024-11-14","0","C:\Users\ub02-glab-047\Downloads\data_2\data\sales\SALES_S04_20241114.csv"
"SALES_S04_20241115.csv","S04","2024-11-15","0","C:\Users\ub02-glab-047\Downloads\data_2\data\sales\SALES_S04_20241115.csv"
"SALES_S04_20241116.csv","S04","2024-11-16","0","C:\Users\ub02-glab-047\Downloads\data_2\data\sales\SALES_S04_20241116.csv"
"SALES_S04_20241117.csv","S04","2024-11-17","0","C:\Users\ub02-glab-047\Downloads\data_2\data\sales\SALES_S04_20241117.csv"
"SALES_S04_20241118.csv","S04","2024-11-18","0","C:\Users\ub02-glab-047\Downloads\data_2\data\sales\SALES_S04_20241118.csv"
"SALES_S04_20241119.csv","S04","2024-11-19","0","C:\Users\ub02-glab-047\Downloads\data_2\data\sales\SALES_S04_20241119.csv"
"SALES_S04_20241120.csv","S04","2024-11-20","0","C:\Users\ub02-glab-047\Downloads\data_2\data\sales\SALES_S04_20241120.csv"
"SALES_S04_20241121.csv","S04","2024-11-21","0","C:\Users\ub02-glab-047\Downloads\data_2\data\sales\SALES_S04_20241121.csv"
"SALES_S04_20241122.csv","S04","2024-11-22","0","C:\Users\ub02-glab-047\Downloads\data_2\data\sales\SALES_S04_20241122.csv"
"SALES_S04_20241123.csv","S04","2024-11-23","0","C:\Users\ub02-glab-047\Downloads\data_2\data\sales\SALES_S04_20241123.csv"
"SALES_S04_20241124.csv","S04","2024-11-24","0","C:\Users\ub02-glab-047\Downloads\data_2\data\sales\SALES_S04_20241124.csv"
"SALES_S04_20241125.csv","S04","2024-11-25","0","C:\Users\ub02-glab-047\Downloads\data_2\data\sales\SALES_S04_20241125.csv"
"SALES_S04_20241126.csv","S04","2024-11-26","0","C:\Users\ub02-glab-047\Downloads\data_2\data\sales\SALES_S04_20241126.csv"
"SALES_S04_20241127.csv","S04","2024-11-27","0","C:\Users\ub02-glab-047\Downloads\data_2\data\sales\SALES_S04_20241127.csv"
"SALES_S04_20241128.csv","S04","2024-11-28","0","C:\Users\ub02-glab-047\Downloads\data_2\data\sales\SALES_S04_20241128.csv"
"SALES_S04_20241129.csv","S04","2024-11-29","0","C:\Users\ub02-glab-047\Downloads\data_2\data\sales\SALES_S04_20241129.csv"
"SALES_S04_20241130.csv","S04","2024-11-30","0","C:\Users\ub02-glab-047\Downloads\data_2\data\sales\SALES_S04_20241130.csv"
"SALES_S04_20241201.csv","S04","2024-12-01","0","C:\Users\ub02-glab-047\Downloads\data_2\data\sales\SALES_S04_20241201.csv"
"SALES_S04_20241202.csv","S04","2024-12-02","0","C:\Users\ub02-glab-047\Downloads\data_2\data\sales\SALES_S04_20241202.csv"
"SALES_S04_20241203.csv","S04","2024-12-03","0","C:\Users\ub02-glab-047\Downloads\data_2\data\sales\SALES_S04_20241203.csv"
"SALES_S04_20241204.csv","S04","2024-12-04","0","C:\Users\ub02-glab-047\Downloads\data_2\data\sales\SALES_S04_20241204.csv"
"SALES_S04_20241205.csv","S04","2024-12-05","0","C:\Users\ub02-glab-047\Downloads\data_2\data\sales\SALES_S04_20241205.csv"
"SALES_S04_20241206.csv","S04","2024-12-06","0","C:\Users\ub02-glab-047\Downloads\data_2\data\sales\SALES_S04_20241206.csv"
"SALES_S04_20241207.csv","S04","2024-12-07","0","C:\Users\ub02-glab-047\Downloads\data_2\data\sales\SALES_S04_20241207.csv"
"SALES_S04_20241208.csv","S04","2024-12-08","0","C:\Users\ub02-glab-047\Downloads\data_2\data\sales\SALES_S04_20241208.csv"
"SALES_S04_20241209.csv","S04","2024-12-09","0","C:\Users\ub02-glab-047\Downloads\data_2\data\sales\SALES_S04_20241209.csv"
"SALES_S04_20241210.csv","S04","2024-12-10","0","C:\Users\ub02-glab-047\Downloads\data_2\data\sales\SALES_S04_20241210.csv"
"SALES_S04_20241211.csv","S04","2024-12-11","0","C:\Users\ub02-glab-047\Downloads\data_2\data\sales\SALES_S04_20241211.csv"
"SALES_S04_20241212.csv","S04","2024-12-12","0","C:\Users\ub02-glab-047\Downloads\data_2\data\sales\SALES_S04_20241212.csv"
"SALES_S04_20241213.csv","S04","2024-12-13","0","C:\Users\ub02-glab-047\Downloads\data_2\data\sales\SALES_S04_20241213.csv"
"SALES_S04_20241214.csv","S04","2024-12-14","0","C:\Users\ub02-glab-047\Downloads\data_2\data\sales\SALES_S04_20241214.csv"
"SALES_S04_20241215.csv","S04","2024-12-15","0","C:\Users\ub02-glab-047\Downloads\data_2\data\sales\SALES_S04_20241215.csv"
"SALES_S04_20241216.csv","S04","2024-12-16","0","C:\Users\ub02-glab-047\Downloads\data_2\data\sales\SALES_S04_20241216.csv"
"SALES_S04_20241217.csv","S04","2024-12-17","0","C:\Users\ub02-glab-047\Downloads\data_2\data\sales\SALES_S04_20241217.csv"
"SALES_S04_20241218.csv","S04","2024-12-18","0","C:\Users\ub02-glab-047\Downloads\data_2\data\sales\SALES_S04_20241218.csv"
"SALES_S04_20241219.csv","S04","2024-12-19","0","C:\Users\ub02-glab-047\Downloads\data_2\data\sales\SALES_S04_20241219.csv"
"SALES_S04_20241220.csv","S04","2024-12-20","0","C:\Users\ub02-glab-047\Downloads\data_2\data\sales\SALES_S04_20241220.csv"
"SALES_S04_20241221.csv","S04","2024-12-21","0","C:\Users\ub02-glab-047\Downloads\data_2\data\sales\SALES_S04_20241221.csv"
"SALES_S04_20241221__R1.csv","S04","2024-12-21","1","C:\Users\ub02-glab-047\Downloads\data_2\data\sales\SALES_S04_20241221__R1.csv"
"SALES_S04_20241222.csv","S04","2024-12-22","0","C:\Users\ub02-glab-047\Downloads\data_2\data\sales\SALES_S04_20241222.csv"
"SALES_S04_20241223.csv","S04","2024-12-23","0","C:\Users\ub02-glab-047\Downloads\data_2\data\sales\SALES_S04_20241223.csv"
"SALES_S04_20241224.csv","S04","2024-12-24","0","C:\Users\ub02-glab-047\Downloads\data_2\data\sales\SALES_S04_20241224.csv"
"SALES_S04_20241225.csv","S04","2024-12-25","0","C:\Users\ub02-glab-047\Downloads\data_2\data\sales\SALES_S04_20241225.csv"
"SALES_S04_20241226.csv","S04","2024-12-26","0","C:\Users\ub02-glab-047\Downloads\data_2\data\sales\SALES_S04_20241226.csv"
"SALES_S04_20241227.csv","S04","2024-12-27","0","C:\Users\ub02-glab-047\Downloads\data_2\data\sales\SALES_S04_20241227.csv"
"SALES_S04_20241228.csv","S04","2024-12-28","0","C:\Users\ub02-glab-047\Downloads\data_2\data\sales\SALES_S04_20241228.csv"
"SALES_S04_20241229.csv","S04","2024-12-29","0","C:\Users\ub02-glab-047\Downloads\data_2\data\sales\SALES_S04_20241229.csv"
"SALES_S04_20241230.csv","S04","2024-12-30","0","C:\Users\ub02-glab-047\Downloads\data_2\data\sales\SALES_S04_20241230.csv"
"SALES_S04_20241231.csv","S04","2024-12-31","0","C:\Users\ub02-glab-047\Downloads\data_2\data\sales\SALES_S04_20241231.csv"
"SALES_S05_20240101.csv","S05","2024-01-01","0","C:\Users\ub02-glab-047\Downloads\data_2\data\sales\SALES_S05_20240101.csv"
"SALES_S05_20240102.csv","S05","2024-01-02","0","C:\Users\ub02-glab-047\Downloads\data_2\data\sales\SALES_S05_20240102.csv"
"SALES_S05_20240103.csv","S05","2024-01-03","0","C:\Users\ub02-glab-047\Downloads\data_2\data\sales\SALES_S05_20240103.csv"
"SALES_S05_20240104.csv","S05","2024-01-04","0","C:\Users\ub02-glab-047\Downloads\data_2\data\sales\SALES_S05_20240104.csv"
"SALES_S05_20240105.csv","S05","2024-01-05","0","C:\Users\ub02-glab-047\Downloads\data_2\data\sales\SALES_S05_20240105.csv"
"SALES_S05_20240106.csv","S05","2024-01-06","0","C:\Users\ub02-glab-047\Downloads\data_2\data\sales\SALES_S05_20240106.csv"
"SALES_S05_20240107.csv","S05","2024-01-07","0","C:\Users\ub02-glab-047\Downloads\data_2\data\sales\SALES_S05_20240107.csv"
"SALES_S05_20240108.csv","S05","2024-01-08","0","C:\Users\ub02-glab-047\Downloads\data_2\data\sales\SALES_S05_20240108.csv"
"SALES_S05_20240109.csv","S05","2024-01-09","0","C:\Users\ub02-glab-047\Downloads\data_2\data\sales\SALES_S05_20240109.csv"
"SALES_S05_20240110.csv","S05","2024-01-10","0","C:\Users\ub02-glab-047\Downloads\data_2\data\sales\SALES_S05_20240110.csv"
"SALES_S05_20240111.csv","S05","2024-01-11","0","C:\Users\ub02-glab-047\Downloads\data_2\data\sales\SALES_S05_20240111.csv"
"SALES_S05_20240112.csv","S05","2024-01-12","0","C:\Users\ub02-glab-047\Downloads\data_2\data\sales\SALES_S05_20240112.csv"
"SALES_S05_20240113.csv","S05","2024-01-13","0","C:\Users\ub02-glab-047\Downloads\data_2\data\sales\SALES_S05_20240113.csv"
"SALES_S05_20240114.csv","S05","2024-01-14","0","C:\Users\ub02-glab-047\Downloads\data_2\data\sales\SALES_S05_20240114.csv"
"SALES_S05_20240115.csv","S05","2024-01-15","0","C:\Users\ub02-glab-047\Downloads\data_2\data\sales\SALES_S05_20240115.csv"
"SALES_S05_20240116.csv","S05","2024-01-16","0","C:\Users\ub02-glab-047\Downloads\data_2\data\sales\SALES_S05_20240116.csv"
"SALES_S05_20240117.csv","S05","2024-01-17","0","C:\Users\ub02-glab-047\Downloads\data_2\data\sales\SALES_S05_20240117.csv"
"SALES_S05_20240118.csv","S05","2024-01-18","0","C:\Users\ub02-glab-047\Downloads\data_2\data\sales\SALES_S05_20240118.csv"
"SALES_S05_20240119.csv","S05","2024-01-19","0","C:\Users\ub02-glab-047\Downloads\data_2\data\sales\SALES_S05_20240119.csv"
"SALES_S05_20240120.csv","S05","2024-01-20","0","C:\Users\ub02-glab-047\Downloads\data_2\data\sales\SALES_S05_20240120.csv"
"SALES_S05_20240121.csv","S05","2024-01-21","0","C:\Users\ub02-glab-047\Downloads\data_2\data\sales\SALES_S05_20240121.csv"
"SALES_S05_20240122.csv","S05","2024-01-22","0","C:\Users\ub02-glab-047\Downloads\data_2\data\sales\SALES_S05_20240122.csv"
"SALES_S05_20240123.csv","S05","2024-01-23","0","C:\Users\ub02-glab-047\Downloads\data_2\data\sales\SALES_S05_20240123.csv"
"SALES_S05_20240124.csv","S05","2024-01-24","0","C:\Users\ub02-glab-047\Downloads\data_2\data\sales\SALES_S05_20240124.csv"
"SALES_S05_20240125.csv","S05","2024-01-25","0","C:\Users\ub02-glab-047\Downloads\data_2\data\sales\SALES_S05_20240125.csv"
"SALES_S05_20240126.csv","S05","2024-01-26","0","C:\Users\ub02-glab-047\Downloads\data_2\data\sales\SALES_S05_20240126.csv"
"SALES_S05_20240127.csv","S05","2024-01-27","0","C:\Users\ub02-glab-047\Downloads\data_2\data\sales\SALES_S05_20240127.csv"
"SALES_S05_20240128.csv","S05","2024-01-28","0","C:\Users\ub02-glab-047\Downloads\data_2\data\sales\SALES_S05_20240128.csv"
"SALES_S05_20240129.csv","S05","2024-01-29","0","C:\Users\ub02-glab-047\Downloads\data_2\data\sales\SALES_S05_20240129.csv"
"SALES_S05_20240130.csv","S05","2024-01-30","0","C:\Users\ub02-glab-047\Downloads\data_2\data\sales\SALES_S05_20240130.csv"
"SALES_S05_20240131.csv","S05","2024-01-31","0","C:\Users\ub02-glab-047\Downloads\data_2\data\sales\SALES_S05_20240131.csv"
"SALES_S05_20240201.csv","S05","2024-02-01","0","C:\Users\ub02-glab-047\Downloads\data_2\data\sales\SALES_S05_20240201.csv"
"SALES_S05_20240201__R1.csv","S05","2024-02-01","1","C:\Users\ub02-glab-047\Downloads\data_2\data\sales\SALES_S05_20240201__R1.csv"
"SALES_S05_20240202.csv","S05","2024-02-02","0","C:\Users\ub02-glab-047\Downloads\data_2\data\sales\SALES_S05_20240202.csv"
"SALES_S05_20240203.csv","S05","2024-02-03","0","C:\Users\ub02-glab-047\Downloads\data_2\data\sales\SALES_S05_20240203.csv"
"SALES_S05_20240204.csv","S05","2024-02-04","0","C:\Users\ub02-glab-047\Downloads\data_2\data\sales\SALES_S05_20240204.csv"
"SALES_S05_20240205.csv","S05","2024-02-05","0","C:\Users\ub02-glab-047\Downloads\data_2\data\sales\SALES_S05_20240205.csv"
"SALES_S05_20240206.csv","S05","2024-02-06","0","C:\Users\ub02-glab-047\Downloads\data_2\data\sales\SALES_S05_20240206.csv"
"SALES_S05_20240207.csv","S05","2024-02-07","0","C:\Users\ub02-glab-047\Downloads\data_2\data\sales\SALES_S05_20240207.csv"
"SALES_S05_20240208.csv","S05","2024-02-08","0","C:\Users\ub02-glab-047\Downloads\data_2\data\sales\SALES_S05_20240208.csv"
"SALES_S05_20240209.csv","S05","2024-02-09","0","C:\Users\ub02-glab-047\Downloads\data_2\data\sales\SALES_S05_20240209.csv"
"SALES_S05_20240210.csv","S05","2024-02-10","0","C:\Users\ub02-glab-047\Downloads\data_2\data\sales\SALES_S05_20240210.csv"
"SALES_S05_20240211.csv","S05","2024-02-11","0","C:\Users\ub02-glab-047\Downloads\data_2\data\sales\SALES_S05_20240211.csv"
"SALES_S05_20240212.csv","S05","2024-02-12","0","C:\Users\ub02-glab-047\Downloads\data_2\data\sales\SALES_S05_20240212.csv"
"SALES_S05_20240213.csv","S05","2024-02-13","0","C:\Users\ub02-glab-047\Downloads\data_2\data\sales\SALES_S05_20240213.csv"
"SALES_S05_20240214.csv","S05","2024-02-14","0","C:\Users\ub02-glab-047\Downloads\data_2\data\sales\SALES_S05_20240214.csv"
"SALES_S05_20240215.csv","S05","2024-02-15","0","C:\Users\ub02-glab-047\Downloads\data_2\data\sales\SALES_S05_20240215.csv"
"SALES_S05_20240216.csv","S05","2024-02-16","0","C:\Users\ub02-glab-047\Downloads\data_2\data\sales\SALES_S05_20240216.csv"
"SALES_S05_20240217.csv","S05","2024-02-17","0","C:\Users\ub02-glab-047\Downloads\data_2\data\sales\SALES_S05_20240217.csv"
"SALES_S05_20240218.csv","S05","2024-02-18","0","C:\Users\ub02-glab-047\Downloads\data_2\data\sales\SALES_S05_20240218.csv"
"SALES_S05_20240219.csv","S05","2024-02-19","0","C:\Users\ub02-glab-047\Downloads\data_2\data\sales\SALES_S05_20240219.csv"
"SALES_S05_20240220.csv","S05","2024-02-20","0","C:\Users\ub02-glab-047\Downloads\data_2\data\sales\SALES_S05_20240220.csv"
"SALES_S05_20240221.csv","S05","2024-02-21","0","C:\Users\ub02-glab-047\Downloads\data_2\data\sales\SALES_S05_20240221.csv"
"SALES_S05_20240222.csv","S05","2024-02-22","0","C:\Users\ub02-glab-047\Downloads\data_2\data\sales\SALES_S05_20240222.csv"
"SALES_S05_20240223.csv","S05","2024-02-23","0","C:\Users\ub02-glab-047\Downloads\data_2\data\sales\SALES_S05_20240223.csv"
"SALES_S05_20240224.csv","S05","2024-02-24","0","C:\Users\ub02-glab-047\Downloads\data_2\data\sales\SALES_S05_20240224.csv"
"SALES_S05_20240225.csv","S05","2024-02-25","0","C:\Users\ub02-glab-047\Downloads\data_2\data\sales\SALES_S05_20240225.csv"
"SALES_S05_20240226.csv","S05","2024-02-26","0","C:\Users\ub02-glab-047\Downloads\data_2\data\sales\SALES_S05_20240226.csv"
"SALES_S05_20240227.csv","S05","2024-02-27","0","C:\Users\ub02-glab-047\Downloads\data_2\data\sales\SALES_S05_20240227.csv"
"SALES_S05_20240228.csv","S05","2024-02-28","0","C:\Users\ub02-glab-047\Downloads\data_2\data\sales\SALES_S05_20240228.csv"
"SALES_S05_20240229.csv","S05","2024-02-29","0","C:\Users\ub02-glab-047\Downloads\data_2\data\sales\SALES_S05_20240229.csv"
"SALES_S05_20240301.csv","S05","2024-03-01","0","C:\Users\ub02-glab-047\Downloads\data_2\data\sales\SALES_S05_20240301.csv"
"SALES_S05_20240302.csv","S05","2024-03-02","0","C:\Users\ub02-glab-047\Downloads\data_2\data\sales\SALES_S05_20240302.csv"
"SALES_S05_20240303.csv","S05","2024-03-03","0","C:\Users\ub02-glab-047\Downloads\data_2\data\sales\SALES_S05_20240303.csv"
"SALES_S05_20240304.csv","S05","2024-03-04","0","C:\Users\ub02-glab-047\Downloads\data_2\data\sales\SALES_S05_20240304.csv"
"SALES_S05_20240305.csv","S05","2024-03-05","0","C:\Users\ub02-glab-047\Downloads\data_2\data\sales\SALES_S05_20240305.csv"
"SALES_S05_20240306.csv","S05","2024-03-06","0","C:\Users\ub02-glab-047\Downloads\data_2\data\sales\SALES_S05_20240306.csv"
"SALES_S05_20240307.csv","S05","2024-03-07","0","C:\Users\ub02-glab-047\Downloads\data_2\data\sales\SALES_S05_20240307.csv"
"SALES_S05_20240308.csv","S05","2024-03-08","0","C:\Users\ub02-glab-047\Downloads\data_2\data\sales\SALES_S05_20240308.csv"
"SALES_S05_20240309.csv","S05","2024-03-09","0","C:\Users\ub02-glab-047\Downloads\data_2\data\sales\SALES_S05_20240309.csv"
"SALES_S05_20240310.csv","S05","2024-03-10","0","C:\Users\ub02-glab-047\Downloads\data_2\data\sales\SALES_S05_20240310.csv"
"SALES_S05_20240311.csv","S05","2024-03-11","0","C:\Users\ub02-glab-047\Downloads\data_2\data\sales\SALES_S05_20240311.csv"
"SALES_S05_20240312.csv","S05","2024-03-12","0","C:\Users\ub02-glab-047\Downloads\data_2\data\sales\SALES_S05_20240312.csv"
"SALES_S05_20240313.csv","S05","2024-03-13","0","C:\Users\ub02-glab-047\Downloads\data_2\data\sales\SALES_S05_20240313.csv"
"SALES_S05_20240314.csv","S05","2024-03-14","0","C:\Users\ub02-glab-047\Downloads\data_2\data\sales\SALES_S05_20240314.csv"
"SALES_S05_20240315.csv","S05","2024-03-15","0","C:\Users\ub02-glab-047\Downloads\data_2\data\sales\SALES_S05_20240315.csv"
"SALES_S05_20240316.csv","S05","2024-03-16","0","C:\Users\ub02-glab-047\Downloads\data_2\data\sales\SALES_S05_20240316.csv"
"SALES_S05_20240317.csv","S05","2024-03-17","0","C:\Users\ub02-glab-047\Downloads\data_2\data\sales\SALES_S05_20240317.csv"
"SALES_S05_20240318.csv","S05","2024-03-18","0","C:\Users\ub02-glab-047\Downloads\data_2\data\sales\SALES_S05_20240318.csv"
"SALES_S05_20240319.csv","S05","2024-03-19","0","C:\Users\ub02-glab-047\Downloads\data_2\data\sales\SALES_S05_20240319.csv"
"SALES_S05_20240320.csv","S05","2024-03-20","0","C:\Users\ub02-glab-047\Downloads\data_2\data\sales\SALES_S05_20240320.csv"
"SALES_S05_20240321.csv","S05","2024-03-21","0","C:\Users\ub02-glab-047\Downloads\data_2\data\sales\SALES_S05_20240321.csv"
"SALES_S05_20240322.csv","S05","2024-03-22","0","C:\Users\ub02-glab-047\Downloads\data_2\data\sales\SALES_S05_20240322.csv"
"SALES_S05_20240323.csv","S05","2024-03-23","0","C:\Users\ub02-glab-047\Downloads\data_2\data\sales\SALES_S05_20240323.csv"
"SALES_S05_20240324.csv","S05","2024-03-24","0","C:\Users\ub02-glab-047\Downloads\data_2\data\sales\SALES_S05_20240324.csv"
"SALES_S05_20240325.csv","S05","2024-03-25","0","C:\Users\ub02-glab-047\Downloads\data_2\data\sales\SALES_S05_20240325.csv"
"SALES_S05_20240326.csv","S05","2024-03-26","0","C:\Users\ub02-glab-047\Downloads\data_2\data\sales\SALES_S05_20240326.csv"
"SALES_S05_20240327.csv","S05","2024-03-27","0","C:\Users\ub02-glab-047\Downloads\data_2\data\sales\SALES_S05_20240327.csv"
"SALES_S05_20240328.csv","S05","2024-03-28","0","C:\Users\ub02-glab-047\Downloads\data_2\data\sales\SALES_S05_20240328.csv"
"SALES_S05_20240329.csv","S05","2024-03-29","0","C:\Users\ub02-glab-047\Downloads\data_2\data\sales\SALES_S05_20240329.csv"
"SALES_S05_20240330.csv","S05","2024-03-30","0","C:\Users\ub02-glab-047\Downloads\data_2\data\sales\SALES_S05_20240330.csv"
"SALES_S05_20240331.csv","S05","2024-03-31","0","C:\Users\ub02-glab-047\Downloads\data_2\data\sales\SALES_S05_20240331.csv"
"SALES_S05_20240401.csv","S05","2024-04-01","0","C:\Users\ub02-glab-047\Downloads\data_2\data\sales\SALES_S05_20240401.csv"
"SALES_S05_20240402.csv","S05","2024-04-02","0","C:\Users\ub02-glab-047\Downloads\data_2\data\sales\SALES_S05_20240402.csv"
"SALES_S05_20240403.csv","S05","2024-04-03","0","C:\Users\ub02-glab-047\Downloads\data_2\data\sales\SALES_S05_20240403.csv"
"SALES_S05_20240404.csv","S05","2024-04-04","0","C:\Users\ub02-glab-047\Downloads\data_2\data\sales\SALES_S05_20240404.csv"
"SALES_S05_20240405.csv","S05","2024-04-05","0","C:\Users\ub02-glab-047\Downloads\data_2\data\sales\SALES_S05_20240405.csv"
"SALES_S05_20240406.csv","S05","2024-04-06","0","C:\Users\ub02-glab-047\Downloads\data_2\data\sales\SALES_S05_20240406.csv"
"SALES_S05_20240407.csv","S05","2024-04-07","0","C:\Users\ub02-glab-047\Downloads\data_2\data\sales\SALES_S05_20240407.csv"
"SALES_S05_20240408.csv","S05","2024-04-08","0","C:\Users\ub02-glab-047\Downloads\data_2\data\sales\SALES_S05_20240408.csv"
"SALES_S05_20240409.csv","S05","2024-04-09","0","C:\Users\ub02-glab-047\Downloads\data_2\data\sales\SALES_S05_20240409.csv"
"SALES_S05_20240410.csv","S05","2024-04-10","0","C:\Users\ub02-glab-047\Downloads\data_2\data\sales\SALES_S05_20240410.csv"
"SALES_S05_20240411.csv","S05","2024-04-11","0","C:\Users\ub02-glab-047\Downloads\data_2\data\sales\SALES_S05_20240411.csv"
"SALES_S05_20240412.csv","S05","2024-04-12","0","C:\Users\ub02-glab-047\Downloads\data_2\data\sales\SALES_S05_20240412.csv"
"SALES_S05_20240413.csv","S05","2024-04-13","0","C:\Users\ub02-glab-047\Downloads\data_2\data\sales\SALES_S05_20240413.csv"
"SALES_S05_20240414.csv","S05","2024-04-14","0","C:\Users\ub02-glab-047\Downloads\data_2\data\sales\SALES_S05_20240414.csv"
"SALES_S05_20240415.csv","S05","2024-04-15","0","C:\Users\ub02-glab-047\Downloads\data_2\data\sales\SALES_S05_20240415.csv"
"SALES_S05_20240416.csv","S05","2024-04-16","0","C:\Users\ub02-glab-047\Downloads\data_2\data\sales\SALES_S05_20240416.csv"
"SALES_S05_20240417.csv","S05","2024-04-17","0","C:\Users\ub02-glab-047\Downloads\data_2\data\sales\SALES_S05_20240417.csv"
"SALES_S05_20240418.csv","S05","2024-04-18","0","C:\Users\ub02-glab-047\Downloads\data_2\data\sales\SALES_S05_20240418.csv"
"SALES_S05_20240419.csv","S05","2024-04-19","0","C:\Users\ub02-glab-047\Downloads\data_2\data\sales\SALES_S05_20240419.csv"
"SALES_S05_20240420.csv","S05","2024-04-20","0","C:\Users\ub02-glab-047\Downloads\data_2\data\sales\SALES_S05_20240420.csv"
"SALES_S05_20240421.csv","S05","2024-04-21","0","C:\Users\ub02-glab-047\Downloads\data_2\data\sales\SALES_S05_20240421.csv"
"SALES_S05_20240422.csv","S05","2024-04-22","0","C:\Users\ub02-glab-047\Downloads\data_2\data\sales\SALES_S05_20240422.csv"
"SALES_S05_20240423.csv","S05","2024-04-23","0","C:\Users\ub02-glab-047\Downloads\data_2\data\sales\SALES_S05_20240423.csv"
"SALES_S05_20240424.csv","S05","2024-04-24","0","C:\Users\ub02-glab-047\Downloads\data_2\data\sales\SALES_S05_20240424.csv"
"SALES_S05_20240425.csv","S05","2024-04-25","0","C:\Users\ub02-glab-047\Downloads\data_2\data\sales\SALES_S05_20240425.csv"
"SALES_S05_20240426.csv","S05","2024-04-26","0","C:\Users\ub02-glab-047\Downloads\data_2\data\sales\SALES_S05_20240426.csv"
"SALES_S05_20240427.csv","S05","2024-04-27","0","C:\Users\ub02-glab-047\Downloads\data_2\data\sales\SALES_S05_20240427.csv"
"SALES_S05_20240428.csv","S05","2024-04-28","0","C:\Users\ub02-glab-047\Downloads\data_2\data\sales\SALES_S05_20240428.csv"
"SALES_S05_20240429.csv","S05","2024-04-29","0","C:\Users\ub02-glab-047\Downloads\data_2\data\sales\SALES_S05_20240429.csv"
"SALES_S05_20240430.csv","S05","2024-04-30","0","C:\Users\ub02-glab-047\Downloads\data_2\data\sales\SALES_S05_20240430.csv"
"SALES_S05_20240501.csv","S05","2024-05-01","0","C:\Users\ub02-glab-047\Downloads\data_2\data\sales\SALES_S05_20240501.csv"
"SALES_S05_20240502.csv","S05","2024-05-02","0","C:\Users\ub02-glab-047\Downloads\data_2\data\sales\SALES_S05_20240502.csv"
"SALES_S05_20240503.csv","S05","2024-05-03","0","C:\Users\ub02-glab-047\Downloads\data_2\data\sales\SALES_S05_20240503.csv"
"SALES_S05_20240504.csv","S05","2024-05-04","0","C:\Users\ub02-glab-047\Downloads\data_2\data\sales\SALES_S05_20240504.csv"
"SALES_S05_20240505.csv","S05","2024-05-05","0","C:\Users\ub02-glab-047\Downloads\data_2\data\sales\SALES_S05_20240505.csv"
"SALES_S05_20240506.csv","S05","2024-05-06","0","C:\Users\ub02-glab-047\Downloads\data_2\data\sales\SALES_S05_20240506.csv"
"SALES_S05_20240507.csv","S05","2024-05-07","0","C:\Users\ub02-glab-047\Downloads\data_2\data\sales\SALES_S05_20240507.csv"
"SALES_S05_20240508.csv","S05","2024-05-08","0","C:\Users\ub02-glab-047\Downloads\data_2\data\sales\SALES_S05_20240508.csv"
"SALES_S05_20240509.csv","S05","2024-05-09","0","C:\Users\ub02-glab-047\Downloads\data_2\data\sales\SALES_S05_20240509.csv"
"SALES_S05_20240510.csv","S05","2024-05-10","0","C:\Users\ub02-glab-047\Downloads\data_2\data\sales\SALES_S05_20240510.csv"
"SALES_S05_20240511.csv","S05","2024-05-11","0","C:\Users\ub02-glab-047\Downloads\data_2\data\sales\SALES_S05_20240511.csv"
"SALES_S05_20240512.csv","S05","2024-05-12","0","C:\Users\ub02-glab-047\Downloads\data_2\data\sales\SALES_S05_20240512.csv"
"SALES_S05_20240513.csv","S05","2024-05-13","0","C:\Users\ub02-glab-047\Downloads\data_2\data\sales\SALES_S05_20240513.csv"
"SALES_S05_20240514.csv","S05","2024-05-14","0","C:\Users\ub02-glab-047\Downloads\data_2\data\sales\SALES_S05_20240514.csv"
"SALES_S05_20240515.csv","S05","2024-05-15","0","C:\Users\ub02-glab-047\Downloads\data_2\data\sales\SALES_S05_20240515.csv"
"SALES_S05_20240516.csv","S05","2024-05-16","0","C:\Users\ub02-glab-047\Downloads\data_2\data\sales\SALES_S05_20240516.csv"
"SALES_S05_20240517.csv","S05","2024-05-17","0","C:\Users\ub02-glab-047\Downloads\data_2\data\sales\SALES_S05_20240517.csv"
"SALES_S05_20240518.csv","S05","2024-05-18","0","C:\Users\ub02-glab-047\Downloads\data_2\data\sales\SALES_S05_20240518.csv"
"SALES_S05_20240519.csv","S05","2024-05-19","0","C:\Users\ub02-glab-047\Downloads\data_2\data\sales\SALES_S05_20240519.csv"
"SALES_S05_20240520.csv","S05","2024-05-20","0","C:\Users\ub02-glab-047\Downloads\data_2\data\sales\SALES_S05_20240520.csv"
"SALES_S05_20240521.csv","S05","2024-05-21","0","C:\Users\ub02-glab-047\Downloads\data_2\data\sales\SALES_S05_20240521.csv"
"SALES_S05_20240522.csv","S05","2024-05-22","0","C:\Users\ub02-glab-047\Downloads\data_2\data\sales\SALES_S05_20240522.csv"
"SALES_S05_20240523.csv","S05","2024-05-23","0","C:\Users\ub02-glab-047\Downloads\data_2\data\sales\SALES_S05_20240523.csv"
"SALES_S05_20240524.csv","S05","2024-05-24","0","C:\Users\ub02-glab-047\Downloads\data_2\data\sales\SALES_S05_20240524.csv"
"SALES_S05_20240525.csv","S05","2024-05-25","0","C:\Users\ub02-glab-047\Downloads\data_2\data\sales\SALES_S05_20240525.csv"
"SALES_S05_20240526.csv","S05","2024-05-26","0","C:\Users\ub02-glab-047\Downloads\data_2\data\sales\SALES_S05_20240526.csv"
"SALES_S05_20240527.csv","S05","2024-05-27","0","C:\Users\ub02-glab-047\Downloads\data_2\data\sales\SALES_S05_20240527.csv"
"SALES_S05_20240528.csv","S05","2024-05-28","0","C:\Users\ub02-glab-047\Downloads\data_2\data\sales\SALES_S05_20240528.csv"
"SALES_S05_20240529.csv","S05","2024-05-29","0","C:\Users\ub02-glab-047\Downloads\data_2\data\sales\SALES_S05_20240529.csv"
"SALES_S05_20240530.csv","S05","2024-05-30","0","C:\Users\ub02-glab-047\Downloads\data_2\data\sales\SALES_S05_20240530.csv"
"SALES_S05_20240531.csv","S05","2024-05-31","0","C:\Users\ub02-glab-047\Downloads\data_2\data\sales\SALES_S05_20240531.csv"
"SALES_S05_20240601.csv","S05","2024-06-01","0","C:\Users\ub02-glab-047\Downloads\data_2\data\sales\SALES_S05_20240601.csv"
"SALES_S05_20240602.csv","S05","2024-06-02","0","C:\Users\ub02-glab-047\Downloads\data_2\data\sales\SALES_S05_20240602.csv"
"SALES_S05_20240603.csv","S05","2024-06-03","0","C:\Users\ub02-glab-047\Downloads\data_2\data\sales\SALES_S05_20240603.csv"
"SALES_S05_20240604.csv","S05","2024-06-04","0","C:\Users\ub02-glab-047\Downloads\data_2\data\sales\SALES_S05_20240604.csv"
"SALES_S05_20240605.csv","S05","2024-06-05","0","C:\Users\ub02-glab-047\Downloads\data_2\data\sales\SALES_S05_20240605.csv"
"SALES_S05_20240606.csv","S05","2024-06-06","0","C:\Users\ub02-glab-047\Downloads\data_2\data\sales\SALES_S05_20240606.csv"
"SALES_S05_20240607.csv","S05","2024-06-07","0","C:\Users\ub02-glab-047\Downloads\data_2\data\sales\SALES_S05_20240607.csv"
"SALES_S05_20240608.csv","S05","2024-06-08","0","C:\Users\ub02-glab-047\Downloads\data_2\data\sales\SALES_S05_20240608.csv"
"SALES_S05_20240609.csv","S05","2024-06-09","0","C:\Users\ub02-glab-047\Downloads\data_2\data\sales\SALES_S05_20240609.csv"
"SALES_S05_20240610.csv","S05","2024-06-10","0","C:\Users\ub02-glab-047\Downloads\data_2\data\sales\SALES_S05_20240610.csv"
"SALES_S05_20240611.csv","S05","2024-06-11","0","C:\Users\ub02-glab-047\Downloads\data_2\data\sales\SALES_S05_20240611.csv"
"SALES_S05_20240612.csv","S05","2024-06-12","0","C:\Users\ub02-glab-047\Downloads\data_2\data\sales\SALES_S05_20240612.csv"
"SALES_S05_20240613.csv","S05","2024-06-13","0","C:\Users\ub02-glab-047\Downloads\data_2\data\sales\SALES_S05_20240613.csv"
"SALES_S05_20240614.csv","S05","2024-06-14","0","C:\Users\ub02-glab-047\Downloads\data_2\data\sales\SALES_S05_20240614.csv"
"SALES_S05_20240615.csv","S05","2024-06-15","0","C:\Users\ub02-glab-047\Downloads\data_2\data\sales\SALES_S05_20240615.csv"
"SALES_S05_20240616.csv","S05","2024-06-16","0","C:\Users\ub02-glab-047\Downloads\data_2\data\sales\SALES_S05_20240616.csv"
"SALES_S05_20240617.csv","S05","2024-06-17","0","C:\Users\ub02-glab-047\Downloads\data_2\data\sales\SALES_S05_20240617.csv"
"SALES_S05_20240618.csv","S05","2024-06-18","0","C:\Users\ub02-glab-047\Downloads\data_2\data\sales\SALES_S05_20240618.csv"
"SALES_S05_20240619.csv","S05","2024-06-19","0","C:\Users\ub02-glab-047\Downloads\data_2\data\sales\SALES_S05_20240619.csv"
"SALES_S05_20240620.csv","S05","2024-06-20","0","C:\Users\ub02-glab-047\Downloads\data_2\data\sales\SALES_S05_20240620.csv"
"SALES_S05_20240621.csv","S05","2024-06-21","0","C:\Users\ub02-glab-047\Downloads\data_2\data\sales\SALES_S05_20240621.csv"
"SALES_S05_20240622.csv","S05","2024-06-22","0","C:\Users\ub02-glab-047\Downloads\data_2\data\sales\SALES_S05_20240622.csv"
"SALES_S05_20240623.csv","S05","2024-06-23","0","C:\Users\ub02-glab-047\Downloads\data_2\data\sales\SALES_S05_20240623.csv"
"SALES_S05_20240624.csv","S05","2024-06-24","0","C:\Users\ub02-glab-047\Downloads\data_2\data\sales\SALES_S05_20240624.csv"
"SALES_S05_20240625.csv","S05","2024-06-25","0","C:\Users\ub02-glab-047\Downloads\data_2\data\sales\SALES_S05_20240625.csv"
"SALES_S05_20240626.csv","S05","2024-06-26","0","C:\Users\ub02-glab-047\Downloads\data_2\data\sales\SALES_S05_20240626.csv"
"SALES_S05_20240627.csv","S05","2024-06-27","0","C:\Users\ub02-glab-047\Downloads\data_2\data\sales\SALES_S05_20240627.csv"
"SALES_S05_20240628.csv","S05","2024-06-28","0","C:\Users\ub02-glab-047\Downloads\data_2\data\sales\SALES_S05_20240628.csv"
"SALES_S05_20240629.csv","S05","2024-06-29","0","C:\Users\ub02-glab-047\Downloads\data_2\data\sales\SALES_S05_20240629.csv"
"SALES_S05_20240630.csv","S05","2024-06-30","0","C:\Users\ub02-glab-047\Downloads\data_2\data\sales\SALES_S05_20240630.csv"
"SALES_S05_20240701.csv","S05","2024-07-01","0","C:\Users\ub02-glab-047\Downloads\data_2\data\sales\SALES_S05_20240701.csv"
"SALES_S05_20240702.csv","S05","2024-07-02","0","C:\Users\ub02-glab-047\Downloads\data_2\data\sales\SALES_S05_20240702.csv"
"SALES_S05_20240703.csv","S05","2024-07-03","0","C:\Users\ub02-glab-047\Downloads\data_2\data\sales\SALES_S05_20240703.csv"
"SALES_S05_20240704.csv","S05","2024-07-04","0","C:\Users\ub02-glab-047\Downloads\data_2\data\sales\SALES_S05_20240704.csv"
"SALES_S05_20240705.csv","S05","2024-07-05","0","C:\Users\ub02-glab-047\Downloads\data_2\data\sales\SALES_S05_20240705.csv"
"SALES_S05_20240706.csv","S05","2024-07-06","0","C:\Users\ub02-glab-047\Downloads\data_2\data\sales\SALES_S05_20240706.csv"
"SALES_S05_20240707.csv","S05","2024-07-07","0","C:\Users\ub02-glab-047\Downloads\data_2\data\sales\SALES_S05_20240707.csv"
"SALES_S05_20240708.csv","S05","2024-07-08","0","C:\Users\ub02-glab-047\Downloads\data_2\data\sales\SALES_S05_20240708.csv"
"SALES_S05_20240709.csv","S05","2024-07-09","0","C:\Users\ub02-glab-047\Downloads\data_2\data\sales\SALES_S05_20240709.csv"
"SALES_S05_20240710.csv","S05","2024-07-10","0","C:\Users\ub02-glab-047\Downloads\data_2\data\sales\SALES_S05_20240710.csv"
"SALES_S05_20240711.csv","S05","2024-07-11","0","C:\Users\ub02-glab-047\Downloads\data_2\data\sales\SALES_S05_20240711.csv"
"SALES_S05_20240712.csv","S05","2024-07-12","0","C:\Users\ub02-glab-047\Downloads\data_2\data\sales\SALES_S05_20240712.csv"
"SALES_S05_20240713.csv","S05","2024-07-13","0","C:\Users\ub02-glab-047\Downloads\data_2\data\sales\SALES_S05_20240713.csv"
"SALES_S05_20240714.csv","S05","2024-07-14","0","C:\Users\ub02-glab-047\Downloads\data_2\data\sales\SALES_S05_20240714.csv"
"SALES_S05_20240715.csv","S05","2024-07-15","0","C:\Users\ub02-glab-047\Downloads\data_2\data\sales\SALES_S05_20240715.csv"
"SALES_S05_20240716.csv","S05","2024-07-16","0","C:\Users\ub02-glab-047\Downloads\data_2\data\sales\SALES_S05_20240716.csv"
"SALES_S05_20240717.csv","S05","2024-07-17","0","C:\Users\ub02-glab-047\Downloads\data_2\data\sales\SALES_S05_20240717.csv"
"SALES_S05_20240718.csv","S05","2024-07-18","0","C:\Users\ub02-glab-047\Downloads\data_2\data\sales\SALES_S05_20240718.csv"
"SALES_S05_20240719.csv","S05","2024-07-19","0","C:\Users\ub02-glab-047\Downloads\data_2\data\sales\SALES_S05_20240719.csv"
"SALES_S05_20240720.csv","S05","2024-07-20","0","C:\Users\ub02-glab-047\Downloads\data_2\data\sales\SALES_S05_20240720.csv"
"SALES_S05_20240721.csv","S05","2024-07-21","0","C:\Users\ub02-glab-047\Downloads\data_2\data\sales\SALES_S05_20240721.csv"
"SALES_S05_20240722.csv","S05","2024-07-22","0","C:\Users\ub02-glab-047\Downloads\data_2\data\sales\SALES_S05_20240722.csv"
"SALES_S05_20240723.csv","S05","2024-07-23","0","C:\Users\ub02-glab-047\Downloads\data_2\data\sales\SALES_S05_20240723.csv"
"SALES_S05_20240724.csv","S05","2024-07-24","0","C:\Users\ub02-glab-047\Downloads\data_2\data\sales\SALES_S05_20240724.csv"
"SALES_S05_20240725.csv","S05","2024-07-25","0","C:\Users\ub02-glab-047\Downloads\data_2\data\sales\SALES_S05_20240725.csv"
"SALES_S05_20240726.csv","S05","2024-07-26","0","C:\Users\ub02-glab-047\Downloads\data_2\data\sales\SALES_S05_20240726.csv"
"SALES_S05_20240727.csv","S05","2024-07-27","0","C:\Users\ub02-glab-047\Downloads\data_2\data\sales\SALES_S05_20240727.csv"
"SALES_S05_20240728.csv","S05","2024-07-28","0","C:\Users\ub02-glab-047\Downloads\data_2\data\sales\SALES_S05_20240728.csv"
"SALES_S05_20240729.csv","S05","2024-07-29","0","C:\Users\ub02-glab-047\Downloads\data_2\data\sales\SALES_S05_20240729.csv"
"SALES_S05_20240730.csv","S05","2024-07-30","0","C:\Users\ub02-glab-047\Downloads\data_2\data\sales\SALES_S05_20240730.csv"
"SALES_S05_20240731.csv","S05","2024-07-31","0","C:\Users\ub02-glab-047\Downloads\data_2\data\sales\SALES_S05_20240731.csv"
"SALES_S05_20240801.csv","S05","2024-08-01","0","C:\Users\ub02-glab-047\Downloads\data_2\data\sales\SALES_S05_20240801.csv"
"SALES_S05_20240802.csv","S05","2024-08-02","0","C:\Users\ub02-glab-047\Downloads\data_2\data\sales\SALES_S05_20240802.csv"
"SALES_S05_20240803.csv","S05","2024-08-03","0","C:\Users\ub02-glab-047\Downloads\data_2\data\sales\SALES_S05_20240803.csv"
"SALES_S05_20240804.csv","S05","2024-08-04","0","C:\Users\ub02-glab-047\Downloads\data_2\data\sales\SALES_S05_20240804.csv"
"SALES_S05_20240805.csv","S05","2024-08-05","0","C:\Users\ub02-glab-047\Downloads\data_2\data\sales\SALES_S05_20240805.csv"
"SALES_S05_20240806.csv","S05","2024-08-06","0","C:\Users\ub02-glab-047\Downloads\data_2\data\sales\SALES_S05_20240806.csv"
"SALES_S05_20240807.csv","S05","2024-08-07","0","C:\Users\ub02-glab-047\Downloads\data_2\data\sales\SALES_S05_20240807.csv"
"SALES_S05_20240808.csv","S05","2024-08-08","0","C:\Users\ub02-glab-047\Downloads\data_2\data\sales\SALES_S05_20240808.csv"
"SALES_S05_20240809.csv","S05","2024-08-09","0","C:\Users\ub02-glab-047\Downloads\data_2\data\sales\SALES_S05_20240809.csv"
"SALES_S05_20240810.csv","S05","2024-08-10","0","C:\Users\ub02-glab-047\Downloads\data_2\data\sales\SALES_S05_20240810.csv"
"SALES_S05_20240811.csv","S05","2024-08-11","0","C:\Users\ub02-glab-047\Downloads\data_2\data\sales\SALES_S05_20240811.csv"
"SALES_S05_20240812.csv","S05","2024-08-12","0","C:\Users\ub02-glab-047\Downloads\data_2\data\sales\SALES_S05_20240812.csv"
"SALES_S05_20240813.csv","S05","2024-08-13","0","C:\Users\ub02-glab-047\Downloads\data_2\data\sales\SALES_S05_20240813.csv"
"SALES_S05_20240814.csv","S05","2024-08-14","0","C:\Users\ub02-glab-047\Downloads\data_2\data\sales\SALES_S05_20240814.csv"
"SALES_S05_20240815.csv","S05","2024-08-15","0","C:\Users\ub02-glab-047\Downloads\data_2\data\sales\SALES_S05_20240815.csv"
"SALES_S05_20240816.csv","S05","2024-08-16","0","C:\Users\ub02-glab-047\Downloads\data_2\data\sales\SALES_S05_20240816.csv"
"SALES_S05_20240817.csv","S05","2024-08-17","0","C:\Users\ub02-glab-047\Downloads\data_2\data\sales\SALES_S05_20240817.csv"
"SALES_S05_20240818.csv","S05","2024-08-18","0","C:\Users\ub02-glab-047\Downloads\data_2\data\sales\SALES_S05_20240818.csv"
"SALES_S05_20240819.csv","S05","2024-08-19","0","C:\Users\ub02-glab-047\Downloads\data_2\data\sales\SALES_S05_20240819.csv"
"SALES_S05_20240820.csv","S05","2024-08-20","0","C:\Users\ub02-glab-047\Downloads\data_2\data\sales\SALES_S05_20240820.csv"
"SALES_S05_20240821.csv","S05","2024-08-21","0","C:\Users\ub02-glab-047\Downloads\data_2\data\sales\SALES_S05_20240821.csv"
"SALES_S05_20240822.csv","S05","2024-08-22","0","C:\Users\ub02-glab-047\Downloads\data_2\data\sales\SALES_S05_20240822.csv"
"SALES_S05_20240823.csv","S05","2024-08-23","0","C:\Users\ub02-glab-047\Downloads\data_2\data\sales\SALES_S05_20240823.csv"
"SALES_S05_20240824.csv","S05","2024-08-24","0","C:\Users\ub02-glab-047\Downloads\data_2\data\sales\SALES_S05_20240824.csv"
"SALES_S05_20240825.csv","S05","2024-08-25","0","C:\Users\ub02-glab-047\Downloads\data_2\data\sales\SALES_S05_20240825.csv"
"SALES_S05_20240826.csv","S05","2024-08-26","0","C:\Users\ub02-glab-047\Downloads\data_2\data\sales\SALES_S05_20240826.csv"
"SALES_S05_20240827.csv","S05","2024-08-27","0","C:\Users\ub02-glab-047\Downloads\data_2\data\sales\SALES_S05_20240827.csv"
"SALES_S05_20240828.csv","S05","2024-08-28","0","C:\Users\ub02-glab-047\Downloads\data_2\data\sales\SALES_S05_20240828.csv"
"SALES_S05_20240829.csv","S05","2024-08-29","0","C:\Users\ub02-glab-047\Downloads\data_2\data\sales\SALES_S05_20240829.csv"
"SALES_S05_20240830.csv","S05","2024-08-30","0","C:\Users\ub02-glab-047\Downloads\data_2\data\sales\SALES_S05_20240830.csv"
"SALES_S05_20240831.csv","S05","2024-08-31","0","C:\Users\ub02-glab-047\Downloads\data_2\data\sales\SALES_S05_20240831.csv"
"SALES_S05_20240901.csv","S05","2024-09-01","0","C:\Users\ub02-glab-047\Downloads\data_2\data\sales\SALES_S05_20240901.csv"
"SALES_S05_20240902.csv","S05","2024-09-02","0","C:\Users\ub02-glab-047\Downloads\data_2\data\sales\SALES_S05_20240902.csv"
"SALES_S05_20240903.csv","S05","2024-09-03","0","C:\Users\ub02-glab-047\Downloads\data_2\data\sales\SALES_S05_20240903.csv"
"SALES_S05_20240904.csv","S05","2024-09-04","0","C:\Users\ub02-glab-047\Downloads\data_2\data\sales\SALES_S05_20240904.csv"
"SALES_S05_20240905.csv","S05","2024-09-05","0","C:\Users\ub02-glab-047\Downloads\data_2\data\sales\SALES_S05_20240905.csv"
"SALES_S05_20240906.csv","S05","2024-09-06","0","C:\Users\ub02-glab-047\Downloads\data_2\data\sales\SALES_S05_20240906.csv"
"SALES_S05_20240907.csv","S05","2024-09-07","0","C:\Users\ub02-glab-047\Downloads\data_2\data\sales\SALES_S05_20240907.csv"
"SALES_S05_20240908.csv","S05","2024-09-08","0","C:\Users\ub02-glab-047\Downloads\data_2\data\sales\SALES_S05_20240908.csv"
"SALES_S05_20240909.csv","S05","2024-09-09","0","C:\Users\ub02-glab-047\Downloads\data_2\data\sales\SALES_S05_20240909.csv"
"SALES_S05_20240910.csv","S05","2024-09-10","0","C:\Users\ub02-glab-047\Downloads\data_2\data\sales\SALES_S05_20240910.csv"
"SALES_S05_20240911.csv","S05","2024-09-11","0","C:\Users\ub02-glab-047\Downloads\data_2\data\sales\SALES_S05_20240911.csv"
"SALES_S05_20240912.csv","S05","2024-09-12","0","C:\Users\ub02-glab-047\Downloads\data_2\data\sales\SALES_S05_20240912.csv"
"SALES_S05_20240913.csv","S05","2024-09-13","0","C:\Users\ub02-glab-047\Downloads\data_2\data\sales\SALES_S05_20240913.csv"
"SALES_S05_20240914.csv","S05","2024-09-14","0","C:\Users\ub02-glab-047\Downloads\data_2\data\sales\SALES_S05_20240914.csv"
"SALES_S05_20240915.csv","S05","2024-09-15","0","C:\Users\ub02-glab-047\Downloads\data_2\data\sales\SALES_S05_20240915.csv"
"SALES_S05_20240916.csv","S05","2024-09-16","0","C:\Users\ub02-glab-047\Downloads\data_2\data\sales\SALES_S05_20240916.csv"
"SALES_S05_20240917.csv","S05","2024-09-17","0","C:\Users\ub02-glab-047\Downloads\data_2\data\sales\SALES_S05_20240917.csv"
"SALES_S05_20240918.csv","S05","2024-09-18","0","C:\Users\ub02-glab-047\Downloads\data_2\data\sales\SALES_S05_20240918.csv"
"SALES_S05_20240919.csv","S05","2024-09-19","0","C:\Users\ub02-glab-047\Downloads\data_2\data\sales\SALES_S05_20240919.csv"
"SALES_S05_20240920.csv","S05","2024-09-20","0","C:\Users\ub02-glab-047\Downloads\data_2\data\sales\SALES_S05_20240920.csv"
"SALES_S05_20240921.csv","S05","2024-09-21","0","C:\Users\ub02-glab-047\Downloads\data_2\data\sales\SALES_S05_20240921.csv"
"SALES_S05_20240922.csv","S05","2024-09-22","0","C:\Users\ub02-glab-047\Downloads\data_2\data\sales\SALES_S05_20240922.csv"
"SALES_S05_20240923.csv","S05","2024-09-23","0","C:\Users\ub02-glab-047\Downloads\data_2\data\sales\SALES_S05_20240923.csv"
"SALES_S05_20240924.csv","S05","2024-09-24","0","C:\Users\ub02-glab-047\Downloads\data_2\data\sales\SALES_S05_20240924.csv"
"SALES_S05_20240924__R1.csv","S05","2024-09-24","1","C:\Users\ub02-glab-047\Downloads\data_2\data\sales\SALES_S05_20240924__R1.csv"
"SALES_S05_20240925.csv","S05","2024-09-25","0","C:\Users\ub02-glab-047\Downloads\data_2\data\sales\SALES_S05_20240925.csv"
"SALES_S05_20240926.csv","S05","2024-09-26","0","C:\Users\ub02-glab-047\Downloads\data_2\data\sales\SALES_S05_20240926.csv"
"SALES_S05_20240927.csv","S05","2024-09-27","0","C:\Users\ub02-glab-047\Downloads\data_2\data\sales\SALES_S05_20240927.csv"
"SALES_S05_20240928.csv","S05","2024-09-28","0","C:\Users\ub02-glab-047\Downloads\data_2\data\sales\SALES_S05_20240928.csv"
"SALES_S05_20240929.csv","S05","2024-09-29","0","C:\Users\ub02-glab-047\Downloads\data_2\data\sales\SALES_S05_20240929.csv"
"SALES_S05_20240930.csv","S05","2024-09-30","0","C:\Users\ub02-glab-047\Downloads\data_2\data\sales\SALES_S05_20240930.csv"
"SALES_S05_20241001.csv","S05","2024-10-01","0","C:\Users\ub02-glab-047\Downloads\data_2\data\sales\SALES_S05_20241001.csv"
"SALES_S05_20241002.csv","S05","2024-10-02","0","C:\Users\ub02-glab-047\Downloads\data_2\data\sales\SALES_S05_20241002.csv"
"SALES_S05_20241003.csv","S05","2024-10-03","0","C:\Users\ub02-glab-047\Downloads\data_2\data\sales\SALES_S05_20241003.csv"
"SALES_S05_20241004.csv","S05","2024-10-04","0","C:\Users\ub02-glab-047\Downloads\data_2\data\sales\SALES_S05_20241004.csv"
"SALES_S05_20241005.csv","S05","2024-10-05","0","C:\Users\ub02-glab-047\Downloads\data_2\data\sales\SALES_S05_20241005.csv"
"SALES_S05_20241006.csv","S05","2024-10-06","0","C:\Users\ub02-glab-047\Downloads\data_2\data\sales\SALES_S05_20241006.csv"
"SALES_S05_20241007.csv","S05","2024-10-07","0","C:\Users\ub02-glab-047\Downloads\data_2\data\sales\SALES_S05_20241007.csv"
"SALES_S05_20241008.csv","S05","2024-10-08","0","C:\Users\ub02-glab-047\Downloads\data_2\data\sales\SALES_S05_20241008.csv"
"SALES_S05_20241009.csv","S05","2024-10-09","0","C:\Users\ub02-glab-047\Downloads\data_2\data\sales\SALES_S05_20241009.csv"
"SALES_S05_20241010.csv","S05","2024-10-10","0","C:\Users\ub02-glab-047\Downloads\data_2\data\sales\SALES_S05_20241010.csv"
"SALES_S05_20241011.csv","S05","2024-10-11","0","C:\Users\ub02-glab-047\Downloads\data_2\data\sales\SALES_S05_20241011.csv"
"SALES_S05_20241012.csv","S05","2024-10-12","0","C:\Users\ub02-glab-047\Downloads\data_2\data\sales\SALES_S05_20241012.csv"
"SALES_S05_20241013.csv","S05","2024-10-13","0","C:\Users\ub02-glab-047\Downloads\data_2\data\sales\SALES_S05_20241013.csv"
"SALES_S05_20241014.csv","S05","2024-10-14","0","C:\Users\ub02-glab-047\Downloads\data_2\data\sales\SALES_S05_20241014.csv"
"SALES_S05_20241015.csv","S05","2024-10-15","0","C:\Users\ub02-glab-047\Downloads\data_2\data\sales\SALES_S05_20241015.csv"
"SALES_S05_20241016.csv","S05","2024-10-16","0","C:\Users\ub02-glab-047\Downloads\data_2\data\sales\SALES_S05_20241016.csv"
"SALES_S05_20241017.csv","S05","2024-10-17","0","C:\Users\ub02-glab-047\Downloads\data_2\data\sales\SALES_S05_20241017.csv"
"SALES_S05_20241018.csv","S05","2024-10-18","0","C:\Users\ub02-glab-047\Downloads\data_2\data\sales\SALES_S05_20241018.csv"
"SALES_S05_20241019.csv","S05","2024-10-19","0","C:\Users\ub02-glab-047\Downloads\data_2\data\sales\SALES_S05_20241019.csv"
"SALES_S05_20241020.csv","S05","2024-10-20","0","C:\Users\ub02-glab-047\Downloads\data_2\data\sales\SALES_S05_20241020.csv"
"SALES_S05_20241021.csv","S05","2024-10-21","0","C:\Users\ub02-glab-047\Downloads\data_2\data\sales\SALES_S05_20241021.csv"
"SALES_S05_20241022.csv","S05","2024-10-22","0","C:\Users\ub02-glab-047\Downloads\data_2\data\sales\SALES_S05_20241022.csv"
"SALES_S05_20241023.csv","S05","2024-10-23","0","C:\Users\ub02-glab-047\Downloads\data_2\data\sales\SALES_S05_20241023.csv"
"SALES_S05_20241024.csv","S05","2024-10-24","0","C:\Users\ub02-glab-047\Downloads\data_2\data\sales\SALES_S05_20241024.csv"
"SALES_S05_20241025.csv","S05","2024-10-25","0","C:\Users\ub02-glab-047\Downloads\data_2\data\sales\SALES_S05_20241025.csv"
"SALES_S05_20241026.csv","S05","2024-10-26","0","C:\Users\ub02-glab-047\Downloads\data_2\data\sales\SALES_S05_20241026.csv"
"SALES_S05_20241027.csv","S05","2024-10-27","0","C:\Users\ub02-glab-047\Downloads\data_2\data\sales\SALES_S05_20241027.csv"
"SALES_S05_20241028.csv","S05","2024-10-28","0","C:\Users\ub02-glab-047\Downloads\data_2\data\sales\SALES_S05_20241028.csv"
"SALES_S05_20241029.csv","S05","2024-10-29","0","C:\Users\ub02-glab-047\Downloads\data_2\data\sales\SALES_S05_20241029.csv"
"SALES_S05_20241029__R1.csv","S05","2024-10-29","1","C:\Users\ub02-glab-047\Downloads\data_2\data\sales\SALES_S05_20241029__R1.csv"
"SALES_S05_20241030.csv","S05","2024-10-30","0","C:\Users\ub02-glab-047\Downloads\data_2\data\sales\SALES_S05_20241030.csv"
"SALES_S05_20241031.csv","S05","2024-10-31","0","C:\Users\ub02-glab-047\Downloads\data_2\data\sales\SALES_S05_20241031.csv"
"SALES_S05_20241101.csv","S05","2024-11-01","0","C:\Users\ub02-glab-047\Downloads\data_2\data\sales\SALES_S05_20241101.csv"
"SALES_S05_20241102.csv","S05","2024-11-02","0","C:\Users\ub02-glab-047\Downloads\data_2\data\sales\SALES_S05_20241102.csv"
"SALES_S05_20241103.csv","S05","2024-11-03","0","C:\Users\ub02-glab-047\Downloads\data_2\data\sales\SALES_S05_20241103.csv"
"SALES_S05_20241104.csv","S05","2024-11-04","0","C:\Users\ub02-glab-047\Downloads\data_2\data\sales\SALES_S05_20241104.csv"
"SALES_S05_20241105.csv","S05","2024-11-05","0","C:\Users\ub02-glab-047\Downloads\data_2\data\sales\SALES_S05_20241105.csv"
"SALES_S05_20241106.csv","S05","2024-11-06","0","C:\Users\ub02-glab-047\Downloads\data_2\data\sales\SALES_S05_20241106.csv"
"SALES_S05_20241107.csv","S05","2024-11-07","0","C:\Users\ub02-glab-047\Downloads\data_2\data\sales\SALES_S05_20241107.csv"
"SALES_S05_20241108.csv","S05","2024-11-08","0","C:\Users\ub02-glab-047\Downloads\data_2\data\sales\SALES_S05_20241108.csv"
"SALES_S05_20241109.csv","S05","2024-11-09","0","C:\Users\ub02-glab-047\Downloads\data_2\data\sales\SALES_S05_20241109.csv"
"SALES_S05_20241110.csv","S05","2024-11-10","0","C:\Users\ub02-glab-047\Downloads\data_2\data\sales\SALES_S05_20241110.csv"
"SALES_S05_20241111.csv","S05","2024-11-11","0","C:\Users\ub02-glab-047\Downloads\data_2\data\sales\SALES_S05_20241111.csv"
"SALES_S05_20241112.csv","S05","2024-11-12","0","C:\Users\ub02-glab-047\Downloads\data_2\data\sales\SALES_S05_20241112.csv"
"SALES_S05_20241113.csv","S05","2024-11-13","0","C:\Users\ub02-glab-047\Downloads\data_2\data\sales\SALES_S05_20241113.csv"
"SALES_S05_20241114.csv","S05","2024-11-14","0","C:\Users\ub02-glab-047\Downloads\data_2\data\sales\SALES_S05_20241114.csv"
"SALES_S05_20241115.csv","S05","2024-11-15","0","C:\Users\ub02-glab-047\Downloads\data_2\data\sales\SALES_S05_20241115.csv"
"SALES_S05_20241116.csv","S05","2024-11-16","0","C:\Users\ub02-glab-047\Downloads\data_2\data\sales\SALES_S05_20241116.csv"
"SALES_S05_20241117.csv","S05","2024-11-17","0","C:\Users\ub02-glab-047\Downloads\data_2\data\sales\SALES_S05_20241117.csv"
"SALES_S05_20241118.csv","S05","2024-11-18","0","C:\Users\ub02-glab-047\Downloads\data_2\data\sales\SALES_S05_20241118.csv"
"SALES_S05_20241119.csv","S05","2024-11-19","0","C:\Users\ub02-glab-047\Downloads\data_2\data\sales\SALES_S05_20241119.csv"
"SALES_S05_20241120.csv","S05","2024-11-20","0","C:\Users\ub02-glab-047\Downloads\data_2\data\sales\SALES_S05_20241120.csv"
"SALES_S05_20241121.csv","S05","2024-11-21","0","C:\Users\ub02-glab-047\Downloads\data_2\data\sales\SALES_S05_20241121.csv"
"SALES_S05_20241122.csv","S05","2024-11-22","0","C:\Users\ub02-glab-047\Downloads\data_2\data\sales\SALES_S05_20241122.csv"
"SALES_S05_20241123.csv","S05","2024-11-23","0","C:\Users\ub02-glab-047\Downloads\data_2\data\sales\SALES_S05_20241123.csv"
"SALES_S05_20241124.csv","S05","2024-11-24","0","C:\Users\ub02-glab-047\Downloads\data_2\data\sales\SALES_S05_20241124.csv"
"SALES_S05_20241125.csv","S05","2024-11-25","0","C:\Users\ub02-glab-047\Downloads\data_2\data\sales\SALES_S05_20241125.csv"
"SALES_S05_20241126.csv","S05","2024-11-26","0","C:\Users\ub02-glab-047\Downloads\data_2\data\sales\SALES_S05_20241126.csv"
"SALES_S05_20241127.csv","S05","2024-11-27","0","C:\Users\ub02-glab-047\Downloads\data_2\data\sales\SALES_S05_20241127.csv"
"SALES_S05_20241128.csv","S05","2024-11-28","0","C:\Users\ub02-glab-047\Downloads\data_2\data\sales\SALES_S05_20241128.csv"
"SALES_S05_20241129.csv","S05","2024-11-29","0","C:\Users\ub02-glab-047\Downloads\data_2\data\sales\SALES_S05_20241129.csv"
"SALES_S05_20241130.csv","S05","2024-11-30","0","C:\Users\ub02-glab-047\Downloads\data_2\data\sales\SALES_S05_20241130.csv"
"SALES_S05_20241201.csv","S05","2024-12-01","0","C:\Users\ub02-glab-047\Downloads\data_2\data\sales\SALES_S05_20241201.csv"
"SALES_S05_20241202.csv","S05","2024-12-02","0","C:\Users\ub02-glab-047\Downloads\data_2\data\sales\SALES_S05_20241202.csv"
"SALES_S05_20241203.csv","S05","2024-12-03","0","C:\Users\ub02-glab-047\Downloads\data_2\data\sales\SALES_S05_20241203.csv"
"SALES_S05_20241204.csv","S05","2024-12-04","0","C:\Users\ub02-glab-047\Downloads\data_2\data\sales\SALES_S05_20241204.csv"
"SALES_S05_20241205.csv","S05","2024-12-05","0","C:\Users\ub02-glab-047\Downloads\data_2\data\sales\SALES_S05_20241205.csv"
"SALES_S05_20241206.csv","S05","2024-12-06","0","C:\Users\ub02-glab-047\Downloads\data_2\data\sales\SALES_S05_20241206.csv"
"SALES_S05_20241207.csv","S05","2024-12-07","0","C:\Users\ub02-glab-047\Downloads\data_2\data\sales\SALES_S05_20241207.csv"
"SALES_S05_20241208.csv","S05","2024-12-08","0","C:\Users\ub02-glab-047\Downloads\data_2\data\sales\SALES_S05_20241208.csv"
"SALES_S05_20241209.csv","S05","2024-12-09","0","C:\Users\ub02-glab-047\Downloads\data_2\data\sales\SALES_S05_20241209.csv"
"SALES_S05_20241210.csv","S05","2024-12-10","0","C:\Users\ub02-glab-047\Downloads\data_2\data\sales\SALES_S05_20241210.csv"
"SALES_S05_20241211.csv","S05","2024-12-11","0","C:\Users\ub02-glab-047\Downloads\data_2\data\sales\SALES_S05_20241211.csv"
"SALES_S05_20241212.csv","S05","2024-12-12","0","C:\Users\ub02-glab-047\Downloads\data_2\data\sales\SALES_S05_20241212.csv"
"SALES_S05_20241213.csv","S05","2024-12-13","0","C:\Users\ub02-glab-047\Downloads\data_2\data\sales\SALES_S05_20241213.csv"
"SALES_S05_20241214.csv","S05","2024-12-14","0","C:\Users\ub02-glab-047\Downloads\data_2\data\sales\SALES_S05_20241214.csv"
"SALES_S05_20241215.csv","S05","2024-12-15","0","C:\Users\ub02-glab-047\Downloads\data_2\data\sales\SALES_S05_20241215.csv"
"SALES_S05_20241216.csv","S05","2024-12-16","0","C:\Users\ub02-glab-047\Downloads\data_2\data\sales\SALES_S05_20241216.csv"
"SALES_S05_20241217.csv","S05","2024-12-17","0","C:\Users\ub02-glab-047\Downloads\data_2\data\sales\SALES_S05_20241217.csv"
"SALES_S05_20241218.csv","S05","2024-12-18","0","C:\Users\ub02-glab-047\Downloads\data_2\data\sales\SALES_S05_20241218.csv"
"SALES_S05_20241219.csv","S05","2024-12-19","0","C:\Users\ub02-glab-047\Downloads\data_2\data\sales\SALES_S05_20241219.csv"
"SALES_S05_20241220.csv","S05","2024-12-20","0","C:\Users\ub02-glab-047\Downloads\data_2\data\sales\SALES_S05_20241220.csv"
"SALES_S05_20241221.csv","S05","2024-12-21","0","C:\Users\ub02-glab-047\Downloads\data_2\data\sales\SALES_S05_20241221.csv"
"SALES_S05_20241222.csv","S05","2024-12-22","0","C:\Users\ub02-glab-047\Downloads\data_2\data\sales\SALES_S05_20241222.csv"
"SALES_S05_20241223.csv","S05","2024-12-23","0","C:\Users\ub02-glab-047\Downloads\data_2\data\sales\SALES_S05_20241223.csv"
"SALES_S05_20241224.csv","S05","2024-12-24","0","C:\Users\ub02-glab-047\Downloads\data_2\data\sales\SALES_S05_20241224.csv"
"SALES_S05_20241225.csv","S05","2024-12-25","0","C:\Users\ub02-glab-047\Downloads\data_2\data\sales\SALES_S05_20241225.csv"
"SALES_S05_20241226.csv","S05","2024-12-26","0","C:\Users\ub02-glab-047\Downloads\data_2\data\sales\SALES_S05_20241226.csv"
"SALES_S05_20241227.csv","S05","2024-12-27","0","C:\Users\ub02-glab-047\Downloads\data_2\data\sales\SALES_S05_20241227.csv"
"SALES_S05_20241228.csv","S05","2024-12-28","0","C:\Users\ub02-glab-047\Downloads\data_2\data\sales\SALES_S05_20241228.csv"
"SALES_S05_20241229.csv","S05","2024-12-29","0","C:\Users\ub02-glab-047\Downloads\data_2\data\sales\SALES_S05_20241229.csv"
"SALES_S05_20241230.csv","S05","2024-12-30","0","C:\Users\ub02-glab-047\Downloads\data_2\data\sales\SALES_S05_20241230.csv"
"SALES_S05_20241231.csv","S05","2024-12-31","0","C:\Users\ub02-glab-047\Downloads\data_2\data\sales\SALES_S05_20241231.csv"
"SALES_S06_20240101.csv","S06","2024-01-01","0","C:\Users\ub02-glab-047\Downloads\data_2\data\sales\SALES_S06_20240101.csv"
"SALES_S06_20240102.csv","S06","2024-01-02","0","C:\Users\ub02-glab-047\Downloads\data_2\data\sales\SALES_S06_20240102.csv"
"SALES_S06_20240103.csv","S06","2024-01-03","0","C:\Users\ub02-glab-047\Downloads\data_2\data\sales\SALES_S06_20240103.csv"
"SALES_S06_20240104.csv","S06","2024-01-04","0","C:\Users\ub02-glab-047\Downloads\data_2\data\sales\SALES_S06_20240104.csv"
"SALES_S06_20240105.csv","S06","2024-01-05","0","C:\Users\ub02-glab-047\Downloads\data_2\data\sales\SALES_S06_20240105.csv"
"SALES_S06_20240106.csv","S06","2024-01-06","0","C:\Users\ub02-glab-047\Downloads\data_2\data\sales\SALES_S06_20240106.csv"
"SALES_S06_20240107.csv","S06","2024-01-07","0","C:\Users\ub02-glab-047\Downloads\data_2\data\sales\SALES_S06_20240107.csv"
"SALES_S06_20240108.csv","S06","2024-01-08","0","C:\Users\ub02-glab-047\Downloads\data_2\data\sales\SALES_S06_20240108.csv"
"SALES_S06_20240109.csv","S06","2024-01-09","0","C:\Users\ub02-glab-047\Downloads\data_2\data\sales\SALES_S06_20240109.csv"
"SALES_S06_20240110.csv","S06","2024-01-10","0","C:\Users\ub02-glab-047\Downloads\data_2\data\sales\SALES_S06_20240110.csv"
"SALES_S06_20240111.csv","S06","2024-01-11","0","C:\Users\ub02-glab-047\Downloads\data_2\data\sales\SALES_S06_20240111.csv"
"SALES_S06_20240112.csv","S06","2024-01-12","0","C:\Users\ub02-glab-047\Downloads\data_2\data\sales\SALES_S06_20240112.csv"
"SALES_S06_20240113.csv","S06","2024-01-13","0","C:\Users\ub02-glab-047\Downloads\data_2\data\sales\SALES_S06_20240113.csv"
"SALES_S06_20240114.csv","S06","2024-01-14","0","C:\Users\ub02-glab-047\Downloads\data_2\data\sales\SALES_S06_20240114.csv"
"SALES_S06_20240115.csv","S06","2024-01-15","0","C:\Users\ub02-glab-047\Downloads\data_2\data\sales\SALES_S06_20240115.csv"
"SALES_S06_20240116.csv","S06","2024-01-16","0","C:\Users\ub02-glab-047\Downloads\data_2\data\sales\SALES_S06_20240116.csv"
"SALES_S06_20240117.csv","S06","2024-01-17","0","C:\Users\ub02-glab-047\Downloads\data_2\data\sales\SALES_S06_20240117.csv"
"SALES_S06_20240118.csv","S06","2024-01-18","0","C:\Users\ub02-glab-047\Downloads\data_2\data\sales\SALES_S06_20240118.csv"
"SALES_S06_20240119.csv","S06","2024-01-19","0","C:\Users\ub02-glab-047\Downloads\data_2\data\sales\SALES_S06_20240119.csv"
"SALES_S06_20240120.csv","S06","2024-01-20","0","C:\Users\ub02-glab-047\Downloads\data_2\data\sales\SALES_S06_20240120.csv"
"SALES_S06_20240121.csv","S06","2024-01-21","0","C:\Users\ub02-glab-047\Downloads\data_2\data\sales\SALES_S06_20240121.csv"
"SALES_S06_20240122.csv","S06","2024-01-22","0","C:\Users\ub02-glab-047\Downloads\data_2\data\sales\SALES_S06_20240122.csv"
"SALES_S06_20240123.csv","S06","2024-01-23","0","C:\Users\ub02-glab-047\Downloads\data_2\data\sales\SALES_S06_20240123.csv"
"SALES_S06_20240124.csv","S06","2024-01-24","0","C:\Users\ub02-glab-047\Downloads\data_2\data\sales\SALES_S06_20240124.csv"
"SALES_S06_20240124__R1.csv","S06","2024-01-24","1","C:\Users\ub02-glab-047\Downloads\data_2\data\sales\SALES_S06_20240124__R1.csv"
"SALES_S06_20240125.csv","S06","2024-01-25","0","C:\Users\ub02-glab-047\Downloads\data_2\data\sales\SALES_S06_20240125.csv"
"SALES_S06_20240126.csv","S06","2024-01-26","0","C:\Users\ub02-glab-047\Downloads\data_2\data\sales\SALES_S06_20240126.csv"
"SALES_S06_20240127.csv","S06","2024-01-27","0","C:\Users\ub02-glab-047\Downloads\data_2\data\sales\SALES_S06_20240127.csv"
"SALES_S06_20240128.csv","S06","2024-01-28","0","C:\Users\ub02-glab-047\Downloads\data_2\data\sales\SALES_S06_20240128.csv"
"SALES_S06_20240129.csv","S06","2024-01-29","0","C:\Users\ub02-glab-047\Downloads\data_2\data\sales\SALES_S06_20240129.csv"
"SALES_S06_20240130.csv","S06","2024-01-30","0","C:\Users\ub02-glab-047\Downloads\data_2\data\sales\SALES_S06_20240130.csv"
"SALES_S06_20240131.csv","S06","2024-01-31","0","C:\Users\ub02-glab-047\Downloads\data_2\data\sales\SALES_S06_20240131.csv"
"SALES_S06_20240201.csv","S06","2024-02-01","0","C:\Users\ub02-glab-047\Downloads\data_2\data\sales\SALES_S06_20240201.csv"
"SALES_S06_20240202.csv","S06","2024-02-02","0","C:\Users\ub02-glab-047\Downloads\data_2\data\sales\SALES_S06_20240202.csv"
"SALES_S06_20240203.csv","S06","2024-02-03","0","C:\Users\ub02-glab-047\Downloads\data_2\data\sales\SALES_S06_20240203.csv"
"SALES_S06_20240204.csv","S06","2024-02-04","0","C:\Users\ub02-glab-047\Downloads\data_2\data\sales\SALES_S06_20240204.csv"
"SALES_S06_20240205.csv","S06","2024-02-05","0","C:\Users\ub02-glab-047\Downloads\data_2\data\sales\SALES_S06_20240205.csv"
"SALES_S06_20240206.csv","S06","2024-02-06","0","C:\Users\ub02-glab-047\Downloads\data_2\data\sales\SALES_S06_20240206.csv"
"SALES_S06_20240207.csv","S06","2024-02-07","0","C:\Users\ub02-glab-047\Downloads\data_2\data\sales\SALES_S06_20240207.csv"
"SALES_S06_20240208.csv","S06","2024-02-08","0","C:\Users\ub02-glab-047\Downloads\data_2\data\sales\SALES_S06_20240208.csv"
"SALES_S06_20240209.csv","S06","2024-02-09","0","C:\Users\ub02-glab-047\Downloads\data_2\data\sales\SALES_S06_20240209.csv"
"SALES_S06_20240210.csv","S06","2024-02-10","0","C:\Users\ub02-glab-047\Downloads\data_2\data\sales\SALES_S06_20240210.csv"
"SALES_S06_20240211.csv","S06","2024-02-11","0","C:\Users\ub02-glab-047\Downloads\data_2\data\sales\SALES_S06_20240211.csv"
"SALES_S06_20240212.csv","S06","2024-02-12","0","C:\Users\ub02-glab-047\Downloads\data_2\data\sales\SALES_S06_20240212.csv"
"SALES_S06_20240213.csv","S06","2024-02-13","0","C:\Users\ub02-glab-047\Downloads\data_2\data\sales\SALES_S06_20240213.csv"
"SALES_S06_20240214.csv","S06","2024-02-14","0","C:\Users\ub02-glab-047\Downloads\data_2\data\sales\SALES_S06_20240214.csv"
"SALES_S06_20240215.csv","S06","2024-02-15","0","C:\Users\ub02-glab-047\Downloads\data_2\data\sales\SALES_S06_20240215.csv"
"SALES_S06_20240216.csv","S06","2024-02-16","0","C:\Users\ub02-glab-047\Downloads\data_2\data\sales\SALES_S06_20240216.csv"
"SALES_S06_20240217.csv","S06","2024-02-17","0","C:\Users\ub02-glab-047\Downloads\data_2\data\sales\SALES_S06_20240217.csv"
"SALES_S06_20240218.csv","S06","2024-02-18","0","C:\Users\ub02-glab-047\Downloads\data_2\data\sales\SALES_S06_20240218.csv"
"SALES_S06_20240219.csv","S06","2024-02-19","0","C:\Users\ub02-glab-047\Downloads\data_2\data\sales\SALES_S06_20240219.csv"
"SALES_S06_20240220.csv","S06","2024-02-20","0","C:\Users\ub02-glab-047\Downloads\data_2\data\sales\SALES_S06_20240220.csv"
"SALES_S06_20240221.csv","S06","2024-02-21","0","C:\Users\ub02-glab-047\Downloads\data_2\data\sales\SALES_S06_20240221.csv"
"SALES_S06_20240222.csv","S06","2024-02-22","0","C:\Users\ub02-glab-047\Downloads\data_2\data\sales\SALES_S06_20240222.csv"
"SALES_S06_20240223.csv","S06","2024-02-23","0","C:\Users\ub02-glab-047\Downloads\data_2\data\sales\SALES_S06_20240223.csv"
"SALES_S06_20240224.csv","S06","2024-02-24","0","C:\Users\ub02-glab-047\Downloads\data_2\data\sales\SALES_S06_20240224.csv"
"SALES_S06_20240225.csv","S06","2024-02-25","0","C:\Users\ub02-glab-047\Downloads\data_2\data\sales\SALES_S06_20240225.csv"
"SALES_S06_20240226.csv","S06","2024-02-26","0","C:\Users\ub02-glab-047\Downloads\data_2\data\sales\SALES_S06_20240226.csv"
"SALES_S06_20240227.csv","S06","2024-02-27","0","C:\Users\ub02-glab-047\Downloads\data_2\data\sales\SALES_S06_20240227.csv"
"SALES_S06_20240228.csv","S06","2024-02-28","0","C:\Users\ub02-glab-047\Downloads\data_2\data\sales\SALES_S06_20240228.csv"
"SALES_S06_20240229.csv","S06","2024-02-29","0","C:\Users\ub02-glab-047\Downloads\data_2\data\sales\SALES_S06_20240229.csv"
"SALES_S06_20240301.csv","S06","2024-03-01","0","C:\Users\ub02-glab-047\Downloads\data_2\data\sales\SALES_S06_20240301.csv"
"SALES_S06_20240302.csv","S06","2024-03-02","0","C:\Users\ub02-glab-047\Downloads\data_2\data\sales\SALES_S06_20240302.csv"
"SALES_S06_20240303.csv","S06","2024-03-03","0","C:\Users\ub02-glab-047\Downloads\data_2\data\sales\SALES_S06_20240303.csv"
"SALES_S06_20240304.csv","S06","2024-03-04","0","C:\Users\ub02-glab-047\Downloads\data_2\data\sales\SALES_S06_20240304.csv"
"SALES_S06_20240305.csv","S06","2024-03-05","0","C:\Users\ub02-glab-047\Downloads\data_2\data\sales\SALES_S06_20240305.csv"
"SALES_S06_20240306.csv","S06","2024-03-06","0","C:\Users\ub02-glab-047\Downloads\data_2\data\sales\SALES_S06_20240306.csv"
"SALES_S06_20240307.csv","S06","2024-03-07","0","C:\Users\ub02-glab-047\Downloads\data_2\data\sales\SALES_S06_20240307.csv"
"SALES_S06_20240308.csv","S06","2024-03-08","0","C:\Users\ub02-glab-047\Downloads\data_2\data\sales\SALES_S06_20240308.csv"
"SALES_S06_20240309.csv","S06","2024-03-09","0","C:\Users\ub02-glab-047\Downloads\data_2\data\sales\SALES_S06_20240309.csv"
"SALES_S06_20240310.csv","S06","2024-03-10","0","C:\Users\ub02-glab-047\Downloads\data_2\data\sales\SALES_S06_20240310.csv"
"SALES_S06_20240311.csv","S06","2024-03-11","0","C:\Users\ub02-glab-047\Downloads\data_2\data\sales\SALES_S06_20240311.csv"
"SALES_S06_20240312.csv","S06","2024-03-12","0","C:\Users\ub02-glab-047\Downloads\data_2\data\sales\SALES_S06_20240312.csv"
"SALES_S06_20240313.csv","S06","2024-03-13","0","C:\Users\ub02-glab-047\Downloads\data_2\data\sales\SALES_S06_20240313.csv"
"SALES_S06_20240314.csv","S06","2024-03-14","0","C:\Users\ub02-glab-047\Downloads\data_2\data\sales\SALES_S06_20240314.csv"
"SALES_S06_20240315.csv","S06","2024-03-15","0","C:\Users\ub02-glab-047\Downloads\data_2\data\sales\SALES_S06_20240315.csv"
"SALES_S06_20240316.csv","S06","2024-03-16","0","C:\Users\ub02-glab-047\Downloads\data_2\data\sales\SALES_S06_20240316.csv"
"SALES_S06_20240317.csv","S06","2024-03-17","0","C:\Users\ub02-glab-047\Downloads\data_2\data\sales\SALES_S06_20240317.csv"
"SALES_S06_20240318.csv","S06","2024-03-18","0","C:\Users\ub02-glab-047\Downloads\data_2\data\sales\SALES_S06_20240318.csv"
"SALES_S06_20240319.csv","S06","2024-03-19","0","C:\Users\ub02-glab-047\Downloads\data_2\data\sales\SALES_S06_20240319.csv"
"SALES_S06_20240320.csv","S06","2024-03-20","0","C:\Users\ub02-glab-047\Downloads\data_2\data\sales\SALES_S06_20240320.csv"
"SALES_S06_20240321.csv","S06","2024-03-21","0","C:\Users\ub02-glab-047\Downloads\data_2\data\sales\SALES_S06_20240321.csv"
"SALES_S06_20240322.csv","S06","2024-03-22","0","C:\Users\ub02-glab-047\Downloads\data_2\data\sales\SALES_S06_20240322.csv"
"SALES_S06_20240323.csv","S06","2024-03-23","0","C:\Users\ub02-glab-047\Downloads\data_2\data\sales\SALES_S06_20240323.csv"
"SALES_S06_20240324.csv","S06","2024-03-24","0","C:\Users\ub02-glab-047\Downloads\data_2\data\sales\SALES_S06_20240324.csv"
"SALES_S06_20240325.csv","S06","2024-03-25","0","C:\Users\ub02-glab-047\Downloads\data_2\data\sales\SALES_S06_20240325.csv"
"SALES_S06_20240326.csv","S06","2024-03-26","0","C:\Users\ub02-glab-047\Downloads\data_2\data\sales\SALES_S06_20240326.csv"
"SALES_S06_20240327.csv","S06","2024-03-27","0","C:\Users\ub02-glab-047\Downloads\data_2\data\sales\SALES_S06_20240327.csv"
"SALES_S06_20240328.csv","S06","2024-03-28","0","C:\Users\ub02-glab-047\Downloads\data_2\data\sales\SALES_S06_20240328.csv"
"SALES_S06_20240329.csv","S06","2024-03-29","0","C:\Users\ub02-glab-047\Downloads\data_2\data\sales\SALES_S06_20240329.csv"
"SALES_S06_20240330.csv","S06","2024-03-30","0","C:\Users\ub02-glab-047\Downloads\data_2\data\sales\SALES_S06_20240330.csv"
"SALES_S06_20240331.csv","S06","2024-03-31","0","C:\Users\ub02-glab-047\Downloads\data_2\data\sales\SALES_S06_20240331.csv"
"SALES_S06_20240401.csv","S06","2024-04-01","0","C:\Users\ub02-glab-047\Downloads\data_2\data\sales\SALES_S06_20240401.csv"
"SALES_S06_20240402.csv","S06","2024-04-02","0","C:\Users\ub02-glab-047\Downloads\data_2\data\sales\SALES_S06_20240402.csv"
"SALES_S06_20240403.csv","S06","2024-04-03","0","C:\Users\ub02-glab-047\Downloads\data_2\data\sales\SALES_S06_20240403.csv"
"SALES_S06_20240404.csv","S06","2024-04-04","0","C:\Users\ub02-glab-047\Downloads\data_2\data\sales\SALES_S06_20240404.csv"
"SALES_S06_20240405.csv","S06","2024-04-05","0","C:\Users\ub02-glab-047\Downloads\data_2\data\sales\SALES_S06_20240405.csv"
"SALES_S06_20240406.csv","S06","2024-04-06","0","C:\Users\ub02-glab-047\Downloads\data_2\data\sales\SALES_S06_20240406.csv"
"SALES_S06_20240407.csv","S06","2024-04-07","0","C:\Users\ub02-glab-047\Downloads\data_2\data\sales\SALES_S06_20240407.csv"
"SALES_S06_20240408.csv","S06","2024-04-08","0","C:\Users\ub02-glab-047\Downloads\data_2\data\sales\SALES_S06_20240408.csv"
"SALES_S06_20240409.csv","S06","2024-04-09","0","C:\Users\ub02-glab-047\Downloads\data_2\data\sales\SALES_S06_20240409.csv"
"SALES_S06_20240410.csv","S06","2024-04-10","0","C:\Users\ub02-glab-047\Downloads\data_2\data\sales\SALES_S06_20240410.csv"
"SALES_S06_20240411.csv","S06","2024-04-11","0","C:\Users\ub02-glab-047\Downloads\data_2\data\sales\SALES_S06_20240411.csv"
"SALES_S06_20240412.csv","S06","2024-04-12","0","C:\Users\ub02-glab-047\Downloads\data_2\data\sales\SALES_S06_20240412.csv"
"SALES_S06_20240413.csv","S06","2024-04-13","0","C:\Users\ub02-glab-047\Downloads\data_2\data\sales\SALES_S06_20240413.csv"
"SALES_S06_20240414.csv","S06","2024-04-14","0","C:\Users\ub02-glab-047\Downloads\data_2\data\sales\SALES_S06_20240414.csv"
"SALES_S06_20240415.csv","S06","2024-04-15","0","C:\Users\ub02-glab-047\Downloads\data_2\data\sales\SALES_S06_20240415.csv"
"SALES_S06_20240416.csv","S06","2024-04-16","0","C:\Users\ub02-glab-047\Downloads\data_2\data\sales\SALES_S06_20240416.csv"
"SALES_S06_20240417.csv","S06","2024-04-17","0","C:\Users\ub02-glab-047\Downloads\data_2\data\sales\SALES_S06_20240417.csv"
"SALES_S06_20240418.csv","S06","2024-04-18","0","C:\Users\ub02-glab-047\Downloads\data_2\data\sales\SALES_S06_20240418.csv"
"SALES_S06_20240419.csv","S06","2024-04-19","0","C:\Users\ub02-glab-047\Downloads\data_2\data\sales\SALES_S06_20240419.csv"
"SALES_S06_20240420.csv","S06","2024-04-20","0","C:\Users\ub02-glab-047\Downloads\data_2\data\sales\SALES_S06_20240420.csv"
"SALES_S06_20240421.csv","S06","2024-04-21","0","C:\Users\ub02-glab-047\Downloads\data_2\data\sales\SALES_S06_20240421.csv"
"SALES_S06_20240422.csv","S06","2024-04-22","0","C:\Users\ub02-glab-047\Downloads\data_2\data\sales\SALES_S06_20240422.csv"
"SALES_S06_20240423.csv","S06","2024-04-23","0","C:\Users\ub02-glab-047\Downloads\data_2\data\sales\SALES_S06_20240423.csv"
"SALES_S06_20240424.csv","S06","2024-04-24","0","C:\Users\ub02-glab-047\Downloads\data_2\data\sales\SALES_S06_20240424.csv"
"SALES_S06_20240425.csv","S06","2024-04-25","0","C:\Users\ub02-glab-047\Downloads\data_2\data\sales\SALES_S06_20240425.csv"
"SALES_S06_20240426.csv","S06","2024-04-26","0","C:\Users\ub02-glab-047\Downloads\data_2\data\sales\SALES_S06_20240426.csv"
"SALES_S06_20240427.csv","S06","2024-04-27","0","C:\Users\ub02-glab-047\Downloads\data_2\data\sales\SALES_S06_20240427.csv"
"SALES_S06_20240428.csv","S06","2024-04-28","0","C:\Users\ub02-glab-047\Downloads\data_2\data\sales\SALES_S06_20240428.csv"
"SALES_S06_20240429.csv","S06","2024-04-29","0","C:\Users\ub02-glab-047\Downloads\data_2\data\sales\SALES_S06_20240429.csv"
"SALES_S06_20240430.csv","S06","2024-04-30","0","C:\Users\ub02-glab-047\Downloads\data_2\data\sales\SALES_S06_20240430.csv"
"SALES_S06_20240501.csv","S06","2024-05-01","0","C:\Users\ub02-glab-047\Downloads\data_2\data\sales\SALES_S06_20240501.csv"
"SALES_S06_20240502.csv","S06","2024-05-02","0","C:\Users\ub02-glab-047\Downloads\data_2\data\sales\SALES_S06_20240502.csv"
"SALES_S06_20240503.csv","S06","2024-05-03","0","C:\Users\ub02-glab-047\Downloads\data_2\data\sales\SALES_S06_20240503.csv"
"SALES_S06_20240504.csv","S06","2024-05-04","0","C:\Users\ub02-glab-047\Downloads\data_2\data\sales\SALES_S06_20240504.csv"
"SALES_S06_20240505.csv","S06","2024-05-05","0","C:\Users\ub02-glab-047\Downloads\data_2\data\sales\SALES_S06_20240505.csv"
"SALES_S06_20240506.csv","S06","2024-05-06","0","C:\Users\ub02-glab-047\Downloads\data_2\data\sales\SALES_S06_20240506.csv"
"SALES_S06_20240507.csv","S06","2024-05-07","0","C:\Users\ub02-glab-047\Downloads\data_2\data\sales\SALES_S06_20240507.csv"
"SALES_S06_20240508.csv","S06","2024-05-08","0","C:\Users\ub02-glab-047\Downloads\data_2\data\sales\SALES_S06_20240508.csv"
"SALES_S06_20240509.csv","S06","2024-05-09","0","C:\Users\ub02-glab-047\Downloads\data_2\data\sales\SALES_S06_20240509.csv"
"SALES_S06_20240510.csv","S06","2024-05-10","0","C:\Users\ub02-glab-047\Downloads\data_2\data\sales\SALES_S06_20240510.csv"
"SALES_S06_20240511.csv","S06","2024-05-11","0","C:\Users\ub02-glab-047\Downloads\data_2\data\sales\SALES_S06_20240511.csv"
"SALES_S06_20240512.csv","S06","2024-05-12","0","C:\Users\ub02-glab-047\Downloads\data_2\data\sales\SALES_S06_20240512.csv"
"SALES_S06_20240513.csv","S06","2024-05-13","0","C:\Users\ub02-glab-047\Downloads\data_2\data\sales\SALES_S06_20240513.csv"
"SALES_S06_20240514.csv","S06","2024-05-14","0","C:\Users\ub02-glab-047\Downloads\data_2\data\sales\SALES_S06_20240514.csv"
"SALES_S06_20240515.csv","S06","2024-05-15","0","C:\Users\ub02-glab-047\Downloads\data_2\data\sales\SALES_S06_20240515.csv"
"SALES_S06_20240516.csv","S06","2024-05-16","0","C:\Users\ub02-glab-047\Downloads\data_2\data\sales\SALES_S06_20240516.csv"
"SALES_S06_20240517.csv","S06","2024-05-17","0","C:\Users\ub02-glab-047\Downloads\data_2\data\sales\SALES_S06_20240517.csv"
"SALES_S06_20240518.csv","S06","2024-05-18","0","C:\Users\ub02-glab-047\Downloads\data_2\data\sales\SALES_S06_20240518.csv"
"SALES_S06_20240519.csv","S06","2024-05-19","0","C:\Users\ub02-glab-047\Downloads\data_2\data\sales\SALES_S06_20240519.csv"
"SALES_S06_20240520.csv","S06","2024-05-20","0","C:\Users\ub02-glab-047\Downloads\data_2\data\sales\SALES_S06_20240520.csv"
"SALES_S06_20240521.csv","S06","2024-05-21","0","C:\Users\ub02-glab-047\Downloads\data_2\data\sales\SALES_S06_20240521.csv"
"SALES_S06_20240522.csv","S06","2024-05-22","0","C:\Users\ub02-glab-047\Downloads\data_2\data\sales\SALES_S06_20240522.csv"
"SALES_S06_20240523.csv","S06","2024-05-23","0","C:\Users\ub02-glab-047\Downloads\data_2\data\sales\SALES_S06_20240523.csv"
"SALES_S06_20240524.csv","S06","2024-05-24","0","C:\Users\ub02-glab-047\Downloads\data_2\data\sales\SALES_S06_20240524.csv"
"SALES_S06_20240525.csv","S06","2024-05-25","0","C:\Users\ub02-glab-047\Downloads\data_2\data\sales\SALES_S06_20240525.csv"
"SALES_S06_20240526.csv","S06","2024-05-26","0","C:\Users\ub02-glab-047\Downloads\data_2\data\sales\SALES_S06_20240526.csv"
"SALES_S06_20240527.csv","S06","2024-05-27","0","C:\Users\ub02-glab-047\Downloads\data_2\data\sales\SALES_S06_20240527.csv"
"SALES_S06_20240528.csv","S06","2024-05-28","0","C:\Users\ub02-glab-047\Downloads\data_2\data\sales\SALES_S06_20240528.csv"
"SALES_S06_20240529.csv","S06","2024-05-29","0","C:\Users\ub02-glab-047\Downloads\data_2\data\sales\SALES_S06_20240529.csv"
"SALES_S06_20240530.csv","S06","2024-05-30","0","C:\Users\ub02-glab-047\Downloads\data_2\data\sales\SALES_S06_20240530.csv"
"SALES_S06_20240531.csv","S06","2024-05-31","0","C:\Users\ub02-glab-047\Downloads\data_2\data\sales\SALES_S06_20240531.csv"
"SALES_S06_20240601.csv","S06","2024-06-01","0","C:\Users\ub02-glab-047\Downloads\data_2\data\sales\SALES_S06_20240601.csv"
"SALES_S06_20240602.csv","S06","2024-06-02","0","C:\Users\ub02-glab-047\Downloads\data_2\data\sales\SALES_S06_20240602.csv"
"SALES_S06_20240603.csv","S06","2024-06-03","0","C:\Users\ub02-glab-047\Downloads\data_2\data\sales\SALES_S06_20240603.csv"
"SALES_S06_20240604.csv","S06","2024-06-04","0","C:\Users\ub02-glab-047\Downloads\data_2\data\sales\SALES_S06_20240604.csv"
"SALES_S06_20240605.csv","S06","2024-06-05","0","C:\Users\ub02-glab-047\Downloads\data_2\data\sales\SALES_S06_20240605.csv"
"SALES_S06_20240606.csv","S06","2024-06-06","0","C:\Users\ub02-glab-047\Downloads\data_2\data\sales\SALES_S06_20240606.csv"
"SALES_S06_20240607.csv","S06","2024-06-07","0","C:\Users\ub02-glab-047\Downloads\data_2\data\sales\SALES_S06_20240607.csv"
"SALES_S06_20240608.csv","S06","2024-06-08","0","C:\Users\ub02-glab-047\Downloads\data_2\data\sales\SALES_S06_20240608.csv"
"SALES_S06_20240609.csv","S06","2024-06-09","0","C:\Users\ub02-glab-047\Downloads\data_2\data\sales\SALES_S06_20240609.csv"
"SALES_S06_20240610.csv","S06","2024-06-10","0","C:\Users\ub02-glab-047\Downloads\data_2\data\sales\SALES_S06_20240610.csv"
"SALES_S06_20240611.csv","S06","2024-06-11","0","C:\Users\ub02-glab-047\Downloads\data_2\data\sales\SALES_S06_20240611.csv"
"SALES_S06_20240612.csv","S06","2024-06-12","0","C:\Users\ub02-glab-047\Downloads\data_2\data\sales\SALES_S06_20240612.csv"
"SALES_S06_20240613.csv","S06","2024-06-13","0","C:\Users\ub02-glab-047\Downloads\data_2\data\sales\SALES_S06_20240613.csv"
"SALES_S06_20240614.csv","S06","2024-06-14","0","C:\Users\ub02-glab-047\Downloads\data_2\data\sales\SALES_S06_20240614.csv"
"SALES_S06_20240615.csv","S06","2024-06-15","0","C:\Users\ub02-glab-047\Downloads\data_2\data\sales\SALES_S06_20240615.csv"
"SALES_S06_20240616.csv","S06","2024-06-16","0","C:\Users\ub02-glab-047\Downloads\data_2\data\sales\SALES_S06_20240616.csv"
"SALES_S06_20240617.csv","S06","2024-06-17","0","C:\Users\ub02-glab-047\Downloads\data_2\data\sales\SALES_S06_20240617.csv"
"SALES_S06_20240618.csv","S06","2024-06-18","0","C:\Users\ub02-glab-047\Downloads\data_2\data\sales\SALES_S06_20240618.csv"
"SALES_S06_20240619.csv","S06","2024-06-19","0","C:\Users\ub02-glab-047\Downloads\data_2\data\sales\SALES_S06_20240619.csv"
"SALES_S06_20240620.csv","S06","2024-06-20","0","C:\Users\ub02-glab-047\Downloads\data_2\data\sales\SALES_S06_20240620.csv"
"SALES_S06_20240621.csv","S06","2024-06-21","0","C:\Users\ub02-glab-047\Downloads\data_2\data\sales\SALES_S06_20240621.csv"
"SALES_S06_20240622.csv","S06","2024-06-22","0","C:\Users\ub02-glab-047\Downloads\data_2\data\sales\SALES_S06_20240622.csv"
"SALES_S06_20240623.csv","S06","2024-06-23","0","C:\Users\ub02-glab-047\Downloads\data_2\data\sales\SALES_S06_20240623.csv"
"SALES_S06_20240624.csv","S06","2024-06-24","0","C:\Users\ub02-glab-047\Downloads\data_2\data\sales\SALES_S06_20240624.csv"
"SALES_S06_20240625.csv","S06","2024-06-25","0","C:\Users\ub02-glab-047\Downloads\data_2\data\sales\SALES_S06_20240625.csv"
"SALES_S06_20240626.csv","S06","2024-06-26","0","C:\Users\ub02-glab-047\Downloads\data_2\data\sales\SALES_S06_20240626.csv"
"SALES_S06_20240627.csv","S06","2024-06-27","0","C:\Users\ub02-glab-047\Downloads\data_2\data\sales\SALES_S06_20240627.csv"
"SALES_S06_20240628.csv","S06","2024-06-28","0","C:\Users\ub02-glab-047\Downloads\data_2\data\sales\SALES_S06_20240628.csv"
"SALES_S06_20240629.csv","S06","2024-06-29","0","C:\Users\ub02-glab-047\Downloads\data_2\data\sales\SALES_S06_20240629.csv"
"SALES_S06_20240630.csv","S06","2024-06-30","0","C:\Users\ub02-glab-047\Downloads\data_2\data\sales\SALES_S06_20240630.csv"
"SALES_S06_20240701.csv","S06","2024-07-01","0","C:\Users\ub02-glab-047\Downloads\data_2\data\sales\SALES_S06_20240701.csv"
"SALES_S06_20240702.csv","S06","2024-07-02","0","C:\Users\ub02-glab-047\Downloads\data_2\data\sales\SALES_S06_20240702.csv"
"SALES_S06_20240703.csv","S06","2024-07-03","0","C:\Users\ub02-glab-047\Downloads\data_2\data\sales\SALES_S06_20240703.csv"
"SALES_S06_20240704.csv","S06","2024-07-04","0","C:\Users\ub02-glab-047\Downloads\data_2\data\sales\SALES_S06_20240704.csv"
"SALES_S06_20240705.csv","S06","2024-07-05","0","C:\Users\ub02-glab-047\Downloads\data_2\data\sales\SALES_S06_20240705.csv"
"SALES_S06_20240706.csv","S06","2024-07-06","0","C:\Users\ub02-glab-047\Downloads\data_2\data\sales\SALES_S06_20240706.csv"
"SALES_S06_20240707.csv","S06","2024-07-07","0","C:\Users\ub02-glab-047\Downloads\data_2\data\sales\SALES_S06_20240707.csv"
"SALES_S06_20240708.csv","S06","2024-07-08","0","C:\Users\ub02-glab-047\Downloads\data_2\data\sales\SALES_S06_20240708.csv"
"SALES_S06_20240709.csv","S06","2024-07-09","0","C:\Users\ub02-glab-047\Downloads\data_2\data\sales\SALES_S06_20240709.csv"
"SALES_S06_20240710.csv","S06","2024-07-10","0","C:\Users\ub02-glab-047\Downloads\data_2\data\sales\SALES_S06_20240710.csv"
"SALES_S06_20240711.csv","S06","2024-07-11","0","C:\Users\ub02-glab-047\Downloads\data_2\data\sales\SALES_S06_20240711.csv"
"SALES_S06_20240712.csv","S06","2024-07-12","0","C:\Users\ub02-glab-047\Downloads\data_2\data\sales\SALES_S06_20240712.csv"
"SALES_S06_20240713.csv","S06","2024-07-13","0","C:\Users\ub02-glab-047\Downloads\data_2\data\sales\SALES_S06_20240713.csv"
"SALES_S06_20240714.csv","S06","2024-07-14","0","C:\Users\ub02-glab-047\Downloads\data_2\data\sales\SALES_S06_20240714.csv"
"SALES_S06_20240715.csv","S06","2024-07-15","0","C:\Users\ub02-glab-047\Downloads\data_2\data\sales\SALES_S06_20240715.csv"
"SALES_S06_20240716.csv","S06","2024-07-16","0","C:\Users\ub02-glab-047\Downloads\data_2\data\sales\SALES_S06_20240716.csv"
"SALES_S06_20240717.csv","S06","2024-07-17","0","C:\Users\ub02-glab-047\Downloads\data_2\data\sales\SALES_S06_20240717.csv"
"SALES_S06_20240718.csv","S06","2024-07-18","0","C:\Users\ub02-glab-047\Downloads\data_2\data\sales\SALES_S06_20240718.csv"
"SALES_S06_20240719.csv","S06","2024-07-19","0","C:\Users\ub02-glab-047\Downloads\data_2\data\sales\SALES_S06_20240719.csv"
"SALES_S06_20240720.csv","S06","2024-07-20","0","C:\Users\ub02-glab-047\Downloads\data_2\data\sales\SALES_S06_20240720.csv"
"SALES_S06_20240721.csv","S06","2024-07-21","0","C:\Users\ub02-glab-047\Downloads\data_2\data\sales\SALES_S06_20240721.csv"
"SALES_S06_20240722.csv","S06","2024-07-22","0","C:\Users\ub02-glab-047\Downloads\data_2\data\sales\SALES_S06_20240722.csv"
"SALES_S06_20240723.csv","S06","2024-07-23","0","C:\Users\ub02-glab-047\Downloads\data_2\data\sales\SALES_S06_20240723.csv"
"SALES_S06_20240724.csv","S06","2024-07-24","0","C:\Users\ub02-glab-047\Downloads\data_2\data\sales\SALES_S06_20240724.csv"
"SALES_S06_20240725.csv","S06","2024-07-25","0","C:\Users\ub02-glab-047\Downloads\data_2\data\sales\SALES_S06_20240725.csv"
"SALES_S06_20240726.csv","S06","2024-07-26","0","C:\Users\ub02-glab-047\Downloads\data_2\data\sales\SALES_S06_20240726.csv"
"SALES_S06_20240727.csv","S06","2024-07-27","0","C:\Users\ub02-glab-047\Downloads\data_2\data\sales\SALES_S06_20240727.csv"
"SALES_S06_20240728.csv","S06","2024-07-28","0","C:\Users\ub02-glab-047\Downloads\data_2\data\sales\SALES_S06_20240728.csv"
"SALES_S06_20240729.csv","S06","2024-07-29","0","C:\Users\ub02-glab-047\Downloads\data_2\data\sales\SALES_S06_20240729.csv"
"SALES_S06_20240730.csv","S06","2024-07-30","0","C:\Users\ub02-glab-047\Downloads\data_2\data\sales\SALES_S06_20240730.csv"
"SALES_S06_20240731.csv","S06","2024-07-31","0","C:\Users\ub02-glab-047\Downloads\data_2\data\sales\SALES_S06_20240731.csv"
"SALES_S06_20240801.csv","S06","2024-08-01","0","C:\Users\ub02-glab-047\Downloads\data_2\data\sales\SALES_S06_20240801.csv"
"SALES_S06_20240802.csv","S06","2024-08-02","0","C:\Users\ub02-glab-047\Downloads\data_2\data\sales\SALES_S06_20240802.csv"
"SALES_S06_20240803.csv","S06","2024-08-03","0","C:\Users\ub02-glab-047\Downloads\data_2\data\sales\SALES_S06_20240803.csv"
"SALES_S06_20240804.csv","S06","2024-08-04","0","C:\Users\ub02-glab-047\Downloads\data_2\data\sales\SALES_S06_20240804.csv"
"SALES_S06_20240805.csv","S06","2024-08-05","0","C:\Users\ub02-glab-047\Downloads\data_2\data\sales\SALES_S06_20240805.csv"
"SALES_S06_20240806.csv","S06","2024-08-06","0","C:\Users\ub02-glab-047\Downloads\data_2\data\sales\SALES_S06_20240806.csv"
"SALES_S06_20240807.csv","S06","2024-08-07","0","C:\Users\ub02-glab-047\Downloads\data_2\data\sales\SALES_S06_20240807.csv"
"SALES_S06_20240808.csv","S06","2024-08-08","0","C:\Users\ub02-glab-047\Downloads\data_2\data\sales\SALES_S06_20240808.csv"
"SALES_S06_20240809.csv","S06","2024-08-09","0","C:\Users\ub02-glab-047\Downloads\data_2\data\sales\SALES_S06_20240809.csv"
"SALES_S06_20240810.csv","S06","2024-08-10","0","C:\Users\ub02-glab-047\Downloads\data_2\data\sales\SALES_S06_20240810.csv"
"SALES_S06_20240811.csv","S06","2024-08-11","0","C:\Users\ub02-glab-047\Downloads\data_2\data\sales\SALES_S06_20240811.csv"
"SALES_S06_20240812.csv","S06","2024-08-12","0","C:\Users\ub02-glab-047\Downloads\data_2\data\sales\SALES_S06_20240812.csv"
"SALES_S06_20240813.csv","S06","2024-08-13","0","C:\Users\ub02-glab-047\Downloads\data_2\data\sales\SALES_S06_20240813.csv"
"SALES_S06_20240814.csv","S06","2024-08-14","0","C:\Users\ub02-glab-047\Downloads\data_2\data\sales\SALES_S06_20240814.csv"
"SALES_S06_20240815.csv","S06","2024-08-15","0","C:\Users\ub02-glab-047\Downloads\data_2\data\sales\SALES_S06_20240815.csv"
"SALES_S06_20240816.csv","S06","2024-08-16","0","C:\Users\ub02-glab-047\Downloads\data_2\data\sales\SALES_S06_20240816.csv"
"SALES_S06_20240817.csv","S06","2024-08-17","0","C:\Users\ub02-glab-047\Downloads\data_2\data\sales\SALES_S06_20240817.csv"
"SALES_S06_20240818.csv","S06","2024-08-18","0","C:\Users\ub02-glab-047\Downloads\data_2\data\sales\SALES_S06_20240818.csv"
"SALES_S06_20240818__R1.csv","S06","2024-08-18","1","C:\Users\ub02-glab-047\Downloads\data_2\data\sales\SALES_S06_20240818__R1.csv"
"SALES_S06_20240819.csv","S06","2024-08-19","0","C:\Users\ub02-glab-047\Downloads\data_2\data\sales\SALES_S06_20240819.csv"
"SALES_S06_20240820.csv","S06","2024-08-20","0","C:\Users\ub02-glab-047\Downloads\data_2\data\sales\SALES_S06_20240820.csv"
"SALES_S06_20240821.csv","S06","2024-08-21","0","C:\Users\ub02-glab-047\Downloads\data_2\data\sales\SALES_S06_20240821.csv"
"SALES_S06_20240822.csv","S06","2024-08-22","0","C:\Users\ub02-glab-047\Downloads\data_2\data\sales\SALES_S06_20240822.csv"
"SALES_S06_20240823.csv","S06","2024-08-23","0","C:\Users\ub02-glab-047\Downloads\data_2\data\sales\SALES_S06_20240823.csv"
"SALES_S06_20240824.csv","S06","2024-08-24","0","C:\Users\ub02-glab-047\Downloads\data_2\data\sales\SALES_S06_20240824.csv"
"SALES_S06_20240825.csv","S06","2024-08-25","0","C:\Users\ub02-glab-047\Downloads\data_2\data\sales\SALES_S06_20240825.csv"
"SALES_S06_20240826.csv","S06","2024-08-26","0","C:\Users\ub02-glab-047\Downloads\data_2\data\sales\SALES_S06_20240826.csv"
"SALES_S06_20240827.csv","S06","2024-08-27","0","C:\Users\ub02-glab-047\Downloads\data_2\data\sales\SALES_S06_20240827.csv"
"SALES_S06_20240828.csv","S06","2024-08-28","0","C:\Users\ub02-glab-047\Downloads\data_2\data\sales\SALES_S06_20240828.csv"
"SALES_S06_20240829.csv","S06","2024-08-29","0","C:\Users\ub02-glab-047\Downloads\data_2\data\sales\SALES_S06_20240829.csv"
"SALES_S06_20240830.csv","S06","2024-08-30","0","C:\Users\ub02-glab-047\Downloads\data_2\data\sales\SALES_S06_20240830.csv"
"SALES_S06_20240831.csv","S06","2024-08-31","0","C:\Users\ub02-glab-047\Downloads\data_2\data\sales\SALES_S06_20240831.csv"
"SALES_S06_20240901.csv","S06","2024-09-01","0","C:\Users\ub02-glab-047\Downloads\data_2\data\sales\SALES_S06_20240901.csv"
"SALES_S06_20240902.csv","S06","2024-09-02","0","C:\Users\ub02-glab-047\Downloads\data_2\data\sales\SALES_S06_20240902.csv"
"SALES_S06_20240903.csv","S06","2024-09-03","0","C:\Users\ub02-glab-047\Downloads\data_2\data\sales\SALES_S06_20240903.csv"
"SALES_S06_20240904.csv","S06","2024-09-04","0","C:\Users\ub02-glab-047\Downloads\data_2\data\sales\SALES_S06_20240904.csv"
"SALES_S06_20240905.csv","S06","2024-09-05","0","C:\Users\ub02-glab-047\Downloads\data_2\data\sales\SALES_S06_20240905.csv"
"SALES_S06_20240906.csv","S06","2024-09-06","0","C:\Users\ub02-glab-047\Downloads\data_2\data\sales\SALES_S06_20240906.csv"
"SALES_S06_20240907.csv","S06","2024-09-07","0","C:\Users\ub02-glab-047\Downloads\data_2\data\sales\SALES_S06_20240907.csv"
"SALES_S06_20240908.csv","S06","2024-09-08","0","C:\Users\ub02-glab-047\Downloads\data_2\data\sales\SALES_S06_20240908.csv"
"SALES_S06_20240909.csv","S06","2024-09-09","0","C:\Users\ub02-glab-047\Downloads\data_2\data\sales\SALES_S06_20240909.csv"
"SALES_S06_20240910.csv","S06","2024-09-10","0","C:\Users\ub02-glab-047\Downloads\data_2\data\sales\SALES_S06_20240910.csv"
"SALES_S06_20240911.csv","S06","2024-09-11","0","C:\Users\ub02-glab-047\Downloads\data_2\data\sales\SALES_S06_20240911.csv"
"SALES_S06_20240912.csv","S06","2024-09-12","0","C:\Users\ub02-glab-047\Downloads\data_2\data\sales\SALES_S06_20240912.csv"
"SALES_S06_20240913.csv","S06","2024-09-13","0","C:\Users\ub02-glab-047\Downloads\data_2\data\sales\SALES_S06_20240913.csv"
"SALES_S06_20240914.csv","S06","2024-09-14","0","C:\Users\ub02-glab-047\Downloads\data_2\data\sales\SALES_S06_20240914.csv"
"SALES_S06_20240915.csv","S06","2024-09-15","0","C:\Users\ub02-glab-047\Downloads\data_2\data\sales\SALES_S06_20240915.csv"
"SALES_S06_20240916.csv","S06","2024-09-16","0","C:\Users\ub02-glab-047\Downloads\data_2\data\sales\SALES_S06_20240916.csv"
"SALES_S06_20240917.csv","S06","2024-09-17","0","C:\Users\ub02-glab-047\Downloads\data_2\data\sales\SALES_S06_20240917.csv"
"SALES_S06_20240918.csv","S06","2024-09-18","0","C:\Users\ub02-glab-047\Downloads\data_2\data\sales\SALES_S06_20240918.csv"
"SALES_S06_20240919.csv","S06","2024-09-19","0","C:\Users\ub02-glab-047\Downloads\data_2\data\sales\SALES_S06_20240919.csv"
"SALES_S06_20240920.csv","S06","2024-09-20","0","C:\Users\ub02-glab-047\Downloads\data_2\data\sales\SALES_S06_20240920.csv"
"SALES_S06_20240921.csv","S06","2024-09-21","0","C:\Users\ub02-glab-047\Downloads\data_2\data\sales\SALES_S06_20240921.csv"
"SALES_S06_20240922.csv","S06","2024-09-22","0","C:\Users\ub02-glab-047\Downloads\data_2\data\sales\SALES_S06_20240922.csv"
"SALES_S06_20240923.csv","S06","2024-09-23","0","C:\Users\ub02-glab-047\Downloads\data_2\data\sales\SALES_S06_20240923.csv"
"SALES_S06_20240924.csv","S06","2024-09-24","0","C:\Users\ub02-glab-047\Downloads\data_2\data\sales\SALES_S06_20240924.csv"
"SALES_S06_20240925.csv","S06","2024-09-25","0","C:\Users\ub02-glab-047\Downloads\data_2\data\sales\SALES_S06_20240925.csv"
"SALES_S06_20240926.csv","S06","2024-09-26","0","C:\Users\ub02-glab-047\Downloads\data_2\data\sales\SALES_S06_20240926.csv"
"SALES_S06_20240927.csv","S06","2024-09-27","0","C:\Users\ub02-glab-047\Downloads\data_2\data\sales\SALES_S06_20240927.csv"
"SALES_S06_20240928.csv","S06","2024-09-28","0","C:\Users\ub02-glab-047\Downloads\data_2\data\sales\SALES_S06_20240928.csv"
"SALES_S06_20240929.csv","S06","2024-09-29","0","C:\Users\ub02-glab-047\Downloads\data_2\data\sales\SALES_S06_20240929.csv"
"SALES_S06_20240930.csv","S06","2024-09-30","0","C:\Users\ub02-glab-047\Downloads\data_2\data\sales\SALES_S06_20240930.csv"
"SALES_S06_20241001.csv","S06","2024-10-01","0","C:\Users\ub02-glab-047\Downloads\data_2\data\sales\SALES_S06_20241001.csv"
"SALES_S06_20241002.csv","S06","2024-10-02","0","C:\Users\ub02-glab-047\Downloads\data_2\data\sales\SALES_S06_20241002.csv"
"SALES_S06_20241003.csv","S06","2024-10-03","0","C:\Users\ub02-glab-047\Downloads\data_2\data\sales\SALES_S06_20241003.csv"
"SALES_S06_20241004.csv","S06","2024-10-04","0","C:\Users\ub02-glab-047\Downloads\data_2\data\sales\SALES_S06_20241004.csv"
"SALES_S06_20241005.csv","S06","2024-10-05","0","C:\Users\ub02-glab-047\Downloads\data_2\data\sales\SALES_S06_20241005.csv"
"SALES_S06_20241006.csv","S06","2024-10-06","0","C:\Users\ub02-glab-047\Downloads\data_2\data\sales\SALES_S06_20241006.csv"
"SALES_S06_20241007.csv","S06","2024-10-07","0","C:\Users\ub02-glab-047\Downloads\data_2\data\sales\SALES_S06_20241007.csv"
"SALES_S06_20241008.csv","S06","2024-10-08","0","C:\Users\ub02-glab-047\Downloads\data_2\data\sales\SALES_S06_20241008.csv"
"SALES_S06_20241009.csv","S06","2024-10-09","0","C:\Users\ub02-glab-047\Downloads\data_2\data\sales\SALES_S06_20241009.csv"
"SALES_S06_20241010.csv","S06","2024-10-10","0","C:\Users\ub02-glab-047\Downloads\data_2\data\sales\SALES_S06_20241010.csv"
"SALES_S06_20241011.csv","S06","2024-10-11","0","C:\Users\ub02-glab-047\Downloads\data_2\data\sales\SALES_S06_20241011.csv"
"SALES_S06_20241012.csv","S06","2024-10-12","0","C:\Users\ub02-glab-047\Downloads\data_2\data\sales\SALES_S06_20241012.csv"
"SALES_S06_20241013.csv","S06","2024-10-13","0","C:\Users\ub02-glab-047\Downloads\data_2\data\sales\SALES_S06_20241013.csv"
"SALES_S06_20241014.csv","S06","2024-10-14","0","C:\Users\ub02-glab-047\Downloads\data_2\data\sales\SALES_S06_20241014.csv"
"SALES_S06_20241015.csv","S06","2024-10-15","0","C:\Users\ub02-glab-047\Downloads\data_2\data\sales\SALES_S06_20241015.csv"
"SALES_S06_20241016.csv","S06","2024-10-16","0","C:\Users\ub02-glab-047\Downloads\data_2\data\sales\SALES_S06_20241016.csv"
"SALES_S06_20241017.csv","S06","2024-10-17","0","C:\Users\ub02-glab-047\Downloads\data_2\data\sales\SALES_S06_20241017.csv"
"SALES_S06_20241018.csv","S06","2024-10-18","0","C:\Users\ub02-glab-047\Downloads\data_2\data\sales\SALES_S06_20241018.csv"
"SALES_S06_20241019.csv","S06","2024-10-19","0","C:\Users\ub02-glab-047\Downloads\data_2\data\sales\SALES_S06_20241019.csv"
"SALES_S06_20241020.csv","S06","2024-10-20","0","C:\Users\ub02-glab-047\Downloads\data_2\data\sales\SALES_S06_20241020.csv"
"SALES_S06_20241021.csv","S06","2024-10-21","0","C:\Users\ub02-glab-047\Downloads\data_2\data\sales\SALES_S06_20241021.csv"
"SALES_S06_20241022.csv","S06","2024-10-22","0","C:\Users\ub02-glab-047\Downloads\data_2\data\sales\SALES_S06_20241022.csv"
"SALES_S06_20241023.csv","S06","2024-10-23","0","C:\Users\ub02-glab-047\Downloads\data_2\data\sales\SALES_S06_20241023.csv"
"SALES_S06_20241024.csv","S06","2024-10-24","0","C:\Users\ub02-glab-047\Downloads\data_2\data\sales\SALES_S06_20241024.csv"
"SALES_S06_20241025.csv","S06","2024-10-25","0","C:\Users\ub02-glab-047\Downloads\data_2\data\sales\SALES_S06_20241025.csv"
"SALES_S06_20241026.csv","S06","2024-10-26","0","C:\Users\ub02-glab-047\Downloads\data_2\data\sales\SALES_S06_20241026.csv"
"SALES_S06_20241027.csv","S06","2024-10-27","0","C:\Users\ub02-glab-047\Downloads\data_2\data\sales\SALES_S06_20241027.csv"
"SALES_S06_20241028.csv","S06","2024-10-28","0","C:\Users\ub02-glab-047\Downloads\data_2\data\sales\SALES_S06_20241028.csv"
"SALES_S06_20241029.csv","S06","2024-10-29","0","C:\Users\ub02-glab-047\Downloads\data_2\data\sales\SALES_S06_20241029.csv"
"SALES_S06_20241030.csv","S06","2024-10-30","0","C:\Users\ub02-glab-047\Downloads\data_2\data\sales\SALES_S06_20241030.csv"
"SALES_S06_20241031.csv","S06","2024-10-31","0","C:\Users\ub02-glab-047\Downloads\data_2\data\sales\SALES_S06_20241031.csv"
"SALES_S06_20241101.csv","S06","2024-11-01","0","C:\Users\ub02-glab-047\Downloads\data_2\data\sales\SALES_S06_20241101.csv"
"SALES_S06_20241102.csv","S06","2024-11-02","0","C:\Users\ub02-glab-047\Downloads\data_2\data\sales\SALES_S06_20241102.csv"
"SALES_S06_20241103.csv","S06","2024-11-03","0","C:\Users\ub02-glab-047\Downloads\data_2\data\sales\SALES_S06_20241103.csv"
"SALES_S06_20241104.csv","S06","2024-11-04","0","C:\Users\ub02-glab-047\Downloads\data_2\data\sales\SALES_S06_20241104.csv"
"SALES_S06_20241105.csv","S06","2024-11-05","0","C:\Users\ub02-glab-047\Downloads\data_2\data\sales\SALES_S06_20241105.csv"
"SALES_S06_20241106.csv","S06","2024-11-06","0","C:\Users\ub02-glab-047\Downloads\data_2\data\sales\SALES_S06_20241106.csv"
"SALES_S06_20241107.csv","S06","2024-11-07","0","C:\Users\ub02-glab-047\Downloads\data_2\data\sales\SALES_S06_20241107.csv"
"SALES_S06_20241108.csv","S06","2024-11-08","0","C:\Users\ub02-glab-047\Downloads\data_2\data\sales\SALES_S06_20241108.csv"
"SALES_S06_20241108__R1.csv","S06","2024-11-08","1","C:\Users\ub02-glab-047\Downloads\data_2\data\sales\SALES_S06_20241108__R1.csv"
"SALES_S06_20241109.csv","S06","2024-11-09","0","C:\Users\ub02-glab-047\Downloads\data_2\data\sales\SALES_S06_20241109.csv"
"SALES_S06_20241110.csv","S06","2024-11-10","0","C:\Users\ub02-glab-047\Downloads\data_2\data\sales\SALES_S06_20241110.csv"
"SALES_S06_20241111.csv","S06","2024-11-11","0","C:\Users\ub02-glab-047\Downloads\data_2\data\sales\SALES_S06_20241111.csv"
"SALES_S06_20241112.csv","S06","2024-11-12","0","C:\Users\ub02-glab-047\Downloads\data_2\data\sales\SALES_S06_20241112.csv"
"SALES_S06_20241113.csv","S06","2024-11-13","0","C:\Users\ub02-glab-047\Downloads\data_2\data\sales\SALES_S06_20241113.csv"
"SALES_S06_20241114.csv","S06","2024-11-14","0","C:\Users\ub02-glab-047\Downloads\data_2\data\sales\SALES_S06_20241114.csv"
"SALES_S06_20241115.csv","S06","2024-11-15","0","C:\Users\ub02-glab-047\Downloads\data_2\data\sales\SALES_S06_20241115.csv"
"SALES_S06_20241116.csv","S06","2024-11-16","0","C:\Users\ub02-glab-047\Downloads\data_2\data\sales\SALES_S06_20241116.csv"
"SALES_S06_20241117.csv","S06","2024-11-17","0","C:\Users\ub02-glab-047\Downloads\data_2\data\sales\SALES_S06_20241117.csv"
"SALES_S06_20241117__R1.csv","S06","2024-11-17","1","C:\Users\ub02-glab-047\Downloads\data_2\data\sales\SALES_S06_20241117__R1.csv"
"SALES_S06_20241118.csv","S06","2024-11-18","0","C:\Users\ub02-glab-047\Downloads\data_2\data\sales\SALES_S06_20241118.csv"
"SALES_S06_20241119.csv","S06","2024-11-19","0","C:\Users\ub02-glab-047\Downloads\data_2\data\sales\SALES_S06_20241119.csv"
"SALES_S06_20241120.csv","S06","2024-11-20","0","C:\Users\ub02-glab-047\Downloads\data_2\data\sales\SALES_S06_20241120.csv"
"SALES_S06_20241121.csv","S06","2024-11-21","0","C:\Users\ub02-glab-047\Downloads\data_2\data\sales\SALES_S06_20241121.csv"
"SALES_S06_20241122.csv","S06","2024-11-22","0","C:\Users\ub02-glab-047\Downloads\data_2\data\sales\SALES_S06_20241122.csv"
"SALES_S06_20241123.csv","S06","2024-11-23","0","C:\Users\ub02-glab-047\Downloads\data_2\data\sales\SALES_S06_20241123.csv"
"SALES_S06_20241124.csv","S06","2024-11-24","0","C:\Users\ub02-glab-047\Downloads\data_2\data\sales\SALES_S06_20241124.csv"
"SALES_S06_20241125.csv","S06","2024-11-25","0","C:\Users\ub02-glab-047\Downloads\data_2\data\sales\SALES_S06_20241125.csv"
"SALES_S06_20241126.csv","S06","2024-11-26","0","C:\Users\ub02-glab-047\Downloads\data_2\data\sales\SALES_S06_20241126.csv"
"SALES_S06_20241127.csv","S06","2024-11-27","0","C:\Users\ub02-glab-047\Downloads\data_2\data\sales\SALES_S06_20241127.csv"
"SALES_S06_20241128.csv","S06","2024-11-28","0","C:\Users\ub02-glab-047\Downloads\data_2\data\sales\SALES_S06_20241128.csv"
"SALES_S06_20241129.csv","S06","2024-11-29","0","C:\Users\ub02-glab-047\Downloads\data_2\data\sales\SALES_S06_20241129.csv"
"SALES_S06_20241130.csv","S06","2024-11-30","0","C:\Users\ub02-glab-047\Downloads\data_2\data\sales\SALES_S06_20241130.csv"
"SALES_S06_20241201.csv","S06","2024-12-01","0","C:\Users\ub02-glab-047\Downloads\data_2\data\sales\SALES_S06_20241201.csv"
"SALES_S06_20241202.csv","S06","2024-12-02","0","C:\Users\ub02-glab-047\Downloads\data_2\data\sales\SALES_S06_20241202.csv"
"SALES_S06_20241203.csv","S06","2024-12-03","0","C:\Users\ub02-glab-047\Downloads\data_2\data\sales\SALES_S06_20241203.csv"
"SALES_S06_20241204.csv","S06","2024-12-04","0","C:\Users\ub02-glab-047\Downloads\data_2\data\sales\SALES_S06_20241204.csv"
"SALES_S06_20241205.csv","S06","2024-12-05","0","C:\Users\ub02-glab-047\Downloads\data_2\data\sales\SALES_S06_20241205.csv"
"SALES_S06_20241206.csv","S06","2024-12-06","0","C:\Users\ub02-glab-047\Downloads\data_2\data\sales\SALES_S06_20241206.csv"
"SALES_S06_20241207.csv","S06","2024-12-07","0","C:\Users\ub02-glab-047\Downloads\data_2\data\sales\SALES_S06_20241207.csv"
"SALES_S06_20241208.csv","S06","2024-12-08","0","C:\Users\ub02-glab-047\Downloads\data_2\data\sales\SALES_S06_20241208.csv"
"SALES_S06_20241209.csv","S06","2024-12-09","0","C:\Users\ub02-glab-047\Downloads\data_2\data\sales\SALES_S06_20241209.csv"
"SALES_S06_20241210.csv","S06","2024-12-10","0","C:\Users\ub02-glab-047\Downloads\data_2\data\sales\SALES_S06_20241210.csv"
"SALES_S06_20241211.csv","S06","2024-12-11","0","C:\Users\ub02-glab-047\Downloads\data_2\data\sales\SALES_S06_20241211.csv"
"SALES_S06_20241212.csv","S06","2024-12-12","0","C:\Users\ub02-glab-047\Downloads\data_2\data\sales\SALES_S06_20241212.csv"
"SALES_S06_20241213.csv","S06","2024-12-13","0","C:\Users\ub02-glab-047\Downloads\data_2\data\sales\SALES_S06_20241213.csv"
"SALES_S06_20241214.csv","S06","2024-12-14","0","C:\Users\ub02-glab-047\Downloads\data_2\data\sales\SALES_S06_20241214.csv"
"SALES_S06_20241215.csv","S06","2024-12-15","0","C:\Users\ub02-glab-047\Downloads\data_2\data\sales\SALES_S06_20241215.csv"
"SALES_S06_20241216.csv","S06","2024-12-16","0","C:\Users\ub02-glab-047\Downloads\data_2\data\sales\SALES_S06_20241216.csv"
"SALES_S06_20241217.csv","S06","2024-12-17","0","C:\Users\ub02-glab-047\Downloads\data_2\data\sales\SALES_S06_20241217.csv"
"SALES_S06_20241218.csv","S06","2024-12-18","0","C:\Users\ub02-glab-047\Downloads\data_2\data\sales\SALES_S06_20241218.csv"
"SALES_S06_20241219.csv","S06","2024-12-19","0","C:\Users\ub02-glab-047\Downloads\data_2\data\sales\SALES_S06_20241219.csv"
"SALES_S06_20241220.csv","S06","2024-12-20","0","C:\Users\ub02-glab-047\Downloads\data_2\data\sales\SALES_S06_20241220.csv"
"SALES_S06_20241221.csv","S06","2024-12-21","0","C:\Users\ub02-glab-047\Downloads\data_2\data\sales\SALES_S06_20241221.csv"
"SALES_S06_20241221__R1.csv","S06","2024-12-21","1","C:\Users\ub02-glab-047\Downloads\data_2\data\sales\SALES_S06_20241221__R1.csv"
"SALES_S06_20241221__R2.csv","S06","2024-12-21","2","C:\Users\ub02-glab-047\Downloads\data_2\data\sales\SALES_S06_20241221__R2.csv"
"SALES_S06_20241222.csv","S06","2024-12-22","0","C:\Users\ub02-glab-047\Downloads\data_2\data\sales\SALES_S06_20241222.csv"
"SALES_S06_20241223.csv","S06","2024-12-23","0","C:\Users\ub02-glab-047\Downloads\data_2\data\sales\SALES_S06_20241223.csv"
"SALES_S06_20241224.csv","S06","2024-12-24","0","C:\Users\ub02-glab-047\Downloads\data_2\data\sales\SALES_S06_20241224.csv"
"SALES_S06_20241225.csv","S06","2024-12-25","0","C:\Users\ub02-glab-047\Downloads\data_2\data\sales\SALES_S06_20241225.csv"
"SALES_S06_20241226.csv","S06","2024-12-26","0","C:\Users\ub02-glab-047\Downloads\data_2\data\sales\SALES_S06_20241226.csv"
"SALES_S06_20241227.csv","S06","2024-12-27","0","C:\Users\ub02-glab-047\Downloads\data_2\data\sales\SALES_S06_20241227.csv"
"SALES_S06_20241228.csv","S06","2024-12-28","0","C:\Users\ub02-glab-047\Downloads\data_2\data\sales\SALES_S06_20241228.csv"
"SALES_S06_20241229.csv","S06","2024-12-29","0","C:\Users\ub02-glab-047\Downloads\data_2\data\sales\SALES_S06_20241229.csv"
"SALES_S06_20241230.csv","S06","2024-12-30","0","C:\Users\ub02-glab-047\Downloads\data_2\data\sales\SALES_S06_20241230.csv"
"SALES_S06_20241231.csv","S06","2024-12-31","0","C:\Users\ub02-glab-047\Downloads\data_2\data\sales\SALES_S06_20241231.csv"
"SALES_S07_20240101.csv","S07","2024-01-01","0","C:\Users\ub02-glab-047\Downloads\data_2\data\sales\SALES_S07_20240101.csv"
"SALES_S07_20240102.csv","S07","2024-01-02","0","C:\Users\ub02-glab-047\Downloads\data_2\data\sales\SALES_S07_20240102.csv"
"SALES_S07_20240103.csv","S07","2024-01-03","0","C:\Users\ub02-glab-047\Downloads\data_2\data\sales\SALES_S07_20240103.csv"
"SALES_S07_20240104.csv","S07","2024-01-04","0","C:\Users\ub02-glab-047\Downloads\data_2\data\sales\SALES_S07_20240104.csv"
"SALES_S07_20240105.csv","S07","2024-01-05","0","C:\Users\ub02-glab-047\Downloads\data_2\data\sales\SALES_S07_20240105.csv"
"SALES_S07_20240106.csv","S07","2024-01-06","0","C:\Users\ub02-glab-047\Downloads\data_2\data\sales\SALES_S07_20240106.csv"
"SALES_S07_20240107.csv","S07","2024-01-07","0","C:\Users\ub02-glab-047\Downloads\data_2\data\sales\SALES_S07_20240107.csv"
"SALES_S07_20240108.csv","S07","2024-01-08","0","C:\Users\ub02-glab-047\Downloads\data_2\data\sales\SALES_S07_20240108.csv"
"SALES_S07_20240109.csv","S07","2024-01-09","0","C:\Users\ub02-glab-047\Downloads\data_2\data\sales\SALES_S07_20240109.csv"
"SALES_S07_20240110.csv","S07","2024-01-10","0","C:\Users\ub02-glab-047\Downloads\data_2\data\sales\SALES_S07_20240110.csv"
"SALES_S07_20240111.csv","S07","2024-01-11","0","C:\Users\ub02-glab-047\Downloads\data_2\data\sales\SALES_S07_20240111.csv"
"SALES_S07_20240112.csv","S07","2024-01-12","0","C:\Users\ub02-glab-047\Downloads\data_2\data\sales\SALES_S07_20240112.csv"
"SALES_S07_20240113.csv","S07","2024-01-13","0","C:\Users\ub02-glab-047\Downloads\data_2\data\sales\SALES_S07_20240113.csv"
"SALES_S07_20240114.csv","S07","2024-01-14","0","C:\Users\ub02-glab-047\Downloads\data_2\data\sales\SALES_S07_20240114.csv"
"SALES_S07_20240115.csv","S07","2024-01-15","0","C:\Users\ub02-glab-047\Downloads\data_2\data\sales\SALES_S07_20240115.csv"
"SALES_S07_20240116.csv","S07","2024-01-16","0","C:\Users\ub02-glab-047\Downloads\data_2\data\sales\SALES_S07_20240116.csv"
"SALES_S07_20240117.csv","S07","2024-01-17","0","C:\Users\ub02-glab-047\Downloads\data_2\data\sales\SALES_S07_20240117.csv"
"SALES_S07_20240118.csv","S07","2024-01-18","0","C:\Users\ub02-glab-047\Downloads\data_2\data\sales\SALES_S07_20240118.csv"
"SALES_S07_20240119.csv","S07","2024-01-19","0","C:\Users\ub02-glab-047\Downloads\data_2\data\sales\SALES_S07_20240119.csv"
"SALES_S07_20240120.csv","S07","2024-01-20","0","C:\Users\ub02-glab-047\Downloads\data_2\data\sales\SALES_S07_20240120.csv"
"SALES_S07_20240121.csv","S07","2024-01-21","0","C:\Users\ub02-glab-047\Downloads\data_2\data\sales\SALES_S07_20240121.csv"
"SALES_S07_20240122.csv","S07","2024-01-22","0","C:\Users\ub02-glab-047\Downloads\data_2\data\sales\SALES_S07_20240122.csv"
"SALES_S07_20240123.csv","S07","2024-01-23","0","C:\Users\ub02-glab-047\Downloads\data_2\data\sales\SALES_S07_20240123.csv"
"SALES_S07_20240124.csv","S07","2024-01-24","0","C:\Users\ub02-glab-047\Downloads\data_2\data\sales\SALES_S07_20240124.csv"
"SALES_S07_20240125.csv","S07","2024-01-25","0","C:\Users\ub02-glab-047\Downloads\data_2\data\sales\SALES_S07_20240125.csv"
"SALES_S07_20240126.csv","S07","2024-01-26","0","C:\Users\ub02-glab-047\Downloads\data_2\data\sales\SALES_S07_20240126.csv"
"SALES_S07_20240127.csv","S07","2024-01-27","0","C:\Users\ub02-glab-047\Downloads\data_2\data\sales\SALES_S07_20240127.csv"
"SALES_S07_20240128.csv","S07","2024-01-28","0","C:\Users\ub02-glab-047\Downloads\data_2\data\sales\SALES_S07_20240128.csv"
"SALES_S07_20240129.csv","S07","2024-01-29","0","C:\Users\ub02-glab-047\Downloads\data_2\data\sales\SALES_S07_20240129.csv"
"SALES_S07_20240130.csv","S07","2024-01-30","0","C:\Users\ub02-glab-047\Downloads\data_2\data\sales\SALES_S07_20240130.csv"
"SALES_S07_20240131.csv","S07","2024-01-31","0","C:\Users\ub02-glab-047\Downloads\data_2\data\sales\SALES_S07_20240131.csv"
"SALES_S07_20240201.csv","S07","2024-02-01","0","C:\Users\ub02-glab-047\Downloads\data_2\data\sales\SALES_S07_20240201.csv"
"SALES_S07_20240202.csv","S07","2024-02-02","0","C:\Users\ub02-glab-047\Downloads\data_2\data\sales\SALES_S07_20240202.csv"
"SALES_S07_20240203.csv","S07","2024-02-03","0","C:\Users\ub02-glab-047\Downloads\data_2\data\sales\SALES_S07_20240203.csv"
"SALES_S07_20240204.csv","S07","2024-02-04","0","C:\Users\ub02-glab-047\Downloads\data_2\data\sales\SALES_S07_20240204.csv"
"SALES_S07_20240205.csv","S07","2024-02-05","0","C:\Users\ub02-glab-047\Downloads\data_2\data\sales\SALES_S07_20240205.csv"
"SALES_S07_20240206.csv","S07","2024-02-06","0","C:\Users\ub02-glab-047\Downloads\data_2\data\sales\SALES_S07_20240206.csv"
"SALES_S07_20240207.csv","S07","2024-02-07","0","C:\Users\ub02-glab-047\Downloads\data_2\data\sales\SALES_S07_20240207.csv"
"SALES_S07_20240208.csv","S07","2024-02-08","0","C:\Users\ub02-glab-047\Downloads\data_2\data\sales\SALES_S07_20240208.csv"
"SALES_S07_20240209.csv","S07","2024-02-09","0","C:\Users\ub02-glab-047\Downloads\data_2\data\sales\SALES_S07_20240209.csv"
"SALES_S07_20240210.csv","S07","2024-02-10","0","C:\Users\ub02-glab-047\Downloads\data_2\data\sales\SALES_S07_20240210.csv"
"SALES_S07_20240211.csv","S07","2024-02-11","0","C:\Users\ub02-glab-047\Downloads\data_2\data\sales\SALES_S07_20240211.csv"
"SALES_S07_20240212.csv","S07","2024-02-12","0","C:\Users\ub02-glab-047\Downloads\data_2\data\sales\SALES_S07_20240212.csv"
"SALES_S07_20240213.csv","S07","2024-02-13","0","C:\Users\ub02-glab-047\Downloads\data_2\data\sales\SALES_S07_20240213.csv"
"SALES_S07_20240214.csv","S07","2024-02-14","0","C:\Users\ub02-glab-047\Downloads\data_2\data\sales\SALES_S07_20240214.csv"
"SALES_S07_20240215.csv","S07","2024-02-15","0","C:\Users\ub02-glab-047\Downloads\data_2\data\sales\SALES_S07_20240215.csv"
"SALES_S07_20240216.csv","S07","2024-02-16","0","C:\Users\ub02-glab-047\Downloads\data_2\data\sales\SALES_S07_20240216.csv"
"SALES_S07_20240217.csv","S07","2024-02-17","0","C:\Users\ub02-glab-047\Downloads\data_2\data\sales\SALES_S07_20240217.csv"
"SALES_S07_20240218.csv","S07","2024-02-18","0","C:\Users\ub02-glab-047\Downloads\data_2\data\sales\SALES_S07_20240218.csv"
"SALES_S07_20240219.csv","S07","2024-02-19","0","C:\Users\ub02-glab-047\Downloads\data_2\data\sales\SALES_S07_20240219.csv"
"SALES_S07_20240220.csv","S07","2024-02-20","0","C:\Users\ub02-glab-047\Downloads\data_2\data\sales\SALES_S07_20240220.csv"
"SALES_S07_20240221.csv","S07","2024-02-21","0","C:\Users\ub02-glab-047\Downloads\data_2\data\sales\SALES_S07_20240221.csv"
"SALES_S07_20240222.csv","S07","2024-02-22","0","C:\Users\ub02-glab-047\Downloads\data_2\data\sales\SALES_S07_20240222.csv"
"SALES_S07_20240223.csv","S07","2024-02-23","0","C:\Users\ub02-glab-047\Downloads\data_2\data\sales\SALES_S07_20240223.csv"
"SALES_S07_20240224.csv","S07","2024-02-24","0","C:\Users\ub02-glab-047\Downloads\data_2\data\sales\SALES_S07_20240224.csv"
"SALES_S07_20240225.csv","S07","2024-02-25","0","C:\Users\ub02-glab-047\Downloads\data_2\data\sales\SALES_S07_20240225.csv"
"SALES_S07_20240226.csv","S07","2024-02-26","0","C:\Users\ub02-glab-047\Downloads\data_2\data\sales\SALES_S07_20240226.csv"
"SALES_S07_20240227.csv","S07","2024-02-27","0","C:\Users\ub02-glab-047\Downloads\data_2\data\sales\SALES_S07_20240227.csv"
"SALES_S07_20240228.csv","S07","2024-02-28","0","C:\Users\ub02-glab-047\Downloads\data_2\data\sales\SALES_S07_20240228.csv"
"SALES_S07_20240229.csv","S07","2024-02-29","0","C:\Users\ub02-glab-047\Downloads\data_2\data\sales\SALES_S07_20240229.csv"
"SALES_S07_20240301.csv","S07","2024-03-01","0","C:\Users\ub02-glab-047\Downloads\data_2\data\sales\SALES_S07_20240301.csv"
"SALES_S07_20240302.csv","S07","2024-03-02","0","C:\Users\ub02-glab-047\Downloads\data_2\data\sales\SALES_S07_20240302.csv"
"SALES_S07_20240303.csv","S07","2024-03-03","0","C:\Users\ub02-glab-047\Downloads\data_2\data\sales\SALES_S07_20240303.csv"
"SALES_S07_20240304.csv","S07","2024-03-04","0","C:\Users\ub02-glab-047\Downloads\data_2\data\sales\SALES_S07_20240304.csv"
"SALES_S07_20240305.csv","S07","2024-03-05","0","C:\Users\ub02-glab-047\Downloads\data_2\data\sales\SALES_S07_20240305.csv"
"SALES_S07_20240306.csv","S07","2024-03-06","0","C:\Users\ub02-glab-047\Downloads\data_2\data\sales\SALES_S07_20240306.csv"
"SALES_S07_20240307.csv","S07","2024-03-07","0","C:\Users\ub02-glab-047\Downloads\data_2\data\sales\SALES_S07_20240307.csv"
"SALES_S07_20240308.csv","S07","2024-03-08","0","C:\Users\ub02-glab-047\Downloads\data_2\data\sales\SALES_S07_20240308.csv"
"SALES_S07_20240309.csv","S07","2024-03-09","0","C:\Users\ub02-glab-047\Downloads\data_2\data\sales\SALES_S07_20240309.csv"
"SALES_S07_20240310.csv","S07","2024-03-10","0","C:\Users\ub02-glab-047\Downloads\data_2\data\sales\SALES_S07_20240310.csv"
"SALES_S07_20240311.csv","S07","2024-03-11","0","C:\Users\ub02-glab-047\Downloads\data_2\data\sales\SALES_S07_20240311.csv"
"SALES_S07_20240312.csv","S07","2024-03-12","0","C:\Users\ub02-glab-047\Downloads\data_2\data\sales\SALES_S07_20240312.csv"
"SALES_S07_20240313.csv","S07","2024-03-13","0","C:\Users\ub02-glab-047\Downloads\data_2\data\sales\SALES_S07_20240313.csv"
"SALES_S07_20240314.csv","S07","2024-03-14","0","C:\Users\ub02-glab-047\Downloads\data_2\data\sales\SALES_S07_20240314.csv"
"SALES_S07_20240315.csv","S07","2024-03-15","0","C:\Users\ub02-glab-047\Downloads\data_2\data\sales\SALES_S07_20240315.csv"
"SALES_S07_20240316.csv","S07","2024-03-16","0","C:\Users\ub02-glab-047\Downloads\data_2\data\sales\SALES_S07_20240316.csv"
"SALES_S07_20240317.csv","S07","2024-03-17","0","C:\Users\ub02-glab-047\Downloads\data_2\data\sales\SALES_S07_20240317.csv"
"SALES_S07_20240318.csv","S07","2024-03-18","0","C:\Users\ub02-glab-047\Downloads\data_2\data\sales\SALES_S07_20240318.csv"
"SALES_S07_20240319.csv","S07","2024-03-19","0","C:\Users\ub02-glab-047\Downloads\data_2\data\sales\SALES_S07_20240319.csv"
"SALES_S07_20240320.csv","S07","2024-03-20","0","C:\Users\ub02-glab-047\Downloads\data_2\data\sales\SALES_S07_20240320.csv"
"SALES_S07_20240321.csv","S07","2024-03-21","0","C:\Users\ub02-glab-047\Downloads\data_2\data\sales\SALES_S07_20240321.csv"
"SALES_S07_20240322.csv","S07","2024-03-22","0","C:\Users\ub02-glab-047\Downloads\data_2\data\sales\SALES_S07_20240322.csv"
"SALES_S07_20240323.csv","S07","2024-03-23","0","C:\Users\ub02-glab-047\Downloads\data_2\data\sales\SALES_S07_20240323.csv"
"SALES_S07_20240324.csv","S07","2024-03-24","0","C:\Users\ub02-glab-047\Downloads\data_2\data\sales\SALES_S07_20240324.csv"
"SALES_S07_20240325.csv","S07","2024-03-25","0","C:\Users\ub02-glab-047\Downloads\data_2\data\sales\SALES_S07_20240325.csv"
"SALES_S07_20240326.csv","S07","2024-03-26","0","C:\Users\ub02-glab-047\Downloads\data_2\data\sales\SALES_S07_20240326.csv"
"SALES_S07_20240327.csv","S07","2024-03-27","0","C:\Users\ub02-glab-047\Downloads\data_2\data\sales\SALES_S07_20240327.csv"
"SALES_S07_20240328.csv","S07","2024-03-28","0","C:\Users\ub02-glab-047\Downloads\data_2\data\sales\SALES_S07_20240328.csv"
"SALES_S07_20240329.csv","S07","2024-03-29","0","C:\Users\ub02-glab-047\Downloads\data_2\data\sales\SALES_S07_20240329.csv"
"SALES_S07_20240330.csv","S07","2024-03-30","0","C:\Users\ub02-glab-047\Downloads\data_2\data\sales\SALES_S07_20240330.csv"
"SALES_S07_20240331.csv","S07","2024-03-31","0","C:\Users\ub02-glab-047\Downloads\data_2\data\sales\SALES_S07_20240331.csv"
"SALES_S07_20240401.csv","S07","2024-04-01","0","C:\Users\ub02-glab-047\Downloads\data_2\data\sales\SALES_S07_20240401.csv"
"SALES_S07_20240402.csv","S07","2024-04-02","0","C:\Users\ub02-glab-047\Downloads\data_2\data\sales\SALES_S07_20240402.csv"
"SALES_S07_20240403.csv","S07","2024-04-03","0","C:\Users\ub02-glab-047\Downloads\data_2\data\sales\SALES_S07_20240403.csv"
"SALES_S07_20240404.csv","S07","2024-04-04","0","C:\Users\ub02-glab-047\Downloads\data_2\data\sales\SALES_S07_20240404.csv"
"SALES_S07_20240405.csv","S07","2024-04-05","0","C:\Users\ub02-glab-047\Downloads\data_2\data\sales\SALES_S07_20240405.csv"
"SALES_S07_20240406.csv","S07","2024-04-06","0","C:\Users\ub02-glab-047\Downloads\data_2\data\sales\SALES_S07_20240406.csv"
"SALES_S07_20240407.csv","S07","2024-04-07","0","C:\Users\ub02-glab-047\Downloads\data_2\data\sales\SALES_S07_20240407.csv"
"SALES_S07_20240408.csv","S07","2024-04-08","0","C:\Users\ub02-glab-047\Downloads\data_2\data\sales\SALES_S07_20240408.csv"
"SALES_S07_20240409.csv","S07","2024-04-09","0","C:\Users\ub02-glab-047\Downloads\data_2\data\sales\SALES_S07_20240409.csv"
"SALES_S07_20240410.csv","S07","2024-04-10","0","C:\Users\ub02-glab-047\Downloads\data_2\data\sales\SALES_S07_20240410.csv"
"SALES_S07_20240411.csv","S07","2024-04-11","0","C:\Users\ub02-glab-047\Downloads\data_2\data\sales\SALES_S07_20240411.csv"
"SALES_S07_20240412.csv","S07","2024-04-12","0","C:\Users\ub02-glab-047\Downloads\data_2\data\sales\SALES_S07_20240412.csv"
"SALES_S07_20240413.csv","S07","2024-04-13","0","C:\Users\ub02-glab-047\Downloads\data_2\data\sales\SALES_S07_20240413.csv"
"SALES_S07_20240414.csv","S07","2024-04-14","0","C:\Users\ub02-glab-047\Downloads\data_2\data\sales\SALES_S07_20240414.csv"
"SALES_S07_20240415.csv","S07","2024-04-15","0","C:\Users\ub02-glab-047\Downloads\data_2\data\sales\SALES_S07_20240415.csv"
"SALES_S07_20240416.csv","S07","2024-04-16","0","C:\Users\ub02-glab-047\Downloads\data_2\data\sales\SALES_S07_20240416.csv"
"SALES_S07_20240417.csv","S07","2024-04-17","0","C:\Users\ub02-glab-047\Downloads\data_2\data\sales\SALES_S07_20240417.csv"
"SALES_S07_20240418.csv","S07","2024-04-18","0","C:\Users\ub02-glab-047\Downloads\data_2\data\sales\SALES_S07_20240418.csv"
"SALES_S07_20240419.csv","S07","2024-04-19","0","C:\Users\ub02-glab-047\Downloads\data_2\data\sales\SALES_S07_20240419.csv"
"SALES_S07_20240420.csv","S07","2024-04-20","0","C:\Users\ub02-glab-047\Downloads\data_2\data\sales\SALES_S07_20240420.csv"
"SALES_S07_20240421.csv","S07","2024-04-21","0","C:\Users\ub02-glab-047\Downloads\data_2\data\sales\SALES_S07_20240421.csv"
"SALES_S07_20240422.csv","S07","2024-04-22","0","C:\Users\ub02-glab-047\Downloads\data_2\data\sales\SALES_S07_20240422.csv"
"SALES_S07_20240423.csv","S07","2024-04-23","0","C:\Users\ub02-glab-047\Downloads\data_2\data\sales\SALES_S07_20240423.csv"
"SALES_S07_20240424.csv","S07","2024-04-24","0","C:\Users\ub02-glab-047\Downloads\data_2\data\sales\SALES_S07_20240424.csv"
"SALES_S07_20240425.csv","S07","2024-04-25","0","C:\Users\ub02-glab-047\Downloads\data_2\data\sales\SALES_S07_20240425.csv"
"SALES_S07_20240426.csv","S07","2024-04-26","0","C:\Users\ub02-glab-047\Downloads\data_2\data\sales\SALES_S07_20240426.csv"
"SALES_S07_20240427.csv","S07","2024-04-27","0","C:\Users\ub02-glab-047\Downloads\data_2\data\sales\SALES_S07_20240427.csv"
"SALES_S07_20240427__R1.csv","S07","2024-04-27","1","C:\Users\ub02-glab-047\Downloads\data_2\data\sales\SALES_S07_20240427__R1.csv"
"SALES_S07_20240428.csv","S07","2024-04-28","0","C:\Users\ub02-glab-047\Downloads\data_2\data\sales\SALES_S07_20240428.csv"
"SALES_S07_20240429.csv","S07","2024-04-29","0","C:\Users\ub02-glab-047\Downloads\data_2\data\sales\SALES_S07_20240429.csv"
"SALES_S07_20240430.csv","S07","2024-04-30","0","C:\Users\ub02-glab-047\Downloads\data_2\data\sales\SALES_S07_20240430.csv"
"SALES_S07_20240501.csv","S07","2024-05-01","0","C:\Users\ub02-glab-047\Downloads\data_2\data\sales\SALES_S07_20240501.csv"
"SALES_S07_20240502.csv","S07","2024-05-02","0","C:\Users\ub02-glab-047\Downloads\data_2\data\sales\SALES_S07_20240502.csv"
"SALES_S07_20240503.csv","S07","2024-05-03","0","C:\Users\ub02-glab-047\Downloads\data_2\data\sales\SALES_S07_20240503.csv"
"SALES_S07_20240504.csv","S07","2024-05-04","0","C:\Users\ub02-glab-047\Downloads\data_2\data\sales\SALES_S07_20240504.csv"
"SALES_S07_20240505.csv","S07","2024-05-05","0","C:\Users\ub02-glab-047\Downloads\data_2\data\sales\SALES_S07_20240505.csv"
"SALES_S07_20240506.csv","S07","2024-05-06","0","C:\Users\ub02-glab-047\Downloads\data_2\data\sales\SALES_S07_20240506.csv"
"SALES_S07_20240507.csv","S07","2024-05-07","0","C:\Users\ub02-glab-047\Downloads\data_2\data\sales\SALES_S07_20240507.csv"
"SALES_S07_20240508.csv","S07","2024-05-08","0","C:\Users\ub02-glab-047\Downloads\data_2\data\sales\SALES_S07_20240508.csv"
"SALES_S07_20240509.csv","S07","2024-05-09","0","C:\Users\ub02-glab-047\Downloads\data_2\data\sales\SALES_S07_20240509.csv"
"SALES_S07_20240510.csv","S07","2024-05-10","0","C:\Users\ub02-glab-047\Downloads\data_2\data\sales\SALES_S07_20240510.csv"
"SALES_S07_20240511.csv","S07","2024-05-11","0","C:\Users\ub02-glab-047\Downloads\data_2\data\sales\SALES_S07_20240511.csv"
"SALES_S07_20240512.csv","S07","2024-05-12","0","C:\Users\ub02-glab-047\Downloads\data_2\data\sales\SALES_S07_20240512.csv"
"SALES_S07_20240513.csv","S07","2024-05-13","0","C:\Users\ub02-glab-047\Downloads\data_2\data\sales\SALES_S07_20240513.csv"
"SALES_S07_20240513__R1.csv","S07","2024-05-13","1","C:\Users\ub02-glab-047\Downloads\data_2\data\sales\SALES_S07_20240513__R1.csv"
"SALES_S07_20240514.csv","S07","2024-05-14","0","C:\Users\ub02-glab-047\Downloads\data_2\data\sales\SALES_S07_20240514.csv"
"SALES_S07_20240515.csv","S07","2024-05-15","0","C:\Users\ub02-glab-047\Downloads\data_2\data\sales\SALES_S07_20240515.csv"
"SALES_S07_20240516.csv","S07","2024-05-16","0","C:\Users\ub02-glab-047\Downloads\data_2\data\sales\SALES_S07_20240516.csv"
"SALES_S07_20240517.csv","S07","2024-05-17","0","C:\Users\ub02-glab-047\Downloads\data_2\data\sales\SALES_S07_20240517.csv"
"SALES_S07_20240518.csv","S07","2024-05-18","0","C:\Users\ub02-glab-047\Downloads\data_2\data\sales\SALES_S07_20240518.csv"
"SALES_S07_20240519.csv","S07","2024-05-19","0","C:\Users\ub02-glab-047\Downloads\data_2\data\sales\SALES_S07_20240519.csv"
"SALES_S07_20240520.csv","S07","2024-05-20","0","C:\Users\ub02-glab-047\Downloads\data_2\data\sales\SALES_S07_20240520.csv"
"SALES_S07_20240521.csv","S07","2024-05-21","0","C:\Users\ub02-glab-047\Downloads\data_2\data\sales\SALES_S07_20240521.csv"
"SALES_S07_20240522.csv","S07","2024-05-22","0","C:\Users\ub02-glab-047\Downloads\data_2\data\sales\SALES_S07_20240522.csv"
"SALES_S07_20240522__R1.csv","S07","2024-05-22","1","C:\Users\ub02-glab-047\Downloads\data_2\data\sales\SALES_S07_20240522__R1.csv"
"SALES_S07_20240522__R2.csv","S07","2024-05-22","2","C:\Users\ub02-glab-047\Downloads\data_2\data\sales\SALES_S07_20240522__R2.csv"
"SALES_S07_20240523.csv","S07","2024-05-23","0","C:\Users\ub02-glab-047\Downloads\data_2\data\sales\SALES_S07_20240523.csv"
"SALES_S07_20240524.csv","S07","2024-05-24","0","C:\Users\ub02-glab-047\Downloads\data_2\data\sales\SALES_S07_20240524.csv"
"SALES_S07_20240525.csv","S07","2024-05-25","0","C:\Users\ub02-glab-047\Downloads\data_2\data\sales\SALES_S07_20240525.csv"
"SALES_S07_20240526.csv","S07","2024-05-26","0","C:\Users\ub02-glab-047\Downloads\data_2\data\sales\SALES_S07_20240526.csv"
"SALES_S07_20240527.csv","S07","2024-05-27","0","C:\Users\ub02-glab-047\Downloads\data_2\data\sales\SALES_S07_20240527.csv"
"SALES_S07_20240528.csv","S07","2024-05-28","0","C:\Users\ub02-glab-047\Downloads\data_2\data\sales\SALES_S07_20240528.csv"
"SALES_S07_20240529.csv","S07","2024-05-29","0","C:\Users\ub02-glab-047\Downloads\data_2\data\sales\SALES_S07_20240529.csv"
"SALES_S07_20240530.csv","S07","2024-05-30","0","C:\Users\ub02-glab-047\Downloads\data_2\data\sales\SALES_S07_20240530.csv"
"SALES_S07_20240531.csv","S07","2024-05-31","0","C:\Users\ub02-glab-047\Downloads\data_2\data\sales\SALES_S07_20240531.csv"
"SALES_S07_20240601.csv","S07","2024-06-01","0","C:\Users\ub02-glab-047\Downloads\data_2\data\sales\SALES_S07_20240601.csv"
"SALES_S07_20240602.csv","S07","2024-06-02","0","C:\Users\ub02-glab-047\Downloads\data_2\data\sales\SALES_S07_20240602.csv"
"SALES_S07_20240603.csv","S07","2024-06-03","0","C:\Users\ub02-glab-047\Downloads\data_2\data\sales\SALES_S07_20240603.csv"
"SALES_S07_20240604.csv","S07","2024-06-04","0","C:\Users\ub02-glab-047\Downloads\data_2\data\sales\SALES_S07_20240604.csv"
"SALES_S07_20240605.csv","S07","2024-06-05","0","C:\Users\ub02-glab-047\Downloads\data_2\data\sales\SALES_S07_20240605.csv"
"SALES_S07_20240606.csv","S07","2024-06-06","0","C:\Users\ub02-glab-047\Downloads\data_2\data\sales\SALES_S07_20240606.csv"
"SALES_S07_20240607.csv","S07","2024-06-07","0","C:\Users\ub02-glab-047\Downloads\data_2\data\sales\SALES_S07_20240607.csv"
"SALES_S07_20240608.csv","S07","2024-06-08","0","C:\Users\ub02-glab-047\Downloads\data_2\data\sales\SALES_S07_20240608.csv"
"SALES_S07_20240609.csv","S07","2024-06-09","0","C:\Users\ub02-glab-047\Downloads\data_2\data\sales\SALES_S07_20240609.csv"
"SALES_S07_20240610.csv","S07","2024-06-10","0","C:\Users\ub02-glab-047\Downloads\data_2\data\sales\SALES_S07_20240610.csv"
"SALES_S07_20240611.csv","S07","2024-06-11","0","C:\Users\ub02-glab-047\Downloads\data_2\data\sales\SALES_S07_20240611.csv"
"SALES_S07_20240612.csv","S07","2024-06-12","0","C:\Users\ub02-glab-047\Downloads\data_2\data\sales\SALES_S07_20240612.csv"
"SALES_S07_20240613.csv","S07","2024-06-13","0","C:\Users\ub02-glab-047\Downloads\data_2\data\sales\SALES_S07_20240613.csv"
"SALES_S07_20240614.csv","S07","2024-06-14","0","C:\Users\ub02-glab-047\Downloads\data_2\data\sales\SALES_S07_20240614.csv"
"SALES_S07_20240615.csv","S07","2024-06-15","0","C:\Users\ub02-glab-047\Downloads\data_2\data\sales\SALES_S07_20240615.csv"
"SALES_S07_20240616.csv","S07","2024-06-16","0","C:\Users\ub02-glab-047\Downloads\data_2\data\sales\SALES_S07_20240616.csv"
"SALES_S07_20240617.csv","S07","2024-06-17","0","C:\Users\ub02-glab-047\Downloads\data_2\data\sales\SALES_S07_20240617.csv"
"SALES_S07_20240618.csv","S07","2024-06-18","0","C:\Users\ub02-glab-047\Downloads\data_2\data\sales\SALES_S07_20240618.csv"
"SALES_S07_20240619.csv","S07","2024-06-19","0","C:\Users\ub02-glab-047\Downloads\data_2\data\sales\SALES_S07_20240619.csv"
"SALES_S07_20240620.csv","S07","2024-06-20","0","C:\Users\ub02-glab-047\Downloads\data_2\data\sales\SALES_S07_20240620.csv"
"SALES_S07_20240621.csv","S07","2024-06-21","0","C:\Users\ub02-glab-047\Downloads\data_2\data\sales\SALES_S07_20240621.csv"
"SALES_S07_20240622.csv","S07","2024-06-22","0","C:\Users\ub02-glab-047\Downloads\data_2\data\sales\SALES_S07_20240622.csv"
"SALES_S07_20240623.csv","S07","2024-06-23","0","C:\Users\ub02-glab-047\Downloads\data_2\data\sales\SALES_S07_20240623.csv"
"SALES_S07_20240624.csv","S07","2024-06-24","0","C:\Users\ub02-glab-047\Downloads\data_2\data\sales\SALES_S07_20240624.csv"
"SALES_S07_20240625.csv","S07","2024-06-25","0","C:\Users\ub02-glab-047\Downloads\data_2\data\sales\SALES_S07_20240625.csv"
"SALES_S07_20240626.csv","S07","2024-06-26","0","C:\Users\ub02-glab-047\Downloads\data_2\data\sales\SALES_S07_20240626.csv"
"SALES_S07_20240627.csv","S07","2024-06-27","0","C:\Users\ub02-glab-047\Downloads\data_2\data\sales\SALES_S07_20240627.csv"
"SALES_S07_20240628.csv","S07","2024-06-28","0","C:\Users\ub02-glab-047\Downloads\data_2\data\sales\SALES_S07_20240628.csv"
"SALES_S07_20240629.csv","S07","2024-06-29","0","C:\Users\ub02-glab-047\Downloads\data_2\data\sales\SALES_S07_20240629.csv"
"SALES_S07_20240630.csv","S07","2024-06-30","0","C:\Users\ub02-glab-047\Downloads\data_2\data\sales\SALES_S07_20240630.csv"
"SALES_S07_20240701.csv","S07","2024-07-01","0","C:\Users\ub02-glab-047\Downloads\data_2\data\sales\SALES_S07_20240701.csv"
"SALES_S07_20240702.csv","S07","2024-07-02","0","C:\Users\ub02-glab-047\Downloads\data_2\data\sales\SALES_S07_20240702.csv"
"SALES_S07_20240703.csv","S07","2024-07-03","0","C:\Users\ub02-glab-047\Downloads\data_2\data\sales\SALES_S07_20240703.csv"
"SALES_S07_20240704.csv","S07","2024-07-04","0","C:\Users\ub02-glab-047\Downloads\data_2\data\sales\SALES_S07_20240704.csv"
"SALES_S07_20240705.csv","S07","2024-07-05","0","C:\Users\ub02-glab-047\Downloads\data_2\data\sales\SALES_S07_20240705.csv"
"SALES_S07_20240706.csv","S07","2024-07-06","0","C:\Users\ub02-glab-047\Downloads\data_2\data\sales\SALES_S07_20240706.csv"
"SALES_S07_20240707.csv","S07","2024-07-07","0","C:\Users\ub02-glab-047\Downloads\data_2\data\sales\SALES_S07_20240707.csv"
"SALES_S07_20240708.csv","S07","2024-07-08","0","C:\Users\ub02-glab-047\Downloads\data_2\data\sales\SALES_S07_20240708.csv"
"SALES_S07_20240712.csv","S07","2024-07-12","0","C:\Users\ub02-glab-047\Downloads\data_2\data\sales\SALES_S07_20240712.csv"
"SALES_S07_20240713.csv","S07","2024-07-13","0","C:\Users\ub02-glab-047\Downloads\data_2\data\sales\SALES_S07_20240713.csv"
"SALES_S07_20240713__R1.csv","S07","2024-07-13","1","C:\Users\ub02-glab-047\Downloads\data_2\data\sales\SALES_S07_20240713__R1.csv"
"SALES_S07_20240714.csv","S07","2024-07-14","0","C:\Users\ub02-glab-047\Downloads\data_2\data\sales\SALES_S07_20240714.csv"
"SALES_S07_20240715.csv","S07","2024-07-15","0","C:\Users\ub02-glab-047\Downloads\data_2\data\sales\SALES_S07_20240715.csv"
"SALES_S07_20240716.csv","S07","2024-07-16","0","C:\Users\ub02-glab-047\Downloads\data_2\data\sales\SALES_S07_20240716.csv"
"SALES_S07_20240717.csv","S07","2024-07-17","0","C:\Users\ub02-glab-047\Downloads\data_2\data\sales\SALES_S07_20240717.csv"
"SALES_S07_20240718.csv","S07","2024-07-18","0","C:\Users\ub02-glab-047\Downloads\data_2\data\sales\SALES_S07_20240718.csv"
"SALES_S07_20240719.csv","S07","2024-07-19","0","C:\Users\ub02-glab-047\Downloads\data_2\data\sales\SALES_S07_20240719.csv"
"SALES_S07_20240720.csv","S07","2024-07-20","0","C:\Users\ub02-glab-047\Downloads\data_2\data\sales\SALES_S07_20240720.csv"
"SALES_S07_20240721.csv","S07","2024-07-21","0","C:\Users\ub02-glab-047\Downloads\data_2\data\sales\SALES_S07_20240721.csv"
"SALES_S07_20240722.csv","S07","2024-07-22","0","C:\Users\ub02-glab-047\Downloads\data_2\data\sales\SALES_S07_20240722.csv"
"SALES_S07_20240723.csv","S07","2024-07-23","0","C:\Users\ub02-glab-047\Downloads\data_2\data\sales\SALES_S07_20240723.csv"
"SALES_S07_20240724.csv","S07","2024-07-24","0","C:\Users\ub02-glab-047\Downloads\data_2\data\sales\SALES_S07_20240724.csv"
"SALES_S07_20240725.csv","S07","2024-07-25","0","C:\Users\ub02-glab-047\Downloads\data_2\data\sales\SALES_S07_20240725.csv"
"SALES_S07_20240726.csv","S07","2024-07-26","0","C:\Users\ub02-glab-047\Downloads\data_2\data\sales\SALES_S07_20240726.csv"
"SALES_S07_20240727.csv","S07","2024-07-27","0","C:\Users\ub02-glab-047\Downloads\data_2\data\sales\SALES_S07_20240727.csv"
"SALES_S07_20240728.csv","S07","2024-07-28","0","C:\Users\ub02-glab-047\Downloads\data_2\data\sales\SALES_S07_20240728.csv"
"SALES_S07_20240729.csv","S07","2024-07-29","0","C:\Users\ub02-glab-047\Downloads\data_2\data\sales\SALES_S07_20240729.csv"
"SALES_S07_20240730.csv","S07","2024-07-30","0","C:\Users\ub02-glab-047\Downloads\data_2\data\sales\SALES_S07_20240730.csv"
"SALES_S07_20240731.csv","S07","2024-07-31","0","C:\Users\ub02-glab-047\Downloads\data_2\data\sales\SALES_S07_20240731.csv"
"SALES_S07_20240801.csv","S07","2024-08-01","0","C:\Users\ub02-glab-047\Downloads\data_2\data\sales\SALES_S07_20240801.csv"
"SALES_S07_20240802.csv","S07","2024-08-02","0","C:\Users\ub02-glab-047\Downloads\data_2\data\sales\SALES_S07_20240802.csv"
"SALES_S07_20240803.csv","S07","2024-08-03","0","C:\Users\ub02-glab-047\Downloads\data_2\data\sales\SALES_S07_20240803.csv"
"SALES_S07_20240804.csv","S07","2024-08-04","0","C:\Users\ub02-glab-047\Downloads\data_2\data\sales\SALES_S07_20240804.csv"
"SALES_S07_20240805.csv","S07","2024-08-05","0","C:\Users\ub02-glab-047\Downloads\data_2\data\sales\SALES_S07_20240805.csv"
"SALES_S07_20240806.csv","S07","2024-08-06","0","C:\Users\ub02-glab-047\Downloads\data_2\data\sales\SALES_S07_20240806.csv"
"SALES_S07_20240807.csv","S07","2024-08-07","0","C:\Users\ub02-glab-047\Downloads\data_2\data\sales\SALES_S07_20240807.csv"
"SALES_S07_20240808.csv","S07","2024-08-08","0","C:\Users\ub02-glab-047\Downloads\data_2\data\sales\SALES_S07_20240808.csv"
"SALES_S07_20240809.csv","S07","2024-08-09","0","C:\Users\ub02-glab-047\Downloads\data_2\data\sales\SALES_S07_20240809.csv"
"SALES_S07_20240810.csv","S07","2024-08-10","0","C:\Users\ub02-glab-047\Downloads\data_2\data\sales\SALES_S07_20240810.csv"
"SALES_S07_20240811.csv","S07","2024-08-11","0","C:\Users\ub02-glab-047\Downloads\data_2\data\sales\SALES_S07_20240811.csv"
"SALES_S07_20240812.csv","S07","2024-08-12","0","C:\Users\ub02-glab-047\Downloads\data_2\data\sales\SALES_S07_20240812.csv"
"SALES_S07_20240813.csv","S07","2024-08-13","0","C:\Users\ub02-glab-047\Downloads\data_2\data\sales\SALES_S07_20240813.csv"
"SALES_S07_20240814.csv","S07","2024-08-14","0","C:\Users\ub02-glab-047\Downloads\data_2\data\sales\SALES_S07_20240814.csv"
"SALES_S07_20240815.csv","S07","2024-08-15","0","C:\Users\ub02-glab-047\Downloads\data_2\data\sales\SALES_S07_20240815.csv"
"SALES_S07_20240816.csv","S07","2024-08-16","0","C:\Users\ub02-glab-047\Downloads\data_2\data\sales\SALES_S07_20240816.csv"
"SALES_S07_20240817.csv","S07","2024-08-17","0","C:\Users\ub02-glab-047\Downloads\data_2\data\sales\SALES_S07_20240817.csv"
"SALES_S07_20240818.csv","S07","2024-08-18","0","C:\Users\ub02-glab-047\Downloads\data_2\data\sales\SALES_S07_20240818.csv"
"SALES_S07_20240819.csv","S07","2024-08-19","0","C:\Users\ub02-glab-047\Downloads\data_2\data\sales\SALES_S07_20240819.csv"
"SALES_S07_20240820.csv","S07","2024-08-20","0","C:\Users\ub02-glab-047\Downloads\data_2\data\sales\SALES_S07_20240820.csv"
"SALES_S07_20240821.csv","S07","2024-08-21","0","C:\Users\ub02-glab-047\Downloads\data_2\data\sales\SALES_S07_20240821.csv"
"SALES_S07_20240822.csv","S07","2024-08-22","0","C:\Users\ub02-glab-047\Downloads\data_2\data\sales\SALES_S07_20240822.csv"
"SALES_S07_20240823.csv","S07","2024-08-23","0","C:\Users\ub02-glab-047\Downloads\data_2\data\sales\SALES_S07_20240823.csv"
"SALES_S07_20240824.csv","S07","2024-08-24","0","C:\Users\ub02-glab-047\Downloads\data_2\data\sales\SALES_S07_20240824.csv"
"SALES_S07_20240825.csv","S07","2024-08-25","0","C:\Users\ub02-glab-047\Downloads\data_2\data\sales\SALES_S07_20240825.csv"
"SALES_S07_20240826.csv","S07","2024-08-26","0","C:\Users\ub02-glab-047\Downloads\data_2\data\sales\SALES_S07_20240826.csv"
"SALES_S07_20240827.csv","S07","2024-08-27","0","C:\Users\ub02-glab-047\Downloads\data_2\data\sales\SALES_S07_20240827.csv"
"SALES_S07_20240828.csv","S07","2024-08-28","0","C:\Users\ub02-glab-047\Downloads\data_2\data\sales\SALES_S07_20240828.csv"
"SALES_S07_20240829.csv","S07","2024-08-29","0","C:\Users\ub02-glab-047\Downloads\data_2\data\sales\SALES_S07_20240829.csv"
"SALES_S07_20240830.csv","S07","2024-08-30","0","C:\Users\ub02-glab-047\Downloads\data_2\data\sales\SALES_S07_20240830.csv"
"SALES_S07_20240831.csv","S07","2024-08-31","0","C:\Users\ub02-glab-047\Downloads\data_2\data\sales\SALES_S07_20240831.csv"
"SALES_S07_20240901.csv","S07","2024-09-01","0","C:\Users\ub02-glab-047\Downloads\data_2\data\sales\SALES_S07_20240901.csv"
"SALES_S07_20240902.csv","S07","2024-09-02","0","C:\Users\ub02-glab-047\Downloads\data_2\data\sales\SALES_S07_20240902.csv"
"SALES_S07_20240903.csv","S07","2024-09-03","0","C:\Users\ub02-glab-047\Downloads\data_2\data\sales\SALES_S07_20240903.csv"
"SALES_S07_20240904.csv","S07","2024-09-04","0","C:\Users\ub02-glab-047\Downloads\data_2\data\sales\SALES_S07_20240904.csv"
"SALES_S07_20240905.csv","S07","2024-09-05","0","C:\Users\ub02-glab-047\Downloads\data_2\data\sales\SALES_S07_20240905.csv"
"SALES_S07_20240906.csv","S07","2024-09-06","0","C:\Users\ub02-glab-047\Downloads\data_2\data\sales\SALES_S07_20240906.csv"
"SALES_S07_20240907.csv","S07","2024-09-07","0","C:\Users\ub02-glab-047\Downloads\data_2\data\sales\SALES_S07_20240907.csv"
"SALES_S07_20240907__R1.csv","S07","2024-09-07","1","C:\Users\ub02-glab-047\Downloads\data_2\data\sales\SALES_S07_20240907__R1.csv"
"SALES_S07_20240908.csv","S07","2024-09-08","0","C:\Users\ub02-glab-047\Downloads\data_2\data\sales\SALES_S07_20240908.csv"
"SALES_S07_20240909.csv","S07","2024-09-09","0","C:\Users\ub02-glab-047\Downloads\data_2\data\sales\SALES_S07_20240909.csv"
"SALES_S07_20240910.csv","S07","2024-09-10","0","C:\Users\ub02-glab-047\Downloads\data_2\data\sales\SALES_S07_20240910.csv"
"SALES_S07_20240911.csv","S07","2024-09-11","0","C:\Users\ub02-glab-047\Downloads\data_2\data\sales\SALES_S07_20240911.csv"
"SALES_S07_20240912.csv","S07","2024-09-12","0","C:\Users\ub02-glab-047\Downloads\data_2\data\sales\SALES_S07_20240912.csv"
"SALES_S07_20240913.csv","S07","2024-09-13","0","C:\Users\ub02-glab-047\Downloads\data_2\data\sales\SALES_S07_20240913.csv"
"SALES_S07_20240914.csv","S07","2024-09-14","0","C:\Users\ub02-glab-047\Downloads\data_2\data\sales\SALES_S07_20240914.csv"
"SALES_S07_20240915.csv","S07","2024-09-15","0","C:\Users\ub02-glab-047\Downloads\data_2\data\sales\SALES_S07_20240915.csv"
"SALES_S07_20240916.csv","S07","2024-09-16","0","C:\Users\ub02-glab-047\Downloads\data_2\data\sales\SALES_S07_20240916.csv"
"SALES_S07_20240917.csv","S07","2024-09-17","0","C:\Users\ub02-glab-047\Downloads\data_2\data\sales\SALES_S07_20240917.csv"
"SALES_S07_20240918.csv","S07","2024-09-18","0","C:\Users\ub02-glab-047\Downloads\data_2\data\sales\SALES_S07_20240918.csv"
"SALES_S07_20240919.csv","S07","2024-09-19","0","C:\Users\ub02-glab-047\Downloads\data_2\data\sales\SALES_S07_20240919.csv"
"SALES_S07_20240920.csv","S07","2024-09-20","0","C:\Users\ub02-glab-047\Downloads\data_2\data\sales\SALES_S07_20240920.csv"
"SALES_S07_20240921.csv","S07","2024-09-21","0","C:\Users\ub02-glab-047\Downloads\data_2\data\sales\SALES_S07_20240921.csv"
"SALES_S07_20240922.csv","S07","2024-09-22","0","C:\Users\ub02-glab-047\Downloads\data_2\data\sales\SALES_S07_20240922.csv"
"SALES_S07_20240923.csv","S07","2024-09-23","0","C:\Users\ub02-glab-047\Downloads\data_2\data\sales\SALES_S07_20240923.csv"
"SALES_S07_20240924.csv","S07","2024-09-24","0","C:\Users\ub02-glab-047\Downloads\data_2\data\sales\SALES_S07_20240924.csv"
"SALES_S07_20240925.csv","S07","2024-09-25","0","C:\Users\ub02-glab-047\Downloads\data_2\data\sales\SALES_S07_20240925.csv"
"SALES_S07_20240926.csv","S07","2024-09-26","0","C:\Users\ub02-glab-047\Downloads\data_2\data\sales\SALES_S07_20240926.csv"
"SALES_S07_20240927.csv","S07","2024-09-27","0","C:\Users\ub02-glab-047\Downloads\data_2\data\sales\SALES_S07_20240927.csv"
"SALES_S07_20240928.csv","S07","2024-09-28","0","C:\Users\ub02-glab-047\Downloads\data_2\data\sales\SALES_S07_20240928.csv"
"SALES_S07_20240929.csv","S07","2024-09-29","0","C:\Users\ub02-glab-047\Downloads\data_2\data\sales\SALES_S07_20240929.csv"
"SALES_S07_20240930.csv","S07","2024-09-30","0","C:\Users\ub02-glab-047\Downloads\data_2\data\sales\SALES_S07_20240930.csv"
"SALES_S07_20241001.csv","S07","2024-10-01","0","C:\Users\ub02-glab-047\Downloads\data_2\data\sales\SALES_S07_20241001.csv"
"SALES_S07_20241002.csv","S07","2024-10-02","0","C:\Users\ub02-glab-047\Downloads\data_2\data\sales\SALES_S07_20241002.csv"
"SALES_S07_20241003.csv","S07","2024-10-03","0","C:\Users\ub02-glab-047\Downloads\data_2\data\sales\SALES_S07_20241003.csv"
"SALES_S07_20241004.csv","S07","2024-10-04","0","C:\Users\ub02-glab-047\Downloads\data_2\data\sales\SALES_S07_20241004.csv"
"SALES_S07_20241005.csv","S07","2024-10-05","0","C:\Users\ub02-glab-047\Downloads\data_2\data\sales\SALES_S07_20241005.csv"
"SALES_S07_20241006.csv","S07","2024-10-06","0","C:\Users\ub02-glab-047\Downloads\data_2\data\sales\SALES_S07_20241006.csv"
"SALES_S07_20241007.csv","S07","2024-10-07","0","C:\Users\ub02-glab-047\Downloads\data_2\data\sales\SALES_S07_20241007.csv"
"SALES_S07_20241008.csv","S07","2024-10-08","0","C:\Users\ub02-glab-047\Downloads\data_2\data\sales\SALES_S07_20241008.csv"
"SALES_S07_20241009.csv","S07","2024-10-09","0","C:\Users\ub02-glab-047\Downloads\data_2\data\sales\SALES_S07_20241009.csv"
"SALES_S07_20241010.csv","S07","2024-10-10","0","C:\Users\ub02-glab-047\Downloads\data_2\data\sales\SALES_S07_20241010.csv"
"SALES_S07_20241011.csv","S07","2024-10-11","0","C:\Users\ub02-glab-047\Downloads\data_2\data\sales\SALES_S07_20241011.csv"
"SALES_S07_20241012.csv","S07","2024-10-12","0","C:\Users\ub02-glab-047\Downloads\data_2\data\sales\SALES_S07_20241012.csv"
"SALES_S07_20241013.csv","S07","2024-10-13","0","C:\Users\ub02-glab-047\Downloads\data_2\data\sales\SALES_S07_20241013.csv"
"SALES_S07_20241014.csv","S07","2024-10-14","0","C:\Users\ub02-glab-047\Downloads\data_2\data\sales\SALES_S07_20241014.csv"
"SALES_S07_20241015.csv","S07","2024-10-15","0","C:\Users\ub02-glab-047\Downloads\data_2\data\sales\SALES_S07_20241015.csv"
"SALES_S07_20241016.csv","S07","2024-10-16","0","C:\Users\ub02-glab-047\Downloads\data_2\data\sales\SALES_S07_20241016.csv"
"SALES_S07_20241017.csv","S07","2024-10-17","0","C:\Users\ub02-glab-047\Downloads\data_2\data\sales\SALES_S07_20241017.csv"
"SALES_S07_20241018.csv","S07","2024-10-18","0","C:\Users\ub02-glab-047\Downloads\data_2\data\sales\SALES_S07_20241018.csv"
"SALES_S07_20241019.csv","S07","2024-10-19","0","C:\Users\ub02-glab-047\Downloads\data_2\data\sales\SALES_S07_20241019.csv"
"SALES_S07_20241020.csv","S07","2024-10-20","0","C:\Users\ub02-glab-047\Downloads\data_2\data\sales\SALES_S07_20241020.csv"
"SALES_S07_20241021.csv","S07","2024-10-21","0","C:\Users\ub02-glab-047\Downloads\data_2\data\sales\SALES_S07_20241021.csv"
"SALES_S07_20241022.csv","S07","2024-10-22","0","C:\Users\ub02-glab-047\Downloads\data_2\data\sales\SALES_S07_20241022.csv"
"SALES_S07_20241023.csv","S07","2024-10-23","0","C:\Users\ub02-glab-047\Downloads\data_2\data\sales\SALES_S07_20241023.csv"
"SALES_S07_20241024.csv","S07","2024-10-24","0","C:\Users\ub02-glab-047\Downloads\data_2\data\sales\SALES_S07_20241024.csv"
"SALES_S07_20241025.csv","S07","2024-10-25","0","C:\Users\ub02-glab-047\Downloads\data_2\data\sales\SALES_S07_20241025.csv"
"SALES_S07_20241026.csv","S07","2024-10-26","0","C:\Users\ub02-glab-047\Downloads\data_2\data\sales\SALES_S07_20241026.csv"
"SALES_S07_20241027.csv","S07","2024-10-27","0","C:\Users\ub02-glab-047\Downloads\data_2\data\sales\SALES_S07_20241027.csv"
"SALES_S07_20241028.csv","S07","2024-10-28","0","C:\Users\ub02-glab-047\Downloads\data_2\data\sales\SALES_S07_20241028.csv"
"SALES_S07_20241029.csv","S07","2024-10-29","0","C:\Users\ub02-glab-047\Downloads\data_2\data\sales\SALES_S07_20241029.csv"
"SALES_S07_20241030.csv","S07","2024-10-30","0","C:\Users\ub02-glab-047\Downloads\data_2\data\sales\SALES_S07_20241030.csv"
"SALES_S07_20241031.csv","S07","2024-10-31","0","C:\Users\ub02-glab-047\Downloads\data_2\data\sales\SALES_S07_20241031.csv"
"SALES_S07_20241101.csv","S07","2024-11-01","0","C:\Users\ub02-glab-047\Downloads\data_2\data\sales\SALES_S07_20241101.csv"
"SALES_S07_20241102.csv","S07","2024-11-02","0","C:\Users\ub02-glab-047\Downloads\data_2\data\sales\SALES_S07_20241102.csv"
"SALES_S07_20241103.csv","S07","2024-11-03","0","C:\Users\ub02-glab-047\Downloads\data_2\data\sales\SALES_S07_20241103.csv"
"SALES_S07_20241104.csv","S07","2024-11-04","0","C:\Users\ub02-glab-047\Downloads\data_2\data\sales\SALES_S07_20241104.csv"
"SALES_S07_20241105.csv","S07","2024-11-05","0","C:\Users\ub02-glab-047\Downloads\data_2\data\sales\SALES_S07_20241105.csv"
"SALES_S07_20241106.csv","S07","2024-11-06","0","C:\Users\ub02-glab-047\Downloads\data_2\data\sales\SALES_S07_20241106.csv"
"SALES_S07_20241107.csv","S07","2024-11-07","0","C:\Users\ub02-glab-047\Downloads\data_2\data\sales\SALES_S07_20241107.csv"
"SALES_S07_20241108.csv","S07","2024-11-08","0","C:\Users\ub02-glab-047\Downloads\data_2\data\sales\SALES_S07_20241108.csv"
"SALES_S07_20241109.csv","S07","2024-11-09","0","C:\Users\ub02-glab-047\Downloads\data_2\data\sales\SALES_S07_20241109.csv"
"SALES_S07_20241110.csv","S07","2024-11-10","0","C:\Users\ub02-glab-047\Downloads\data_2\data\sales\SALES_S07_20241110.csv"
"SALES_S07_20241111.csv","S07","2024-11-11","0","C:\Users\ub02-glab-047\Downloads\data_2\data\sales\SALES_S07_20241111.csv"
"SALES_S07_20241112.csv","S07","2024-11-12","0","C:\Users\ub02-glab-047\Downloads\data_2\data\sales\SALES_S07_20241112.csv"
"SALES_S07_20241113.csv","S07","2024-11-13","0","C:\Users\ub02-glab-047\Downloads\data_2\data\sales\SALES_S07_20241113.csv"
"SALES_S07_20241114.csv","S07","2024-11-14","0","C:\Users\ub02-glab-047\Downloads\data_2\data\sales\SALES_S07_20241114.csv"
"SALES_S07_20241115.csv","S07","2024-11-15","0","C:\Users\ub02-glab-047\Downloads\data_2\data\sales\SALES_S07_20241115.csv"
"SALES_S07_20241116.csv","S07","2024-11-16","0","C:\Users\ub02-glab-047\Downloads\data_2\data\sales\SALES_S07_20241116.csv"
"SALES_S07_20241117.csv","S07","2024-11-17","0","C:\Users\ub02-glab-047\Downloads\data_2\data\sales\SALES_S07_20241117.csv"
"SALES_S07_20241117__R1.csv","S07","2024-11-17","1","C:\Users\ub02-glab-047\Downloads\data_2\data\sales\SALES_S07_20241117__R1.csv"
"SALES_S07_20241118.csv","S07","2024-11-18","0","C:\Users\ub02-glab-047\Downloads\data_2\data\sales\SALES_S07_20241118.csv"
"SALES_S07_20241119.csv","S07","2024-11-19","0","C:\Users\ub02-glab-047\Downloads\data_2\data\sales\SALES_S07_20241119.csv"
"SALES_S07_20241120.csv","S07","2024-11-20","0","C:\Users\ub02-glab-047\Downloads\data_2\data\sales\SALES_S07_20241120.csv"
"SALES_S07_20241121.csv","S07","2024-11-21","0","C:\Users\ub02-glab-047\Downloads\data_2\data\sales\SALES_S07_20241121.csv"
"SALES_S07_20241122.csv","S07","2024-11-22","0","C:\Users\ub02-glab-047\Downloads\data_2\data\sales\SALES_S07_20241122.csv"
"SALES_S07_20241123.csv","S07","2024-11-23","0","C:\Users\ub02-glab-047\Downloads\data_2\data\sales\SALES_S07_20241123.csv"
"SALES_S07_20241124.csv","S07","2024-11-24","0","C:\Users\ub02-glab-047\Downloads\data_2\data\sales\SALES_S07_20241124.csv"
"SALES_S07_20241125.csv","S07","2024-11-25","0","C:\Users\ub02-glab-047\Downloads\data_2\data\sales\SALES_S07_20241125.csv"
"SALES_S07_20241126.csv","S07","2024-11-26","0","C:\Users\ub02-glab-047\Downloads\data_2\data\sales\SALES_S07_20241126.csv"
"SALES_S07_20241127.csv","S07","2024-11-27","0","C:\Users\ub02-glab-047\Downloads\data_2\data\sales\SALES_S07_20241127.csv"
"SALES_S07_20241128.csv","S07","2024-11-28","0","C:\Users\ub02-glab-047\Downloads\data_2\data\sales\SALES_S07_20241128.csv"
"SALES_S07_20241129.csv","S07","2024-11-29","0","C:\Users\ub02-glab-047\Downloads\data_2\data\sales\SALES_S07_20241129.csv"
"SALES_S07_20241130.csv","S07","2024-11-30","0","C:\Users\ub02-glab-047\Downloads\data_2\data\sales\SALES_S07_20241130.csv"
"SALES_S07_20241201.csv","S07","2024-12-01","0","C:\Users\ub02-glab-047\Downloads\data_2\data\sales\SALES_S07_20241201.csv"
"SALES_S07_20241202.csv","S07","2024-12-02","0","C:\Users\ub02-glab-047\Downloads\data_2\data\sales\SALES_S07_20241202.csv"
"SALES_S07_20241203.csv","S07","2024-12-03","0","C:\Users\ub02-glab-047\Downloads\data_2\data\sales\SALES_S07_20241203.csv"
"SALES_S07_20241204.csv","S07","2024-12-04","0","C:\Users\ub02-glab-047\Downloads\data_2\data\sales\SALES_S07_20241204.csv"
"SALES_S07_20241205.csv","S07","2024-12-05","0","C:\Users\ub02-glab-047\Downloads\data_2\data\sales\SALES_S07_20241205.csv"
"SALES_S07_20241206.csv","S07","2024-12-06","0","C:\Users\ub02-glab-047\Downloads\data_2\data\sales\SALES_S07_20241206.csv"
"SALES_S07_20241207.csv","S07","2024-12-07","0","C:\Users\ub02-glab-047\Downloads\data_2\data\sales\SALES_S07_20241207.csv"
"SALES_S07_20241208.csv","S07","2024-12-08","0","C:\Users\ub02-glab-047\Downloads\data_2\data\sales\SALES_S07_20241208.csv"
"SALES_S07_20241209.csv","S07","2024-12-09","0","C:\Users\ub02-glab-047\Downloads\data_2\data\sales\SALES_S07_20241209.csv"
"SALES_S07_20241210.csv","S07","2024-12-10","0","C:\Users\ub02-glab-047\Downloads\data_2\data\sales\SALES_S07_20241210.csv"
"SALES_S07_20241211.csv","S07","2024-12-11","0","C:\Users\ub02-glab-047\Downloads\data_2\data\sales\SALES_S07_20241211.csv"
"SALES_S07_20241212.csv","S07","2024-12-12","0","C:\Users\ub02-glab-047\Downloads\data_2\data\sales\SALES_S07_20241212.csv"
"SALES_S07_20241213.csv","S07","2024-12-13","0","C:\Users\ub02-glab-047\Downloads\data_2\data\sales\SALES_S07_20241213.csv"
"SALES_S07_20241214.csv","S07","2024-12-14","0","C:\Users\ub02-glab-047\Downloads\data_2\data\sales\SALES_S07_20241214.csv"
"SALES_S07_20241215.csv","S07","2024-12-15","0","C:\Users\ub02-glab-047\Downloads\data_2\data\sales\SALES_S07_20241215.csv"
"SALES_S07_20241216.csv","S07","2024-12-16","0","C:\Users\ub02-glab-047\Downloads\data_2\data\sales\SALES_S07_20241216.csv"
"SALES_S07_20241217.csv","S07","2024-12-17","0","C:\Users\ub02-glab-047\Downloads\data_2\data\sales\SALES_S07_20241217.csv"
"SALES_S07_20241218.csv","S07","2024-12-18","0","C:\Users\ub02-glab-047\Downloads\data_2\data\sales\SALES_S07_20241218.csv"
"SALES_S07_20241219.csv","S07","2024-12-19","0","C:\Users\ub02-glab-047\Downloads\data_2\data\sales\SALES_S07_20241219.csv"
"SALES_S07_20241220.csv","S07","2024-12-20","0","C:\Users\ub02-glab-047\Downloads\data_2\data\sales\SALES_S07_20241220.csv"
"SALES_S07_20241221.csv","S07","2024-12-21","0","C:\Users\ub02-glab-047\Downloads\data_2\data\sales\SALES_S07_20241221.csv"
"SALES_S07_20241222.csv","S07","2024-12-22","0","C:\Users\ub02-glab-047\Downloads\data_2\data\sales\SALES_S07_20241222.csv"
"SALES_S07_20241223.csv","S07","2024-12-23","0","C:\Users\ub02-glab-047\Downloads\data_2\data\sales\SALES_S07_20241223.csv"
"SALES_S07_20241224.csv","S07","2024-12-24","0","C:\Users\ub02-glab-047\Downloads\data_2\data\sales\SALES_S07_20241224.csv"
"SALES_S07_20241225.csv","S07","2024-12-25","0","C:\Users\ub02-glab-047\Downloads\data_2\data\sales\SALES_S07_20241225.csv"
"SALES_S07_20241226.csv","S07","2024-12-26","0","C:\Users\ub02-glab-047\Downloads\data_2\data\sales\SALES_S07_20241226.csv"
"SALES_S07_20241227.csv","S07","2024-12-27","0","C:\Users\ub02-glab-047\Downloads\data_2\data\sales\SALES_S07_20241227.csv"
"SALES_S07_20241228.csv","S07","2024-12-28","0","C:\Users\ub02-glab-047\Downloads\data_2\data\sales\SALES_S07_20241228.csv"
"SALES_S07_20241229.csv","S07","2024-12-29","0","C:\Users\ub02-glab-047\Downloads\data_2\data\sales\SALES_S07_20241229.csv"
"SALES_S07_20241230.csv","S07","2024-12-30","0","C:\Users\ub02-glab-047\Downloads\data_2\data\sales\SALES_S07_20241230.csv"
"SALES_S07_20241231.csv","S07","2024-12-31","0","C:\Users\ub02-glab-047\Downloads\data_2\data\sales\SALES_S07_20241231.csv"
"SALES_S08_20240101.csv","S08","2024-01-01","0","C:\Users\ub02-glab-047\Downloads\data_2\data\sales\SALES_S08_20240101.csv"
"SALES_S08_20240102.csv","S08","2024-01-02","0","C:\Users\ub02-glab-047\Downloads\data_2\data\sales\SALES_S08_20240102.csv"
"SALES_S08_20240103.csv","S08","2024-01-03","0","C:\Users\ub02-glab-047\Downloads\data_2\data\sales\SALES_S08_20240103.csv"
"SALES_S08_20240104.csv","S08","2024-01-04","0","C:\Users\ub02-glab-047\Downloads\data_2\data\sales\SALES_S08_20240104.csv"
"SALES_S08_20240105.csv","S08","2024-01-05","0","C:\Users\ub02-glab-047\Downloads\data_2\data\sales\SALES_S08_20240105.csv"
"SALES_S08_20240106.csv","S08","2024-01-06","0","C:\Users\ub02-glab-047\Downloads\data_2\data\sales\SALES_S08_20240106.csv"
"SALES_S08_20240107.csv","S08","2024-01-07","0","C:\Users\ub02-glab-047\Downloads\data_2\data\sales\SALES_S08_20240107.csv"
"SALES_S08_20240108.csv","S08","2024-01-08","0","C:\Users\ub02-glab-047\Downloads\data_2\data\sales\SALES_S08_20240108.csv"
"SALES_S08_20240109.csv","S08","2024-01-09","0","C:\Users\ub02-glab-047\Downloads\data_2\data\sales\SALES_S08_20240109.csv"
"SALES_S08_20240110.csv","S08","2024-01-10","0","C:\Users\ub02-glab-047\Downloads\data_2\data\sales\SALES_S08_20240110.csv"
"SALES_S08_20240111.csv","S08","2024-01-11","0","C:\Users\ub02-glab-047\Downloads\data_2\data\sales\SALES_S08_20240111.csv"
"SALES_S08_20240112.csv","S08","2024-01-12","0","C:\Users\ub02-glab-047\Downloads\data_2\data\sales\SALES_S08_20240112.csv"
"SALES_S08_20240113.csv","S08","2024-01-13","0","C:\Users\ub02-glab-047\Downloads\data_2\data\sales\SALES_S08_20240113.csv"
"SALES_S08_20240114.csv","S08","2024-01-14","0","C:\Users\ub02-glab-047\Downloads\data_2\data\sales\SALES_S08_20240114.csv"
"SALES_S08_20240115.csv","S08","2024-01-15","0","C:\Users\ub02-glab-047\Downloads\data_2\data\sales\SALES_S08_20240115.csv"
"SALES_S08_20240116.csv","S08","2024-01-16","0","C:\Users\ub02-glab-047\Downloads\data_2\data\sales\SALES_S08_20240116.csv"
"SALES_S08_20240117.csv","S08","2024-01-17","0","C:\Users\ub02-glab-047\Downloads\data_2\data\sales\SALES_S08_20240117.csv"
"SALES_S08_20240118.csv","S08","2024-01-18","0","C:\Users\ub02-glab-047\Downloads\data_2\data\sales\SALES_S08_20240118.csv"
"SALES_S08_20240119.csv","S08","2024-01-19","0","C:\Users\ub02-glab-047\Downloads\data_2\data\sales\SALES_S08_20240119.csv"
"SALES_S08_20240120.csv","S08","2024-01-20","0","C:\Users\ub02-glab-047\Downloads\data_2\data\sales\SALES_S08_20240120.csv"
"SALES_S08_20240121.csv","S08","2024-01-21","0","C:\Users\ub02-glab-047\Downloads\data_2\data\sales\SALES_S08_20240121.csv"
"SALES_S08_20240122.csv","S08","2024-01-22","0","C:\Users\ub02-glab-047\Downloads\data_2\data\sales\SALES_S08_20240122.csv"
"SALES_S08_20240123.csv","S08","2024-01-23","0","C:\Users\ub02-glab-047\Downloads\data_2\data\sales\SALES_S08_20240123.csv"
"SALES_S08_20240124.csv","S08","2024-01-24","0","C:\Users\ub02-glab-047\Downloads\data_2\data\sales\SALES_S08_20240124.csv"
"SALES_S08_20240125.csv","S08","2024-01-25","0","C:\Users\ub02-glab-047\Downloads\data_2\data\sales\SALES_S08_20240125.csv"
"SALES_S08_20240126.csv","S08","2024-01-26","0","C:\Users\ub02-glab-047\Downloads\data_2\data\sales\SALES_S08_20240126.csv"
"SALES_S08_20240127.csv","S08","2024-01-27","0","C:\Users\ub02-glab-047\Downloads\data_2\data\sales\SALES_S08_20240127.csv"
"SALES_S08_20240128.csv","S08","2024-01-28","0","C:\Users\ub02-glab-047\Downloads\data_2\data\sales\SALES_S08_20240128.csv"
"SALES_S08_20240129.csv","S08","2024-01-29","0","C:\Users\ub02-glab-047\Downloads\data_2\data\sales\SALES_S08_20240129.csv"
"SALES_S08_20240130.csv","S08","2024-01-30","0","C:\Users\ub02-glab-047\Downloads\data_2\data\sales\SALES_S08_20240130.csv"
"SALES_S08_20240131.csv","S08","2024-01-31","0","C:\Users\ub02-glab-047\Downloads\data_2\data\sales\SALES_S08_20240131.csv"
"SALES_S08_20240201.csv","S08","2024-02-01","0","C:\Users\ub02-glab-047\Downloads\data_2\data\sales\SALES_S08_20240201.csv"
"SALES_S08_20240202.csv","S08","2024-02-02","0","C:\Users\ub02-glab-047\Downloads\data_2\data\sales\SALES_S08_20240202.csv"
"SALES_S08_20240203.csv","S08","2024-02-03","0","C:\Users\ub02-glab-047\Downloads\data_2\data\sales\SALES_S08_20240203.csv"
"SALES_S08_20240204.csv","S08","2024-02-04","0","C:\Users\ub02-glab-047\Downloads\data_2\data\sales\SALES_S08_20240204.csv"
"SALES_S08_20240205.csv","S08","2024-02-05","0","C:\Users\ub02-glab-047\Downloads\data_2\data\sales\SALES_S08_20240205.csv"
"SALES_S08_20240206.csv","S08","2024-02-06","0","C:\Users\ub02-glab-047\Downloads\data_2\data\sales\SALES_S08_20240206.csv"
"SALES_S08_20240207.csv","S08","2024-02-07","0","C:\Users\ub02-glab-047\Downloads\data_2\data\sales\SALES_S08_20240207.csv"
"SALES_S08_20240208.csv","S08","2024-02-08","0","C:\Users\ub02-glab-047\Downloads\data_2\data\sales\SALES_S08_20240208.csv"
"SALES_S08_20240209.csv","S08","2024-02-09","0","C:\Users\ub02-glab-047\Downloads\data_2\data\sales\SALES_S08_20240209.csv"
"SALES_S08_20240210.csv","S08","2024-02-10","0","C:\Users\ub02-glab-047\Downloads\data_2\data\sales\SALES_S08_20240210.csv"
"SALES_S08_20240211.csv","S08","2024-02-11","0","C:\Users\ub02-glab-047\Downloads\data_2\data\sales\SALES_S08_20240211.csv"
"SALES_S08_20240212.csv","S08","2024-02-12","0","C:\Users\ub02-glab-047\Downloads\data_2\data\sales\SALES_S08_20240212.csv"
"SALES_S08_20240213.csv","S08","2024-02-13","0","C:\Users\ub02-glab-047\Downloads\data_2\data\sales\SALES_S08_20240213.csv"
"SALES_S08_20240214.csv","S08","2024-02-14","0","C:\Users\ub02-glab-047\Downloads\data_2\data\sales\SALES_S08_20240214.csv"
"SALES_S08_20240215.csv","S08","2024-02-15","0","C:\Users\ub02-glab-047\Downloads\data_2\data\sales\SALES_S08_20240215.csv"
"SALES_S08_20240216.csv","S08","2024-02-16","0","C:\Users\ub02-glab-047\Downloads\data_2\data\sales\SALES_S08_20240216.csv"
"SALES_S08_20240217.csv","S08","2024-02-17","0","C:\Users\ub02-glab-047\Downloads\data_2\data\sales\SALES_S08_20240217.csv"
"SALES_S08_20240218.csv","S08","2024-02-18","0","C:\Users\ub02-glab-047\Downloads\data_2\data\sales\SALES_S08_20240218.csv"
"SALES_S08_20240219.csv","S08","2024-02-19","0","C:\Users\ub02-glab-047\Downloads\data_2\data\sales\SALES_S08_20240219.csv"
"SALES_S08_20240220.csv","S08","2024-02-20","0","C:\Users\ub02-glab-047\Downloads\data_2\data\sales\SALES_S08_20240220.csv"
"SALES_S08_20240221.csv","S08","2024-02-21","0","C:\Users\ub02-glab-047\Downloads\data_2\data\sales\SALES_S08_20240221.csv"
"SALES_S08_20240222.csv","S08","2024-02-22","0","C:\Users\ub02-glab-047\Downloads\data_2\data\sales\SALES_S08_20240222.csv"
"SALES_S08_20240223.csv","S08","2024-02-23","0","C:\Users\ub02-glab-047\Downloads\data_2\data\sales\SALES_S08_20240223.csv"
"SALES_S08_20240224.csv","S08","2024-02-24","0","C:\Users\ub02-glab-047\Downloads\data_2\data\sales\SALES_S08_20240224.csv"
"SALES_S08_20240225.csv","S08","2024-02-25","0","C:\Users\ub02-glab-047\Downloads\data_2\data\sales\SALES_S08_20240225.csv"
"SALES_S08_20240226.csv","S08","2024-02-26","0","C:\Users\ub02-glab-047\Downloads\data_2\data\sales\SALES_S08_20240226.csv"
"SALES_S08_20240227.csv","S08","2024-02-27","0","C:\Users\ub02-glab-047\Downloads\data_2\data\sales\SALES_S08_20240227.csv"
"SALES_S08_20240228.csv","S08","2024-02-28","0","C:\Users\ub02-glab-047\Downloads\data_2\data\sales\SALES_S08_20240228.csv"
"SALES_S08_20240229.csv","S08","2024-02-29","0","C:\Users\ub02-glab-047\Downloads\data_2\data\sales\SALES_S08_20240229.csv"
"SALES_S08_20240301.csv","S08","2024-03-01","0","C:\Users\ub02-glab-047\Downloads\data_2\data\sales\SALES_S08_20240301.csv"
"SALES_S08_20240302.csv","S08","2024-03-02","0","C:\Users\ub02-glab-047\Downloads\data_2\data\sales\SALES_S08_20240302.csv"
"SALES_S08_20240303.csv","S08","2024-03-03","0","C:\Users\ub02-glab-047\Downloads\data_2\data\sales\SALES_S08_20240303.csv"
"SALES_S08_20240304.csv","S08","2024-03-04","0","C:\Users\ub02-glab-047\Downloads\data_2\data\sales\SALES_S08_20240304.csv"
"SALES_S08_20240305.csv","S08","2024-03-05","0","C:\Users\ub02-glab-047\Downloads\data_2\data\sales\SALES_S08_20240305.csv"
"SALES_S08_20240306.csv","S08","2024-03-06","0","C:\Users\ub02-glab-047\Downloads\data_2\data\sales\SALES_S08_20240306.csv"
"SALES_S08_20240307.csv","S08","2024-03-07","0","C:\Users\ub02-glab-047\Downloads\data_2\data\sales\SALES_S08_20240307.csv"
"SALES_S08_20240308.csv","S08","2024-03-08","0","C:\Users\ub02-glab-047\Downloads\data_2\data\sales\SALES_S08_20240308.csv"
"SALES_S08_20240309.csv","S08","2024-03-09","0","C:\Users\ub02-glab-047\Downloads\data_2\data\sales\SALES_S08_20240309.csv"
"SALES_S08_20240310.csv","S08","2024-03-10","0","C:\Users\ub02-glab-047\Downloads\data_2\data\sales\SALES_S08_20240310.csv"
"SALES_S08_20240311.csv","S08","2024-03-11","0","C:\Users\ub02-glab-047\Downloads\data_2\data\sales\SALES_S08_20240311.csv"
"SALES_S08_20240312.csv","S08","2024-03-12","0","C:\Users\ub02-glab-047\Downloads\data_2\data\sales\SALES_S08_20240312.csv"
"SALES_S08_20240313.csv","S08","2024-03-13","0","C:\Users\ub02-glab-047\Downloads\data_2\data\sales\SALES_S08_20240313.csv"
"SALES_S08_20240314.csv","S08","2024-03-14","0","C:\Users\ub02-glab-047\Downloads\data_2\data\sales\SALES_S08_20240314.csv"
"SALES_S08_20240315.csv","S08","2024-03-15","0","C:\Users\ub02-glab-047\Downloads\data_2\data\sales\SALES_S08_20240315.csv"
"SALES_S08_20240316.csv","S08","2024-03-16","0","C:\Users\ub02-glab-047\Downloads\data_2\data\sales\SALES_S08_20240316.csv"
"SALES_S08_20240317.csv","S08","2024-03-17","0","C:\Users\ub02-glab-047\Downloads\data_2\data\sales\SALES_S08_20240317.csv"
"SALES_S08_20240318.csv","S08","2024-03-18","0","C:\Users\ub02-glab-047\Downloads\data_2\data\sales\SALES_S08_20240318.csv"
"SALES_S08_20240319.csv","S08","2024-03-19","0","C:\Users\ub02-glab-047\Downloads\data_2\data\sales\SALES_S08_20240319.csv"
"SALES_S08_20240320.csv","S08","2024-03-20","0","C:\Users\ub02-glab-047\Downloads\data_2\data\sales\SALES_S08_20240320.csv"
"SALES_S08_20240321.csv","S08","2024-03-21","0","C:\Users\ub02-glab-047\Downloads\data_2\data\sales\SALES_S08_20240321.csv"
"SALES_S08_20240322.csv","S08","2024-03-22","0","C:\Users\ub02-glab-047\Downloads\data_2\data\sales\SALES_S08_20240322.csv"
"SALES_S08_20240323.csv","S08","2024-03-23","0","C:\Users\ub02-glab-047\Downloads\data_2\data\sales\SALES_S08_20240323.csv"
"SALES_S08_20240324.csv","S08","2024-03-24","0","C:\Users\ub02-glab-047\Downloads\data_2\data\sales\SALES_S08_20240324.csv"
"SALES_S08_20240325.csv","S08","2024-03-25","0","C:\Users\ub02-glab-047\Downloads\data_2\data\sales\SALES_S08_20240325.csv"
"SALES_S08_20240326.csv","S08","2024-03-26","0","C:\Users\ub02-glab-047\Downloads\data_2\data\sales\SALES_S08_20240326.csv"
"SALES_S08_20240327.csv","S08","2024-03-27","0","C:\Users\ub02-glab-047\Downloads\data_2\data\sales\SALES_S08_20240327.csv"
"SALES_S08_20240328.csv","S08","2024-03-28","0","C:\Users\ub02-glab-047\Downloads\data_2\data\sales\SALES_S08_20240328.csv"
"SALES_S08_20240329.csv","S08","2024-03-29","0","C:\Users\ub02-glab-047\Downloads\data_2\data\sales\SALES_S08_20240329.csv"
"SALES_S08_20240330.csv","S08","2024-03-30","0","C:\Users\ub02-glab-047\Downloads\data_2\data\sales\SALES_S08_20240330.csv"
"SALES_S08_20240331.csv","S08","2024-03-31","0","C:\Users\ub02-glab-047\Downloads\data_2\data\sales\SALES_S08_20240331.csv"
"SALES_S08_20240401.csv","S08","2024-04-01","0","C:\Users\ub02-glab-047\Downloads\data_2\data\sales\SALES_S08_20240401.csv"
"SALES_S08_20240402.csv","S08","2024-04-02","0","C:\Users\ub02-glab-047\Downloads\data_2\data\sales\SALES_S08_20240402.csv"
"SALES_S08_20240403.csv","S08","2024-04-03","0","C:\Users\ub02-glab-047\Downloads\data_2\data\sales\SALES_S08_20240403.csv"
"SALES_S08_20240404.csv","S08","2024-04-04","0","C:\Users\ub02-glab-047\Downloads\data_2\data\sales\SALES_S08_20240404.csv"
"SALES_S08_20240405.csv","S08","2024-04-05","0","C:\Users\ub02-glab-047\Downloads\data_2\data\sales\SALES_S08_20240405.csv"
"SALES_S08_20240406.csv","S08","2024-04-06","0","C:\Users\ub02-glab-047\Downloads\data_2\data\sales\SALES_S08_20240406.csv"
"SALES_S08_20240407.csv","S08","2024-04-07","0","C:\Users\ub02-glab-047\Downloads\data_2\data\sales\SALES_S08_20240407.csv"
"SALES_S08_20240408.csv","S08","2024-04-08","0","C:\Users\ub02-glab-047\Downloads\data_2\data\sales\SALES_S08_20240408.csv"
"SALES_S08_20240409.csv","S08","2024-04-09","0","C:\Users\ub02-glab-047\Downloads\data_2\data\sales\SALES_S08_20240409.csv"
"SALES_S08_20240410.csv","S08","2024-04-10","0","C:\Users\ub02-glab-047\Downloads\data_2\data\sales\SALES_S08_20240410.csv"
"SALES_S08_20240411.csv","S08","2024-04-11","0","C:\Users\ub02-glab-047\Downloads\data_2\data\sales\SALES_S08_20240411.csv"
"SALES_S08_20240412.csv","S08","2024-04-12","0","C:\Users\ub02-glab-047\Downloads\data_2\data\sales\SALES_S08_20240412.csv"
"SALES_S08_20240413.csv","S08","2024-04-13","0","C:\Users\ub02-glab-047\Downloads\data_2\data\sales\SALES_S08_20240413.csv"
"SALES_S08_20240414.csv","S08","2024-04-14","0","C:\Users\ub02-glab-047\Downloads\data_2\data\sales\SALES_S08_20240414.csv"
"SALES_S08_20240415.csv","S08","2024-04-15","0","C:\Users\ub02-glab-047\Downloads\data_2\data\sales\SALES_S08_20240415.csv"
"SALES_S08_20240416.csv","S08","2024-04-16","0","C:\Users\ub02-glab-047\Downloads\data_2\data\sales\SALES_S08_20240416.csv"
"SALES_S08_20240417.csv","S08","2024-04-17","0","C:\Users\ub02-glab-047\Downloads\data_2\data\sales\SALES_S08_20240417.csv"
"SALES_S08_20240418.csv","S08","2024-04-18","0","C:\Users\ub02-glab-047\Downloads\data_2\data\sales\SALES_S08_20240418.csv"
"SALES_S08_20240419.csv","S08","2024-04-19","0","C:\Users\ub02-glab-047\Downloads\data_2\data\sales\SALES_S08_20240419.csv"
"SALES_S08_20240420.csv","S08","2024-04-20","0","C:\Users\ub02-glab-047\Downloads\data_2\data\sales\SALES_S08_20240420.csv"
"SALES_S08_20240421.csv","S08","2024-04-21","0","C:\Users\ub02-glab-047\Downloads\data_2\data\sales\SALES_S08_20240421.csv"
"SALES_S08_20240422.csv","S08","2024-04-22","0","C:\Users\ub02-glab-047\Downloads\data_2\data\sales\SALES_S08_20240422.csv"
"SALES_S08_20240423.csv","S08","2024-04-23","0","C:\Users\ub02-glab-047\Downloads\data_2\data\sales\SALES_S08_20240423.csv"
"SALES_S08_20240424.csv","S08","2024-04-24","0","C:\Users\ub02-glab-047\Downloads\data_2\data\sales\SALES_S08_20240424.csv"
"SALES_S08_20240425.csv","S08","2024-04-25","0","C:\Users\ub02-glab-047\Downloads\data_2\data\sales\SALES_S08_20240425.csv"
"SALES_S08_20240426.csv","S08","2024-04-26","0","C:\Users\ub02-glab-047\Downloads\data_2\data\sales\SALES_S08_20240426.csv"
"SALES_S08_20240427.csv","S08","2024-04-27","0","C:\Users\ub02-glab-047\Downloads\data_2\data\sales\SALES_S08_20240427.csv"
"SALES_S08_20240428.csv","S08","2024-04-28","0","C:\Users\ub02-glab-047\Downloads\data_2\data\sales\SALES_S08_20240428.csv"
"SALES_S08_20240429.csv","S08","2024-04-29","0","C:\Users\ub02-glab-047\Downloads\data_2\data\sales\SALES_S08_20240429.csv"
"SALES_S08_20240430.csv","S08","2024-04-30","0","C:\Users\ub02-glab-047\Downloads\data_2\data\sales\SALES_S08_20240430.csv"
"SALES_S08_20240501.csv","S08","2024-05-01","0","C:\Users\ub02-glab-047\Downloads\data_2\data\sales\SALES_S08_20240501.csv"
"SALES_S08_20240502.csv","S08","2024-05-02","0","C:\Users\ub02-glab-047\Downloads\data_2\data\sales\SALES_S08_20240502.csv"
"SALES_S08_20240503.csv","S08","2024-05-03","0","C:\Users\ub02-glab-047\Downloads\data_2\data\sales\SALES_S08_20240503.csv"
"SALES_S08_20240504.csv","S08","2024-05-04","0","C:\Users\ub02-glab-047\Downloads\data_2\data\sales\SALES_S08_20240504.csv"
"SALES_S08_20240505.csv","S08","2024-05-05","0","C:\Users\ub02-glab-047\Downloads\data_2\data\sales\SALES_S08_20240505.csv"
"SALES_S08_20240506.csv","S08","2024-05-06","0","C:\Users\ub02-glab-047\Downloads\data_2\data\sales\SALES_S08_20240506.csv"
"SALES_S08_20240507.csv","S08","2024-05-07","0","C:\Users\ub02-glab-047\Downloads\data_2\data\sales\SALES_S08_20240507.csv"
"SALES_S08_20240508.csv","S08","2024-05-08","0","C:\Users\ub02-glab-047\Downloads\data_2\data\sales\SALES_S08_20240508.csv"
"SALES_S08_20240509.csv","S08","2024-05-09","0","C:\Users\ub02-glab-047\Downloads\data_2\data\sales\SALES_S08_20240509.csv"
"SALES_S08_20240510.csv","S08","2024-05-10","0","C:\Users\ub02-glab-047\Downloads\data_2\data\sales\SALES_S08_20240510.csv"
"SALES_S08_20240511.csv","S08","2024-05-11","0","C:\Users\ub02-glab-047\Downloads\data_2\data\sales\SALES_S08_20240511.csv"
"SALES_S08_20240512.csv","S08","2024-05-12","0","C:\Users\ub02-glab-047\Downloads\data_2\data\sales\SALES_S08_20240512.csv"
"SALES_S08_20240513.csv","S08","2024-05-13","0","C:\Users\ub02-glab-047\Downloads\data_2\data\sales\SALES_S08_20240513.csv"
"SALES_S08_20240514.csv","S08","2024-05-14","0","C:\Users\ub02-glab-047\Downloads\data_2\data\sales\SALES_S08_20240514.csv"
"SALES_S08_20240515.csv","S08","2024-05-15","0","C:\Users\ub02-glab-047\Downloads\data_2\data\sales\SALES_S08_20240515.csv"
"SALES_S08_20240516.csv","S08","2024-05-16","0","C:\Users\ub02-glab-047\Downloads\data_2\data\sales\SALES_S08_20240516.csv"
"SALES_S08_20240517.csv","S08","2024-05-17","0","C:\Users\ub02-glab-047\Downloads\data_2\data\sales\SALES_S08_20240517.csv"
"SALES_S08_20240518.csv","S08","2024-05-18","0","C:\Users\ub02-glab-047\Downloads\data_2\data\sales\SALES_S08_20240518.csv"
"SALES_S08_20240519.csv","S08","2024-05-19","0","C:\Users\ub02-glab-047\Downloads\data_2\data\sales\SALES_S08_20240519.csv"
"SALES_S08_20240520.csv","S08","2024-05-20","0","C:\Users\ub02-glab-047\Downloads\data_2\data\sales\SALES_S08_20240520.csv"
"SALES_S08_20240521.csv","S08","2024-05-21","0","C:\Users\ub02-glab-047\Downloads\data_2\data\sales\SALES_S08_20240521.csv"
"SALES_S08_20240522.csv","S08","2024-05-22","0","C:\Users\ub02-glab-047\Downloads\data_2\data\sales\SALES_S08_20240522.csv"
"SALES_S08_20240523.csv","S08","2024-05-23","0","C:\Users\ub02-glab-047\Downloads\data_2\data\sales\SALES_S08_20240523.csv"
"SALES_S08_20240524.csv","S08","2024-05-24","0","C:\Users\ub02-glab-047\Downloads\data_2\data\sales\SALES_S08_20240524.csv"
"SALES_S08_20240525.csv","S08","2024-05-25","0","C:\Users\ub02-glab-047\Downloads\data_2\data\sales\SALES_S08_20240525.csv"
"SALES_S08_20240526.csv","S08","2024-05-26","0","C:\Users\ub02-glab-047\Downloads\data_2\data\sales\SALES_S08_20240526.csv"
"SALES_S08_20240527.csv","S08","2024-05-27","0","C:\Users\ub02-glab-047\Downloads\data_2\data\sales\SALES_S08_20240527.csv"
"SALES_S08_20240528.csv","S08","2024-05-28","0","C:\Users\ub02-glab-047\Downloads\data_2\data\sales\SALES_S08_20240528.csv"
"SALES_S08_20240529.csv","S08","2024-05-29","0","C:\Users\ub02-glab-047\Downloads\data_2\data\sales\SALES_S08_20240529.csv"
"SALES_S08_20240530.csv","S08","2024-05-30","0","C:\Users\ub02-glab-047\Downloads\data_2\data\sales\SALES_S08_20240530.csv"
"SALES_S08_20240531.csv","S08","2024-05-31","0","C:\Users\ub02-glab-047\Downloads\data_2\data\sales\SALES_S08_20240531.csv"
"SALES_S08_20240601.csv","S08","2024-06-01","0","C:\Users\ub02-glab-047\Downloads\data_2\data\sales\SALES_S08_20240601.csv"
"SALES_S08_20240602.csv","S08","2024-06-02","0","C:\Users\ub02-glab-047\Downloads\data_2\data\sales\SALES_S08_20240602.csv"
"SALES_S08_20240603.csv","S08","2024-06-03","0","C:\Users\ub02-glab-047\Downloads\data_2\data\sales\SALES_S08_20240603.csv"
"SALES_S08_20240604.csv","S08","2024-06-04","0","C:\Users\ub02-glab-047\Downloads\data_2\data\sales\SALES_S08_20240604.csv"
"SALES_S08_20240605.csv","S08","2024-06-05","0","C:\Users\ub02-glab-047\Downloads\data_2\data\sales\SALES_S08_20240605.csv"
"SALES_S08_20240606.csv","S08","2024-06-06","0","C:\Users\ub02-glab-047\Downloads\data_2\data\sales\SALES_S08_20240606.csv"
"SALES_S08_20240607.csv","S08","2024-06-07","0","C:\Users\ub02-glab-047\Downloads\data_2\data\sales\SALES_S08_20240607.csv"
"SALES_S08_20240608.csv","S08","2024-06-08","0","C:\Users\ub02-glab-047\Downloads\data_2\data\sales\SALES_S08_20240608.csv"
"SALES_S08_20240609.csv","S08","2024-06-09","0","C:\Users\ub02-glab-047\Downloads\data_2\data\sales\SALES_S08_20240609.csv"
"SALES_S08_20240610.csv","S08","2024-06-10","0","C:\Users\ub02-glab-047\Downloads\data_2\data\sales\SALES_S08_20240610.csv"
"SALES_S08_20240611.csv","S08","2024-06-11","0","C:\Users\ub02-glab-047\Downloads\data_2\data\sales\SALES_S08_20240611.csv"
"SALES_S08_20240612.csv","S08","2024-06-12","0","C:\Users\ub02-glab-047\Downloads\data_2\data\sales\SALES_S08_20240612.csv"
"SALES_S08_20240613.csv","S08","2024-06-13","0","C:\Users\ub02-glab-047\Downloads\data_2\data\sales\SALES_S08_20240613.csv"
"SALES_S08_20240614.csv","S08","2024-06-14","0","C:\Users\ub02-glab-047\Downloads\data_2\data\sales\SALES_S08_20240614.csv"
"SALES_S08_20240615.csv","S08","2024-06-15","0","C:\Users\ub02-glab-047\Downloads\data_2\data\sales\SALES_S08_20240615.csv"
"SALES_S08_20240616.csv","S08","2024-06-16","0","C:\Users\ub02-glab-047\Downloads\data_2\data\sales\SALES_S08_20240616.csv"
"SALES_S08_20240617.csv","S08","2024-06-17","0","C:\Users\ub02-glab-047\Downloads\data_2\data\sales\SALES_S08_20240617.csv"
"SALES_S08_20240618.csv","S08","2024-06-18","0","C:\Users\ub02-glab-047\Downloads\data_2\data\sales\SALES_S08_20240618.csv"
"SALES_S08_20240619.csv","S08","2024-06-19","0","C:\Users\ub02-glab-047\Downloads\data_2\data\sales\SALES_S08_20240619.csv"
"SALES_S08_20240620.csv","S08","2024-06-20","0","C:\Users\ub02-glab-047\Downloads\data_2\data\sales\SALES_S08_20240620.csv"
"SALES_S08_20240621.csv","S08","2024-06-21","0","C:\Users\ub02-glab-047\Downloads\data_2\data\sales\SALES_S08_20240621.csv"
"SALES_S08_20240622.csv","S08","2024-06-22","0","C:\Users\ub02-glab-047\Downloads\data_2\data\sales\SALES_S08_20240622.csv"
"SALES_S08_20240623.csv","S08","2024-06-23","0","C:\Users\ub02-glab-047\Downloads\data_2\data\sales\SALES_S08_20240623.csv"
"SALES_S08_20240624.csv","S08","2024-06-24","0","C:\Users\ub02-glab-047\Downloads\data_2\data\sales\SALES_S08_20240624.csv"
"SALES_S08_20240625.csv","S08","2024-06-25","0","C:\Users\ub02-glab-047\Downloads\data_2\data\sales\SALES_S08_20240625.csv"
"SALES_S08_20240626.csv","S08","2024-06-26","0","C:\Users\ub02-glab-047\Downloads\data_2\data\sales\SALES_S08_20240626.csv"
"SALES_S08_20240627.csv","S08","2024-06-27","0","C:\Users\ub02-glab-047\Downloads\data_2\data\sales\SALES_S08_20240627.csv"
"SALES_S08_20240628.csv","S08","2024-06-28","0","C:\Users\ub02-glab-047\Downloads\data_2\data\sales\SALES_S08_20240628.csv"
"SALES_S08_20240629.csv","S08","2024-06-29","0","C:\Users\ub02-glab-047\Downloads\data_2\data\sales\SALES_S08_20240629.csv"
"SALES_S08_20240630.csv","S08","2024-06-30","0","C:\Users\ub02-glab-047\Downloads\data_2\data\sales\SALES_S08_20240630.csv"
"SALES_S08_20240701.csv","S08","2024-07-01","0","C:\Users\ub02-glab-047\Downloads\data_2\data\sales\SALES_S08_20240701.csv"
"SALES_S08_20240702.csv","S08","2024-07-02","0","C:\Users\ub02-glab-047\Downloads\data_2\data\sales\SALES_S08_20240702.csv"
"SALES_S08_20240703.csv","S08","2024-07-03","0","C:\Users\ub02-glab-047\Downloads\data_2\data\sales\SALES_S08_20240703.csv"
"SALES_S08_20240704.csv","S08","2024-07-04","0","C:\Users\ub02-glab-047\Downloads\data_2\data\sales\SALES_S08_20240704.csv"
"SALES_S08_20240705.csv","S08","2024-07-05","0","C:\Users\ub02-glab-047\Downloads\data_2\data\sales\SALES_S08_20240705.csv"
"SALES_S08_20240706.csv","S08","2024-07-06","0","C:\Users\ub02-glab-047\Downloads\data_2\data\sales\SALES_S08_20240706.csv"
"SALES_S08_20240707.csv","S08","2024-07-07","0","C:\Users\ub02-glab-047\Downloads\data_2\data\sales\SALES_S08_20240707.csv"
"SALES_S08_20240708.csv","S08","2024-07-08","0","C:\Users\ub02-glab-047\Downloads\data_2\data\sales\SALES_S08_20240708.csv"
"SALES_S08_20240709.csv","S08","2024-07-09","0","C:\Users\ub02-glab-047\Downloads\data_2\data\sales\SALES_S08_20240709.csv"
"SALES_S08_20240710.csv","S08","2024-07-10","0","C:\Users\ub02-glab-047\Downloads\data_2\data\sales\SALES_S08_20240710.csv"
"SALES_S08_20240711.csv","S08","2024-07-11","0","C:\Users\ub02-glab-047\Downloads\data_2\data\sales\SALES_S08_20240711.csv"
"SALES_S08_20240712.csv","S08","2024-07-12","0","C:\Users\ub02-glab-047\Downloads\data_2\data\sales\SALES_S08_20240712.csv"
"SALES_S08_20240713.csv","S08","2024-07-13","0","C:\Users\ub02-glab-047\Downloads\data_2\data\sales\SALES_S08_20240713.csv"
"SALES_S08_20240714.csv","S08","2024-07-14","0","C:\Users\ub02-glab-047\Downloads\data_2\data\sales\SALES_S08_20240714.csv"
"SALES_S08_20240715.csv","S08","2024-07-15","0","C:\Users\ub02-glab-047\Downloads\data_2\data\sales\SALES_S08_20240715.csv"
"SALES_S08_20240716.csv","S08","2024-07-16","0","C:\Users\ub02-glab-047\Downloads\data_2\data\sales\SALES_S08_20240716.csv"
"SALES_S08_20240717.csv","S08","2024-07-17","0","C:\Users\ub02-glab-047\Downloads\data_2\data\sales\SALES_S08_20240717.csv"
"SALES_S08_20240718.csv","S08","2024-07-18","0","C:\Users\ub02-glab-047\Downloads\data_2\data\sales\SALES_S08_20240718.csv"
"SALES_S08_20240719.csv","S08","2024-07-19","0","C:\Users\ub02-glab-047\Downloads\data_2\data\sales\SALES_S08_20240719.csv"
"SALES_S08_20240720.csv","S08","2024-07-20","0","C:\Users\ub02-glab-047\Downloads\data_2\data\sales\SALES_S08_20240720.csv"
"SALES_S08_20240721.csv","S08","2024-07-21","0","C:\Users\ub02-glab-047\Downloads\data_2\data\sales\SALES_S08_20240721.csv"
"SALES_S08_20240722.csv","S08","2024-07-22","0","C:\Users\ub02-glab-047\Downloads\data_2\data\sales\SALES_S08_20240722.csv"
"SALES_S08_20240723.csv","S08","2024-07-23","0","C:\Users\ub02-glab-047\Downloads\data_2\data\sales\SALES_S08_20240723.csv"
"SALES_S08_20240724.csv","S08","2024-07-24","0","C:\Users\ub02-glab-047\Downloads\data_2\data\sales\SALES_S08_20240724.csv"
"SALES_S08_20240725.csv","S08","2024-07-25","0","C:\Users\ub02-glab-047\Downloads\data_2\data\sales\SALES_S08_20240725.csv"
"SALES_S08_20240726.csv","S08","2024-07-26","0","C:\Users\ub02-glab-047\Downloads\data_2\data\sales\SALES_S08_20240726.csv"
"SALES_S08_20240727.csv","S08","2024-07-27","0","C:\Users\ub02-glab-047\Downloads\data_2\data\sales\SALES_S08_20240727.csv"
"SALES_S08_20240728.csv","S08","2024-07-28","0","C:\Users\ub02-glab-047\Downloads\data_2\data\sales\SALES_S08_20240728.csv"
"SALES_S08_20240729.csv","S08","2024-07-29","0","C:\Users\ub02-glab-047\Downloads\data_2\data\sales\SALES_S08_20240729.csv"
"SALES_S08_20240730.csv","S08","2024-07-30","0","C:\Users\ub02-glab-047\Downloads\data_2\data\sales\SALES_S08_20240730.csv"
"SALES_S08_20240731.csv","S08","2024-07-31","0","C:\Users\ub02-glab-047\Downloads\data_2\data\sales\SALES_S08_20240731.csv"
"SALES_S08_20240801.csv","S08","2024-08-01","0","C:\Users\ub02-glab-047\Downloads\data_2\data\sales\SALES_S08_20240801.csv"
"SALES_S08_20240802.csv","S08","2024-08-02","0","C:\Users\ub02-glab-047\Downloads\data_2\data\sales\SALES_S08_20240802.csv"
"SALES_S08_20240803.csv","S08","2024-08-03","0","C:\Users\ub02-glab-047\Downloads\data_2\data\sales\SALES_S08_20240803.csv"
"SALES_S08_20240804.csv","S08","2024-08-04","0","C:\Users\ub02-glab-047\Downloads\data_2\data\sales\SALES_S08_20240804.csv"
"SALES_S08_20240805.csv","S08","2024-08-05","0","C:\Users\ub02-glab-047\Downloads\data_2\data\sales\SALES_S08_20240805.csv"
"SALES_S08_20240806.csv","S08","2024-08-06","0","C:\Users\ub02-glab-047\Downloads\data_2\data\sales\SALES_S08_20240806.csv"
"SALES_S08_20240807.csv","S08","2024-08-07","0","C:\Users\ub02-glab-047\Downloads\data_2\data\sales\SALES_S08_20240807.csv"
"SALES_S08_20240808.csv","S08","2024-08-08","0","C:\Users\ub02-glab-047\Downloads\data_2\data\sales\SALES_S08_20240808.csv"
"SALES_S08_20240809.csv","S08","2024-08-09","0","C:\Users\ub02-glab-047\Downloads\data_2\data\sales\SALES_S08_20240809.csv"
"SALES_S08_20240810.csv","S08","2024-08-10","0","C:\Users\ub02-glab-047\Downloads\data_2\data\sales\SALES_S08_20240810.csv"
"SALES_S08_20240811.csv","S08","2024-08-11","0","C:\Users\ub02-glab-047\Downloads\data_2\data\sales\SALES_S08_20240811.csv"
"SALES_S08_20240812.csv","S08","2024-08-12","0","C:\Users\ub02-glab-047\Downloads\data_2\data\sales\SALES_S08_20240812.csv"
"SALES_S08_20240813.csv","S08","2024-08-13","0","C:\Users\ub02-glab-047\Downloads\data_2\data\sales\SALES_S08_20240813.csv"
"SALES_S08_20240813__R1.csv","S08","2024-08-13","1","C:\Users\ub02-glab-047\Downloads\data_2\data\sales\SALES_S08_20240813__R1.csv"
"SALES_S08_20240814.csv","S08","2024-08-14","0","C:\Users\ub02-glab-047\Downloads\data_2\data\sales\SALES_S08_20240814.csv"
"SALES_S08_20240815.csv","S08","2024-08-15","0","C:\Users\ub02-glab-047\Downloads\data_2\data\sales\SALES_S08_20240815.csv"
"SALES_S08_20240816.csv","S08","2024-08-16","0","C:\Users\ub02-glab-047\Downloads\data_2\data\sales\SALES_S08_20240816.csv"
"SALES_S08_20240817.csv","S08","2024-08-17","0","C:\Users\ub02-glab-047\Downloads\data_2\data\sales\SALES_S08_20240817.csv"
"SALES_S08_20240818.csv","S08","2024-08-18","0","C:\Users\ub02-glab-047\Downloads\data_2\data\sales\SALES_S08_20240818.csv"
"SALES_S08_20240819.csv","S08","2024-08-19","0","C:\Users\ub02-glab-047\Downloads\data_2\data\sales\SALES_S08_20240819.csv"
"SALES_S08_20240820.csv","S08","2024-08-20","0","C:\Users\ub02-glab-047\Downloads\data_2\data\sales\SALES_S08_20240820.csv"
"SALES_S08_20240821.csv","S08","2024-08-21","0","C:\Users\ub02-glab-047\Downloads\data_2\data\sales\SALES_S08_20240821.csv"
"SALES_S08_20240822.csv","S08","2024-08-22","0","C:\Users\ub02-glab-047\Downloads\data_2\data\sales\SALES_S08_20240822.csv"
"SALES_S08_20240823.csv","S08","2024-08-23","0","C:\Users\ub02-glab-047\Downloads\data_2\data\sales\SALES_S08_20240823.csv"
"SALES_S08_20240824.csv","S08","2024-08-24","0","C:\Users\ub02-glab-047\Downloads\data_2\data\sales\SALES_S08_20240824.csv"
"SALES_S08_20240825.csv","S08","2024-08-25","0","C:\Users\ub02-glab-047\Downloads\data_2\data\sales\SALES_S08_20240825.csv"
"SALES_S08_20240826.csv","S08","2024-08-26","0","C:\Users\ub02-glab-047\Downloads\data_2\data\sales\SALES_S08_20240826.csv"
"SALES_S08_20240827.csv","S08","2024-08-27","0","C:\Users\ub02-glab-047\Downloads\data_2\data\sales\SALES_S08_20240827.csv"
"SALES_S08_20240828.csv","S08","2024-08-28","0","C:\Users\ub02-glab-047\Downloads\data_2\data\sales\SALES_S08_20240828.csv"
"SALES_S08_20240829.csv","S08","2024-08-29","0","C:\Users\ub02-glab-047\Downloads\data_2\data\sales\SALES_S08_20240829.csv"
"SALES_S08_20240830.csv","S08","2024-08-30","0","C:\Users\ub02-glab-047\Downloads\data_2\data\sales\SALES_S08_20240830.csv"
"SALES_S08_20240831.csv","S08","2024-08-31","0","C:\Users\ub02-glab-047\Downloads\data_2\data\sales\SALES_S08_20240831.csv"
"SALES_S08_20240901.csv","S08","2024-09-01","0","C:\Users\ub02-glab-047\Downloads\data_2\data\sales\SALES_S08_20240901.csv"
"SALES_S08_20240902.csv","S08","2024-09-02","0","C:\Users\ub02-glab-047\Downloads\data_2\data\sales\SALES_S08_20240902.csv"
"SALES_S08_20240903.csv","S08","2024-09-03","0","C:\Users\ub02-glab-047\Downloads\data_2\data\sales\SALES_S08_20240903.csv"
"SALES_S08_20240904.csv","S08","2024-09-04","0","C:\Users\ub02-glab-047\Downloads\data_2\data\sales\SALES_S08_20240904.csv"
"SALES_S08_20240905.csv","S08","2024-09-05","0","C:\Users\ub02-glab-047\Downloads\data_2\data\sales\SALES_S08_20240905.csv"
"SALES_S08_20240906.csv","S08","2024-09-06","0","C:\Users\ub02-glab-047\Downloads\data_2\data\sales\SALES_S08_20240906.csv"
"SALES_S08_20240907.csv","S08","2024-09-07","0","C:\Users\ub02-glab-047\Downloads\data_2\data\sales\SALES_S08_20240907.csv"
"SALES_S08_20240908.csv","S08","2024-09-08","0","C:\Users\ub02-glab-047\Downloads\data_2\data\sales\SALES_S08_20240908.csv"
"SALES_S08_20240909.csv","S08","2024-09-09","0","C:\Users\ub02-glab-047\Downloads\data_2\data\sales\SALES_S08_20240909.csv"
"SALES_S08_20240910.csv","S08","2024-09-10","0","C:\Users\ub02-glab-047\Downloads\data_2\data\sales\SALES_S08_20240910.csv"
"SALES_S08_20240911.csv","S08","2024-09-11","0","C:\Users\ub02-glab-047\Downloads\data_2\data\sales\SALES_S08_20240911.csv"
"SALES_S08_20240912.csv","S08","2024-09-12","0","C:\Users\ub02-glab-047\Downloads\data_2\data\sales\SALES_S08_20240912.csv"
"SALES_S08_20240913.csv","S08","2024-09-13","0","C:\Users\ub02-glab-047\Downloads\data_2\data\sales\SALES_S08_20240913.csv"
"SALES_S08_20240914.csv","S08","2024-09-14","0","C:\Users\ub02-glab-047\Downloads\data_2\data\sales\SALES_S08_20240914.csv"
"SALES_S08_20240915.csv","S08","2024-09-15","0","C:\Users\ub02-glab-047\Downloads\data_2\data\sales\SALES_S08_20240915.csv"
"SALES_S08_20240916.csv","S08","2024-09-16","0","C:\Users\ub02-glab-047\Downloads\data_2\data\sales\SALES_S08_20240916.csv"
"SALES_S08_20240917.csv","S08","2024-09-17","0","C:\Users\ub02-glab-047\Downloads\data_2\data\sales\SALES_S08_20240917.csv"
"SALES_S08_20240918.csv","S08","2024-09-18","0","C:\Users\ub02-glab-047\Downloads\data_2\data\sales\SALES_S08_20240918.csv"
"SALES_S08_20240919.csv","S08","2024-09-19","0","C:\Users\ub02-glab-047\Downloads\data_2\data\sales\SALES_S08_20240919.csv"
"SALES_S08_20240920.csv","S08","2024-09-20","0","C:\Users\ub02-glab-047\Downloads\data_2\data\sales\SALES_S08_20240920.csv"
"SALES_S08_20240921.csv","S08","2024-09-21","0","C:\Users\ub02-glab-047\Downloads\data_2\data\sales\SALES_S08_20240921.csv"
"SALES_S08_20240922.csv","S08","2024-09-22","0","C:\Users\ub02-glab-047\Downloads\data_2\data\sales\SALES_S08_20240922.csv"
"SALES_S08_20240923.csv","S08","2024-09-23","0","C:\Users\ub02-glab-047\Downloads\data_2\data\sales\SALES_S08_20240923.csv"
"SALES_S08_20240924.csv","S08","2024-09-24","0","C:\Users\ub02-glab-047\Downloads\data_2\data\sales\SALES_S08_20240924.csv"
"SALES_S08_20240925.csv","S08","2024-09-25","0","C:\Users\ub02-glab-047\Downloads\data_2\data\sales\SALES_S08_20240925.csv"
"SALES_S08_20240926.csv","S08","2024-09-26","0","C:\Users\ub02-glab-047\Downloads\data_2\data\sales\SALES_S08_20240926.csv"
"SALES_S08_20240927.csv","S08","2024-09-27","0","C:\Users\ub02-glab-047\Downloads\data_2\data\sales\SALES_S08_20240927.csv"
"SALES_S08_20240928.csv","S08","2024-09-28","0","C:\Users\ub02-glab-047\Downloads\data_2\data\sales\SALES_S08_20240928.csv"
"SALES_S08_20240929.csv","S08","2024-09-29","0","C:\Users\ub02-glab-047\Downloads\data_2\data\sales\SALES_S08_20240929.csv"
"SALES_S08_20240930.csv","S08","2024-09-30","0","C:\Users\ub02-glab-047\Downloads\data_2\data\sales\SALES_S08_20240930.csv"
"SALES_S08_20241001.csv","S08","2024-10-01","0","C:\Users\ub02-glab-047\Downloads\data_2\data\sales\SALES_S08_20241001.csv"
"SALES_S08_20241002.csv","S08","2024-10-02","0","C:\Users\ub02-glab-047\Downloads\data_2\data\sales\SALES_S08_20241002.csv"
"SALES_S08_20241003.csv","S08","2024-10-03","0","C:\Users\ub02-glab-047\Downloads\data_2\data\sales\SALES_S08_20241003.csv"
"SALES_S08_20241004.csv","S08","2024-10-04","0","C:\Users\ub02-glab-047\Downloads\data_2\data\sales\SALES_S08_20241004.csv"
"SALES_S08_20241005.csv","S08","2024-10-05","0","C:\Users\ub02-glab-047\Downloads\data_2\data\sales\SALES_S08_20241005.csv"
"SALES_S08_20241006.csv","S08","2024-10-06","0","C:\Users\ub02-glab-047\Downloads\data_2\data\sales\SALES_S08_20241006.csv"
"SALES_S08_20241007.csv","S08","2024-10-07","0","C:\Users\ub02-glab-047\Downloads\data_2\data\sales\SALES_S08_20241007.csv"
"SALES_S08_20241008.csv","S08","2024-10-08","0","C:\Users\ub02-glab-047\Downloads\data_2\data\sales\SALES_S08_20241008.csv"
"SALES_S08_20241009.csv","S08","2024-10-09","0","C:\Users\ub02-glab-047\Downloads\data_2\data\sales\SALES_S08_20241009.csv"
"SALES_S08_20241010.csv","S08","2024-10-10","0","C:\Users\ub02-glab-047\Downloads\data_2\data\sales\SALES_S08_20241010.csv"
"SALES_S08_20241011.csv","S08","2024-10-11","0","C:\Users\ub02-glab-047\Downloads\data_2\data\sales\SALES_S08_20241011.csv"
"SALES_S08_20241012.csv","S08","2024-10-12","0","C:\Users\ub02-glab-047\Downloads\data_2\data\sales\SALES_S08_20241012.csv"
"SALES_S08_20241013.csv","S08","2024-10-13","0","C:\Users\ub02-glab-047\Downloads\data_2\data\sales\SALES_S08_20241013.csv"
"SALES_S08_20241014.csv","S08","2024-10-14","0","C:\Users\ub02-glab-047\Downloads\data_2\data\sales\SALES_S08_20241014.csv"
"SALES_S08_20241015.csv","S08","2024-10-15","0","C:\Users\ub02-glab-047\Downloads\data_2\data\sales\SALES_S08_20241015.csv"
"SALES_S08_20241016.csv","S08","2024-10-16","0","C:\Users\ub02-glab-047\Downloads\data_2\data\sales\SALES_S08_20241016.csv"
"SALES_S08_20241017.csv","S08","2024-10-17","0","C:\Users\ub02-glab-047\Downloads\data_2\data\sales\SALES_S08_20241017.csv"
"SALES_S08_20241018.csv","S08","2024-10-18","0","C:\Users\ub02-glab-047\Downloads\data_2\data\sales\SALES_S08_20241018.csv"
"SALES_S08_20241019.csv","S08","2024-10-19","0","C:\Users\ub02-glab-047\Downloads\data_2\data\sales\SALES_S08_20241019.csv"
"SALES_S08_20241020.csv","S08","2024-10-20","0","C:\Users\ub02-glab-047\Downloads\data_2\data\sales\SALES_S08_20241020.csv"
"SALES_S08_20241021.csv","S08","2024-10-21","0","C:\Users\ub02-glab-047\Downloads\data_2\data\sales\SALES_S08_20241021.csv"
"SALES_S08_20241022.csv","S08","2024-10-22","0","C:\Users\ub02-glab-047\Downloads\data_2\data\sales\SALES_S08_20241022.csv"
"SALES_S08_20241023.csv","S08","2024-10-23","0","C:\Users\ub02-glab-047\Downloads\data_2\data\sales\SALES_S08_20241023.csv"
"SALES_S08_20241024.csv","S08","2024-10-24","0","C:\Users\ub02-glab-047\Downloads\data_2\data\sales\SALES_S08_20241024.csv"
"SALES_S08_20241025.csv","S08","2024-10-25","0","C:\Users\ub02-glab-047\Downloads\data_2\data\sales\SALES_S08_20241025.csv"
"SALES_S08_20241026.csv","S08","2024-10-26","0","C:\Users\ub02-glab-047\Downloads\data_2\data\sales\SALES_S08_20241026.csv"
"SALES_S08_20241027.csv","S08","2024-10-27","0","C:\Users\ub02-glab-047\Downloads\data_2\data\sales\SALES_S08_20241027.csv"
"SALES_S08_20241028.csv","S08","2024-10-28","0","C:\Users\ub02-glab-047\Downloads\data_2\data\sales\SALES_S08_20241028.csv"
"SALES_S08_20241029.csv","S08","2024-10-29","0","C:\Users\ub02-glab-047\Downloads\data_2\data\sales\SALES_S08_20241029.csv"
"SALES_S08_20241030.csv","S08","2024-10-30","0","C:\Users\ub02-glab-047\Downloads\data_2\data\sales\SALES_S08_20241030.csv"
"SALES_S08_20241031.csv","S08","2024-10-31","0","C:\Users\ub02-glab-047\Downloads\data_2\data\sales\SALES_S08_20241031.csv"
"SALES_S08_20241101.csv","S08","2024-11-01","0","C:\Users\ub02-glab-047\Downloads\data_2\data\sales\SALES_S08_20241101.csv"
"SALES_S08_20241102.csv","S08","2024-11-02","0","C:\Users\ub02-glab-047\Downloads\data_2\data\sales\SALES_S08_20241102.csv"
"SALES_S08_20241103.csv","S08","2024-11-03","0","C:\Users\ub02-glab-047\Downloads\data_2\data\sales\SALES_S08_20241103.csv"
"SALES_S08_20241104.csv","S08","2024-11-04","0","C:\Users\ub02-glab-047\Downloads\data_2\data\sales\SALES_S08_20241104.csv"
"SALES_S08_20241105.csv","S08","2024-11-05","0","C:\Users\ub02-glab-047\Downloads\data_2\data\sales\SALES_S08_20241105.csv"
"SALES_S08_20241106.csv","S08","2024-11-06","0","C:\Users\ub02-glab-047\Downloads\data_2\data\sales\SALES_S08_20241106.csv"
"SALES_S08_20241107.csv","S08","2024-11-07","0","C:\Users\ub02-glab-047\Downloads\data_2\data\sales\SALES_S08_20241107.csv"
"SALES_S08_20241108.csv","S08","2024-11-08","0","C:\Users\ub02-glab-047\Downloads\data_2\data\sales\SALES_S08_20241108.csv"
"SALES_S08_20241109.csv","S08","2024-11-09","0","C:\Users\ub02-glab-047\Downloads\data_2\data\sales\SALES_S08_20241109.csv"
"SALES_S08_20241110.csv","S08","2024-11-10","0","C:\Users\ub02-glab-047\Downloads\data_2\data\sales\SALES_S08_20241110.csv"
"SALES_S08_20241111.csv","S08","2024-11-11","0","C:\Users\ub02-glab-047\Downloads\data_2\data\sales\SALES_S08_20241111.csv"
"SALES_S08_20241112.csv","S08","2024-11-12","0","C:\Users\ub02-glab-047\Downloads\data_2\data\sales\SALES_S08_20241112.csv"
"SALES_S08_20241113.csv","S08","2024-11-13","0","C:\Users\ub02-glab-047\Downloads\data_2\data\sales\SALES_S08_20241113.csv"
"SALES_S08_20241114.csv","S08","2024-11-14","0","C:\Users\ub02-glab-047\Downloads\data_2\data\sales\SALES_S08_20241114.csv"
"SALES_S08_20241115.csv","S08","2024-11-15","0","C:\Users\ub02-glab-047\Downloads\data_2\data\sales\SALES_S08_20241115.csv"
"SALES_S08_20241116.csv","S08","2024-11-16","0","C:\Users\ub02-glab-047\Downloads\data_2\data\sales\SALES_S08_20241116.csv"
"SALES_S08_20241117.csv","S08","2024-11-17","0","C:\Users\ub02-glab-047\Downloads\data_2\data\sales\SALES_S08_20241117.csv"
"SALES_S08_20241118.csv","S08","2024-11-18","0","C:\Users\ub02-glab-047\Downloads\data_2\data\sales\SALES_S08_20241118.csv"
"SALES_S08_20241119.csv","S08","2024-11-19","0","C:\Users\ub02-glab-047\Downloads\data_2\data\sales\SALES_S08_20241119.csv"
"SALES_S08_20241120.csv","S08","2024-11-20","0","C:\Users\ub02-glab-047\Downloads\data_2\data\sales\SALES_S08_20241120.csv"
"SALES_S08_20241121.csv","S08","2024-11-21","0","C:\Users\ub02-glab-047\Downloads\data_2\data\sales\SALES_S08_20241121.csv"
"SALES_S08_20241122.csv","S08","2024-11-22","0","C:\Users\ub02-glab-047\Downloads\data_2\data\sales\SALES_S08_20241122.csv"
"SALES_S08_20241123.csv","S08","2024-11-23","0","C:\Users\ub02-glab-047\Downloads\data_2\data\sales\SALES_S08_20241123.csv"
"SALES_S08_20241124.csv","S08","2024-11-24","0","C:\Users\ub02-glab-047\Downloads\data_2\data\sales\SALES_S08_20241124.csv"
"SALES_S08_20241125.csv","S08","2024-11-25","0","C:\Users\ub02-glab-047\Downloads\data_2\data\sales\SALES_S08_20241125.csv"
"SALES_S08_20241126.csv","S08","2024-11-26","0","C:\Users\ub02-glab-047\Downloads\data_2\data\sales\SALES_S08_20241126.csv"
"SALES_S08_20241127.csv","S08","2024-11-27","0","C:\Users\ub02-glab-047\Downloads\data_2\data\sales\SALES_S08_20241127.csv"
"SALES_S08_20241128.csv","S08","2024-11-28","0","C:\Users\ub02-glab-047\Downloads\data_2\data\sales\SALES_S08_20241128.csv"
"SALES_S08_20241129.csv","S08","2024-11-29","0","C:\Users\ub02-glab-047\Downloads\data_2\data\sales\SALES_S08_20241129.csv"
"SALES_S08_20241130.csv","S08","2024-11-30","0","C:\Users\ub02-glab-047\Downloads\data_2\data\sales\SALES_S08_20241130.csv"
"SALES_S08_20241201.csv","S08","2024-12-01","0","C:\Users\ub02-glab-047\Downloads\data_2\data\sales\SALES_S08_20241201.csv"
"SALES_S08_20241202.csv","S08","2024-12-02","0","C:\Users\ub02-glab-047\Downloads\data_2\data\sales\SALES_S08_20241202.csv"
"SALES_S08_20241203.csv","S08","2024-12-03","0","C:\Users\ub02-glab-047\Downloads\data_2\data\sales\SALES_S08_20241203.csv"
"SALES_S08_20241204.csv","S08","2024-12-04","0","C:\Users\ub02-glab-047\Downloads\data_2\data\sales\SALES_S08_20241204.csv"
"SALES_S08_20241204__R1.csv","S08","2024-12-04","1","C:\Users\ub02-glab-047\Downloads\data_2\data\sales\SALES_S08_20241204__R1.csv"
"SALES_S08_20241205.csv","S08","2024-12-05","0","C:\Users\ub02-glab-047\Downloads\data_2\data\sales\SALES_S08_20241205.csv"
"SALES_S08_20241206.csv","S08","2024-12-06","0","C:\Users\ub02-glab-047\Downloads\data_2\data\sales\SALES_S08_20241206.csv"
"SALES_S08_20241207.csv","S08","2024-12-07","0","C:\Users\ub02-glab-047\Downloads\data_2\data\sales\SALES_S08_20241207.csv"
"SALES_S08_20241208.csv","S08","2024-12-08","0","C:\Users\ub02-glab-047\Downloads\data_2\data\sales\SALES_S08_20241208.csv"
"SALES_S08_20241209.csv","S08","2024-12-09","0","C:\Users\ub02-glab-047\Downloads\data_2\data\sales\SALES_S08_20241209.csv"
"SALES_S08_20241210.csv","S08","2024-12-10","0","C:\Users\ub02-glab-047\Downloads\data_2\data\sales\SALES_S08_20241210.csv"
"SALES_S08_20241211.csv","S08","2024-12-11","0","C:\Users\ub02-glab-047\Downloads\data_2\data\sales\SALES_S08_20241211.csv"
"SALES_S08_20241212.csv","S08","2024-12-12","0","C:\Users\ub02-glab-047\Downloads\data_2\data\sales\SALES_S08_20241212.csv"
"SALES_S08_20241213.csv","S08","2024-12-13","0","C:\Users\ub02-glab-047\Downloads\data_2\data\sales\SALES_S08_20241213.csv"
"SALES_S08_20241214.csv","S08","2024-12-14","0","C:\Users\ub02-glab-047\Downloads\data_2\data\sales\SALES_S08_20241214.csv"
"SALES_S08_20241215.csv","S08","2024-12-15","0","C:\Users\ub02-glab-047\Downloads\data_2\data\sales\SALES_S08_20241215.csv"
"SALES_S08_20241216.csv","S08","2024-12-16","0","C:\Users\ub02-glab-047\Downloads\data_2\data\sales\SALES_S08_20241216.csv"
"SALES_S08_20241217.csv","S08","2024-12-17","0","C:\Users\ub02-glab-047\Downloads\data_2\data\sales\SALES_S08_20241217.csv"
"SALES_S08_20241218.csv","S08","2024-12-18","0","C:\Users\ub02-glab-047\Downloads\data_2\data\sales\SALES_S08_20241218.csv"
"SALES_S08_20241219.csv","S08","2024-12-19","0","C:\Users\ub02-glab-047\Downloads\data_2\data\sales\SALES_S08_20241219.csv"
"SALES_S08_20241220.csv","S08","2024-12-20","0","C:\Users\ub02-glab-047\Downloads\data_2\data\sales\SALES_S08_20241220.csv"
"SALES_S08_20241221.csv","S08","2024-12-21","0","C:\Users\ub02-glab-047\Downloads\data_2\data\sales\SALES_S08_20241221.csv"
"SALES_S08_20241222.csv","S08","2024-12-22","0","C:\Users\ub02-glab-047\Downloads\data_2\data\sales\SALES_S08_20241222.csv"
"SALES_S08_20241223.csv","S08","2024-12-23","0","C:\Users\ub02-glab-047\Downloads\data_2\data\sales\SALES_S08_20241223.csv"
"SALES_S08_20241224.csv","S08","2024-12-24","0","C:\Users\ub02-glab-047\Downloads\data_2\data\sales\SALES_S08_20241224.csv"
"SALES_S08_20241225.csv","S08","2024-12-25","0","C:\Users\ub02-glab-047\Downloads\data_2\data\sales\SALES_S08_20241225.csv"
"SALES_S08_20241226.csv","S08","2024-12-26","0","C:\Users\ub02-glab-047\Downloads\data_2\data\sales\SALES_S08_20241226.csv"
"SALES_S08_20241227.csv","S08","2024-12-27","0","C:\Users\ub02-glab-047\Downloads\data_2\data\sales\SALES_S08_20241227.csv"
"SALES_S08_20241228.csv","S08","2024-12-28","0","C:\Users\ub02-glab-047\Downloads\data_2\data\sales\SALES_S08_20241228.csv"
"SALES_S08_20241229.csv","S08","2024-12-29","0","C:\Users\ub02-glab-047\Downloads\data_2\data\sales\SALES_S08_20241229.csv"
"SALES_S08_20241230.csv","S08","2024-12-30","0","C:\Users\ub02-glab-047\Downloads\data_2\data\sales\SALES_S08_20241230.csv"
"SALES_S08_20241231.csv","S08","2024-12-31","0","C:\Users\ub02-glab-047\Downloads\data_2\data\sales\SALES_S08_20241231.csv"
"SALES_S09_20240101.csv","S09","2024-01-01","0","C:\Users\ub02-glab-047\Downloads\data_2\data\sales\SALES_S09_20240101.csv"
"SALES_S09_20240102.csv","S09","2024-01-02","0","C:\Users\ub02-glab-047\Downloads\data_2\data\sales\SALES_S09_20240102.csv"
"SALES_S09_20240103.csv","S09","2024-01-03","0","C:\Users\ub02-glab-047\Downloads\data_2\data\sales\SALES_S09_20240103.csv"
"SALES_S09_20240104.csv","S09","2024-01-04","0","C:\Users\ub02-glab-047\Downloads\data_2\data\sales\SALES_S09_20240104.csv"
"SALES_S09_20240105.csv","S09","2024-01-05","0","C:\Users\ub02-glab-047\Downloads\data_2\data\sales\SALES_S09_20240105.csv"
"SALES_S09_20240106.csv","S09","2024-01-06","0","C:\Users\ub02-glab-047\Downloads\data_2\data\sales\SALES_S09_20240106.csv"
"SALES_S09_20240107.csv","S09","2024-01-07","0","C:\Users\ub02-glab-047\Downloads\data_2\data\sales\SALES_S09_20240107.csv"
"SALES_S09_20240108.csv","S09","2024-01-08","0","C:\Users\ub02-glab-047\Downloads\data_2\data\sales\SALES_S09_20240108.csv"
"SALES_S09_20240109.csv","S09","2024-01-09","0","C:\Users\ub02-glab-047\Downloads\data_2\data\sales\SALES_S09_20240109.csv"
"SALES_S09_20240110.csv","S09","2024-01-10","0","C:\Users\ub02-glab-047\Downloads\data_2\data\sales\SALES_S09_20240110.csv"
"SALES_S09_20240111.csv","S09","2024-01-11","0","C:\Users\ub02-glab-047\Downloads\data_2\data\sales\SALES_S09_20240111.csv"
"SALES_S09_20240111__R1.csv","S09","2024-01-11","1","C:\Users\ub02-glab-047\Downloads\data_2\data\sales\SALES_S09_20240111__R1.csv"
"SALES_S09_20240112.csv","S09","2024-01-12","0","C:\Users\ub02-glab-047\Downloads\data_2\data\sales\SALES_S09_20240112.csv"
"SALES_S09_20240113.csv","S09","2024-01-13","0","C:\Users\ub02-glab-047\Downloads\data_2\data\sales\SALES_S09_20240113.csv"
"SALES_S09_20240114.csv","S09","2024-01-14","0","C:\Users\ub02-glab-047\Downloads\data_2\data\sales\SALES_S09_20240114.csv"
"SALES_S09_20240115.csv","S09","2024-01-15","0","C:\Users\ub02-glab-047\Downloads\data_2\data\sales\SALES_S09_20240115.csv"
"SALES_S09_20240116.csv","S09","2024-01-16","0","C:\Users\ub02-glab-047\Downloads\data_2\data\sales\SALES_S09_20240116.csv"
"SALES_S09_20240117.csv","S09","2024-01-17","0","C:\Users\ub02-glab-047\Downloads\data_2\data\sales\SALES_S09_20240117.csv"
"SALES_S09_20240118.csv","S09","2024-01-18","0","C:\Users\ub02-glab-047\Downloads\data_2\data\sales\SALES_S09_20240118.csv"
"SALES_S09_20240119.csv","S09","2024-01-19","0","C:\Users\ub02-glab-047\Downloads\data_2\data\sales\SALES_S09_20240119.csv"
"SALES_S09_20240120.csv","S09","2024-01-20","0","C:\Users\ub02-glab-047\Downloads\data_2\data\sales\SALES_S09_20240120.csv"
"SALES_S09_20240121.csv","S09","2024-01-21","0","C:\Users\ub02-glab-047\Downloads\data_2\data\sales\SALES_S09_20240121.csv"
"SALES_S09_20240122.csv","S09","2024-01-22","0","C:\Users\ub02-glab-047\Downloads\data_2\data\sales\SALES_S09_20240122.csv"
"SALES_S09_20240123.csv","S09","2024-01-23","0","C:\Users\ub02-glab-047\Downloads\data_2\data\sales\SALES_S09_20240123.csv"
"SALES_S09_20240123__R1.csv","S09","2024-01-23","1","C:\Users\ub02-glab-047\Downloads\data_2\data\sales\SALES_S09_20240123__R1.csv"
"SALES_S09_20240123__R2.csv","S09","2024-01-23","2","C:\Users\ub02-glab-047\Downloads\data_2\data\sales\SALES_S09_20240123__R2.csv"
"SALES_S09_20240124.csv","S09","2024-01-24","0","C:\Users\ub02-glab-047\Downloads\data_2\data\sales\SALES_S09_20240124.csv"
"SALES_S09_20240125.csv","S09","2024-01-25","0","C:\Users\ub02-glab-047\Downloads\data_2\data\sales\SALES_S09_20240125.csv"
"SALES_S09_20240126.csv","S09","2024-01-26","0","C:\Users\ub02-glab-047\Downloads\data_2\data\sales\SALES_S09_20240126.csv"
"SALES_S09_20240127.csv","S09","2024-01-27","0","C:\Users\ub02-glab-047\Downloads\data_2\data\sales\SALES_S09_20240127.csv"
"SALES_S09_20240128.csv","S09","2024-01-28","0","C:\Users\ub02-glab-047\Downloads\data_2\data\sales\SALES_S09_20240128.csv"
"SALES_S09_20240129.csv","S09","2024-01-29","0","C:\Users\ub02-glab-047\Downloads\data_2\data\sales\SALES_S09_20240129.csv"
"SALES_S09_20240130.csv","S09","2024-01-30","0","C:\Users\ub02-glab-047\Downloads\data_2\data\sales\SALES_S09_20240130.csv"
"SALES_S09_20240131.csv","S09","2024-01-31","0","C:\Users\ub02-glab-047\Downloads\data_2\data\sales\SALES_S09_20240131.csv"
"SALES_S09_20240201.csv","S09","2024-02-01","0","C:\Users\ub02-glab-047\Downloads\data_2\data\sales\SALES_S09_20240201.csv"
"SALES_S09_20240202.csv","S09","2024-02-02","0","C:\Users\ub02-glab-047\Downloads\data_2\data\sales\SALES_S09_20240202.csv"
"SALES_S09_20240203.csv","S09","2024-02-03","0","C:\Users\ub02-glab-047\Downloads\data_2\data\sales\SALES_S09_20240203.csv"
"SALES_S09_20240204.csv","S09","2024-02-04","0","C:\Users\ub02-glab-047\Downloads\data_2\data\sales\SALES_S09_20240204.csv"
"SALES_S09_20240205.csv","S09","2024-02-05","0","C:\Users\ub02-glab-047\Downloads\data_2\data\sales\SALES_S09_20240205.csv"
"SALES_S09_20240206.csv","S09","2024-02-06","0","C:\Users\ub02-glab-047\Downloads\data_2\data\sales\SALES_S09_20240206.csv"
"SALES_S09_20240207.csv","S09","2024-02-07","0","C:\Users\ub02-glab-047\Downloads\data_2\data\sales\SALES_S09_20240207.csv"
"SALES_S09_20240208.csv","S09","2024-02-08","0","C:\Users\ub02-glab-047\Downloads\data_2\data\sales\SALES_S09_20240208.csv"
"SALES_S09_20240209.csv","S09","2024-02-09","0","C:\Users\ub02-glab-047\Downloads\data_2\data\sales\SALES_S09_20240209.csv"
"SALES_S09_20240210.csv","S09","2024-02-10","0","C:\Users\ub02-glab-047\Downloads\data_2\data\sales\SALES_S09_20240210.csv"
"SALES_S09_20240211.csv","S09","2024-02-11","0","C:\Users\ub02-glab-047\Downloads\data_2\data\sales\SALES_S09_20240211.csv"
"SALES_S09_20240212.csv","S09","2024-02-12","0","C:\Users\ub02-glab-047\Downloads\data_2\data\sales\SALES_S09_20240212.csv"
"SALES_S09_20240213.csv","S09","2024-02-13","0","C:\Users\ub02-glab-047\Downloads\data_2\data\sales\SALES_S09_20240213.csv"
"SALES_S09_20240214.csv","S09","2024-02-14","0","C:\Users\ub02-glab-047\Downloads\data_2\data\sales\SALES_S09_20240214.csv"
"SALES_S09_20240215.csv","S09","2024-02-15","0","C:\Users\ub02-glab-047\Downloads\data_2\data\sales\SALES_S09_20240215.csv"
"SALES_S09_20240216.csv","S09","2024-02-16","0","C:\Users\ub02-glab-047\Downloads\data_2\data\sales\SALES_S09_20240216.csv"
"SALES_S09_20240217.csv","S09","2024-02-17","0","C:\Users\ub02-glab-047\Downloads\data_2\data\sales\SALES_S09_20240217.csv"
"SALES_S09_20240218.csv","S09","2024-02-18","0","C:\Users\ub02-glab-047\Downloads\data_2\data\sales\SALES_S09_20240218.csv"
"SALES_S09_20240219.csv","S09","2024-02-19","0","C:\Users\ub02-glab-047\Downloads\data_2\data\sales\SALES_S09_20240219.csv"
"SALES_S09_20240220.csv","S09","2024-02-20","0","C:\Users\ub02-glab-047\Downloads\data_2\data\sales\SALES_S09_20240220.csv"
"SALES_S09_20240221.csv","S09","2024-02-21","0","C:\Users\ub02-glab-047\Downloads\data_2\data\sales\SALES_S09_20240221.csv"
"SALES_S09_20240222.csv","S09","2024-02-22","0","C:\Users\ub02-glab-047\Downloads\data_2\data\sales\SALES_S09_20240222.csv"
"SALES_S09_20240223.csv","S09","2024-02-23","0","C:\Users\ub02-glab-047\Downloads\data_2\data\sales\SALES_S09_20240223.csv"
"SALES_S09_20240224.csv","S09","2024-02-24","0","C:\Users\ub02-glab-047\Downloads\data_2\data\sales\SALES_S09_20240224.csv"
"SALES_S09_20240225.csv","S09","2024-02-25","0","C:\Users\ub02-glab-047\Downloads\data_2\data\sales\SALES_S09_20240225.csv"
"SALES_S09_20240226.csv","S09","2024-02-26","0","C:\Users\ub02-glab-047\Downloads\data_2\data\sales\SALES_S09_20240226.csv"
"SALES_S09_20240227.csv","S09","2024-02-27","0","C:\Users\ub02-glab-047\Downloads\data_2\data\sales\SALES_S09_20240227.csv"
"SALES_S09_20240228.csv","S09","2024-02-28","0","C:\Users\ub02-glab-047\Downloads\data_2\data\sales\SALES_S09_20240228.csv"
"SALES_S09_20240229.csv","S09","2024-02-29","0","C:\Users\ub02-glab-047\Downloads\data_2\data\sales\SALES_S09_20240229.csv"
"SALES_S09_20240301.csv","S09","2024-03-01","0","C:\Users\ub02-glab-047\Downloads\data_2\data\sales\SALES_S09_20240301.csv"
"SALES_S09_20240302.csv","S09","2024-03-02","0","C:\Users\ub02-glab-047\Downloads\data_2\data\sales\SALES_S09_20240302.csv"
"SALES_S09_20240303.csv","S09","2024-03-03","0","C:\Users\ub02-glab-047\Downloads\data_2\data\sales\SALES_S09_20240303.csv"
"SALES_S09_20240304.csv","S09","2024-03-04","0","C:\Users\ub02-glab-047\Downloads\data_2\data\sales\SALES_S09_20240304.csv"
"SALES_S09_20240305.csv","S09","2024-03-05","0","C:\Users\ub02-glab-047\Downloads\data_2\data\sales\SALES_S09_20240305.csv"
"SALES_S09_20240306.csv","S09","2024-03-06","0","C:\Users\ub02-glab-047\Downloads\data_2\data\sales\SALES_S09_20240306.csv"
"SALES_S09_20240307.csv","S09","2024-03-07","0","C:\Users\ub02-glab-047\Downloads\data_2\data\sales\SALES_S09_20240307.csv"
"SALES_S09_20240308.csv","S09","2024-03-08","0","C:\Users\ub02-glab-047\Downloads\data_2\data\sales\SALES_S09_20240308.csv"
"SALES_S09_20240309.csv","S09","2024-03-09","0","C:\Users\ub02-glab-047\Downloads\data_2\data\sales\SALES_S09_20240309.csv"
"SALES_S09_20240310.csv","S09","2024-03-10","0","C:\Users\ub02-glab-047\Downloads\data_2\data\sales\SALES_S09_20240310.csv"
"SALES_S09_20240311.csv","S09","2024-03-11","0","C:\Users\ub02-glab-047\Downloads\data_2\data\sales\SALES_S09_20240311.csv"
"SALES_S09_20240312.csv","S09","2024-03-12","0","C:\Users\ub02-glab-047\Downloads\data_2\data\sales\SALES_S09_20240312.csv"
"SALES_S09_20240313.csv","S09","2024-03-13","0","C:\Users\ub02-glab-047\Downloads\data_2\data\sales\SALES_S09_20240313.csv"
"SALES_S09_20240314.csv","S09","2024-03-14","0","C:\Users\ub02-glab-047\Downloads\data_2\data\sales\SALES_S09_20240314.csv"
"SALES_S09_20240315.csv","S09","2024-03-15","0","C:\Users\ub02-glab-047\Downloads\data_2\data\sales\SALES_S09_20240315.csv"
"SALES_S09_20240316.csv","S09","2024-03-16","0","C:\Users\ub02-glab-047\Downloads\data_2\data\sales\SALES_S09_20240316.csv"
"SALES_S09_20240317.csv","S09","2024-03-17","0","C:\Users\ub02-glab-047\Downloads\data_2\data\sales\SALES_S09_20240317.csv"
"SALES_S09_20240318.csv","S09","2024-03-18","0","C:\Users\ub02-glab-047\Downloads\data_2\data\sales\SALES_S09_20240318.csv"
"SALES_S09_20240319.csv","S09","2024-03-19","0","C:\Users\ub02-glab-047\Downloads\data_2\data\sales\SALES_S09_20240319.csv"
"SALES_S09_20240320.csv","S09","2024-03-20","0","C:\Users\ub02-glab-047\Downloads\data_2\data\sales\SALES_S09_20240320.csv"
"SALES_S09_20240321.csv","S09","2024-03-21","0","C:\Users\ub02-glab-047\Downloads\data_2\data\sales\SALES_S09_20240321.csv"
"SALES_S09_20240322.csv","S09","2024-03-22","0","C:\Users\ub02-glab-047\Downloads\data_2\data\sales\SALES_S09_20240322.csv"
"SALES_S09_20240323.csv","S09","2024-03-23","0","C:\Users\ub02-glab-047\Downloads\data_2\data\sales\SALES_S09_20240323.csv"
"SALES_S09_20240324.csv","S09","2024-03-24","0","C:\Users\ub02-glab-047\Downloads\data_2\data\sales\SALES_S09_20240324.csv"
"SALES_S09_20240325.csv","S09","2024-03-25","0","C:\Users\ub02-glab-047\Downloads\data_2\data\sales\SALES_S09_20240325.csv"
"SALES_S09_20240326.csv","S09","2024-03-26","0","C:\Users\ub02-glab-047\Downloads\data_2\data\sales\SALES_S09_20240326.csv"
"SALES_S09_20240327.csv","S09","2024-03-27","0","C:\Users\ub02-glab-047\Downloads\data_2\data\sales\SALES_S09_20240327.csv"
"SALES_S09_20240328.csv","S09","2024-03-28","0","C:\Users\ub02-glab-047\Downloads\data_2\data\sales\SALES_S09_20240328.csv"
"SALES_S09_20240329.csv","S09","2024-03-29","0","C:\Users\ub02-glab-047\Downloads\data_2\data\sales\SALES_S09_20240329.csv"
"SALES_S09_20240330.csv","S09","2024-03-30","0","C:\Users\ub02-glab-047\Downloads\data_2\data\sales\SALES_S09_20240330.csv"
"SALES_S09_20240331.csv","S09","2024-03-31","0","C:\Users\ub02-glab-047\Downloads\data_2\data\sales\SALES_S09_20240331.csv"
"SALES_S09_20240401.csv","S09","2024-04-01","0","C:\Users\ub02-glab-047\Downloads\data_2\data\sales\SALES_S09_20240401.csv"
"SALES_S09_20240402.csv","S09","2024-04-02","0","C:\Users\ub02-glab-047\Downloads\data_2\data\sales\SALES_S09_20240402.csv"
"SALES_S09_20240403.csv","S09","2024-04-03","0","C:\Users\ub02-glab-047\Downloads\data_2\data\sales\SALES_S09_20240403.csv"
"SALES_S09_20240404.csv","S09","2024-04-04","0","C:\Users\ub02-glab-047\Downloads\data_2\data\sales\SALES_S09_20240404.csv"
"SALES_S09_20240405.csv","S09","2024-04-05","0","C:\Users\ub02-glab-047\Downloads\data_2\data\sales\SALES_S09_20240405.csv"
"SALES_S09_20240406.csv","S09","2024-04-06","0","C:\Users\ub02-glab-047\Downloads\data_2\data\sales\SALES_S09_20240406.csv"
"SALES_S09_20240407.csv","S09","2024-04-07","0","C:\Users\ub02-glab-047\Downloads\data_2\data\sales\SALES_S09_20240407.csv"
"SALES_S09_20240408.csv","S09","2024-04-08","0","C:\Users\ub02-glab-047\Downloads\data_2\data\sales\SALES_S09_20240408.csv"
"SALES_S09_20240409.csv","S09","2024-04-09","0","C:\Users\ub02-glab-047\Downloads\data_2\data\sales\SALES_S09_20240409.csv"
"SALES_S09_20240410.csv","S09","2024-04-10","0","C:\Users\ub02-glab-047\Downloads\data_2\data\sales\SALES_S09_20240410.csv"
"SALES_S09_20240411.csv","S09","2024-04-11","0","C:\Users\ub02-glab-047\Downloads\data_2\data\sales\SALES_S09_20240411.csv"
"SALES_S09_20240412.csv","S09","2024-04-12","0","C:\Users\ub02-glab-047\Downloads\data_2\data\sales\SALES_S09_20240412.csv"
"SALES_S09_20240413.csv","S09","2024-04-13","0","C:\Users\ub02-glab-047\Downloads\data_2\data\sales\SALES_S09_20240413.csv"
"SALES_S09_20240414.csv","S09","2024-04-14","0","C:\Users\ub02-glab-047\Downloads\data_2\data\sales\SALES_S09_20240414.csv"
"SALES_S09_20240415.csv","S09","2024-04-15","0","C:\Users\ub02-glab-047\Downloads\data_2\data\sales\SALES_S09_20240415.csv"
"SALES_S09_20240416.csv","S09","2024-04-16","0","C:\Users\ub02-glab-047\Downloads\data_2\data\sales\SALES_S09_20240416.csv"
"SALES_S09_20240417.csv","S09","2024-04-17","0","C:\Users\ub02-glab-047\Downloads\data_2\data\sales\SALES_S09_20240417.csv"
"SALES_S09_20240418.csv","S09","2024-04-18","0","C:\Users\ub02-glab-047\Downloads\data_2\data\sales\SALES_S09_20240418.csv"
"SALES_S09_20240419.csv","S09","2024-04-19","0","C:\Users\ub02-glab-047\Downloads\data_2\data\sales\SALES_S09_20240419.csv"
"SALES_S09_20240420.csv","S09","2024-04-20","0","C:\Users\ub02-glab-047\Downloads\data_2\data\sales\SALES_S09_20240420.csv"
"SALES_S09_20240421.csv","S09","2024-04-21","0","C:\Users\ub02-glab-047\Downloads\data_2\data\sales\SALES_S09_20240421.csv"
"SALES_S09_20240422.csv","S09","2024-04-22","0","C:\Users\ub02-glab-047\Downloads\data_2\data\sales\SALES_S09_20240422.csv"
"SALES_S09_20240423.csv","S09","2024-04-23","0","C:\Users\ub02-glab-047\Downloads\data_2\data\sales\SALES_S09_20240423.csv"
"SALES_S09_20240424.csv","S09","2024-04-24","0","C:\Users\ub02-glab-047\Downloads\data_2\data\sales\SALES_S09_20240424.csv"
"SALES_S09_20240425.csv","S09","2024-04-25","0","C:\Users\ub02-glab-047\Downloads\data_2\data\sales\SALES_S09_20240425.csv"
"SALES_S09_20240426.csv","S09","2024-04-26","0","C:\Users\ub02-glab-047\Downloads\data_2\data\sales\SALES_S09_20240426.csv"
"SALES_S09_20240427.csv","S09","2024-04-27","0","C:\Users\ub02-glab-047\Downloads\data_2\data\sales\SALES_S09_20240427.csv"
"SALES_S09_20240428.csv","S09","2024-04-28","0","C:\Users\ub02-glab-047\Downloads\data_2\data\sales\SALES_S09_20240428.csv"
"SALES_S09_20240429.csv","S09","2024-04-29","0","C:\Users\ub02-glab-047\Downloads\data_2\data\sales\SALES_S09_20240429.csv"
"SALES_S09_20240430.csv","S09","2024-04-30","0","C:\Users\ub02-glab-047\Downloads\data_2\data\sales\SALES_S09_20240430.csv"
"SALES_S09_20240501.csv","S09","2024-05-01","0","C:\Users\ub02-glab-047\Downloads\data_2\data\sales\SALES_S09_20240501.csv"
"SALES_S09_20240502.csv","S09","2024-05-02","0","C:\Users\ub02-glab-047\Downloads\data_2\data\sales\SALES_S09_20240502.csv"
"SALES_S09_20240503.csv","S09","2024-05-03","0","C:\Users\ub02-glab-047\Downloads\data_2\data\sales\SALES_S09_20240503.csv"
"SALES_S09_20240504.csv","S09","2024-05-04","0","C:\Users\ub02-glab-047\Downloads\data_2\data\sales\SALES_S09_20240504.csv"
"SALES_S09_20240505.csv","S09","2024-05-05","0","C:\Users\ub02-glab-047\Downloads\data_2\data\sales\SALES_S09_20240505.csv"
"SALES_S09_20240506.csv","S09","2024-05-06","0","C:\Users\ub02-glab-047\Downloads\data_2\data\sales\SALES_S09_20240506.csv"
"SALES_S09_20240507.csv","S09","2024-05-07","0","C:\Users\ub02-glab-047\Downloads\data_2\data\sales\SALES_S09_20240507.csv"
"SALES_S09_20240508.csv","S09","2024-05-08","0","C:\Users\ub02-glab-047\Downloads\data_2\data\sales\SALES_S09_20240508.csv"
"SALES_S09_20240509.csv","S09","2024-05-09","0","C:\Users\ub02-glab-047\Downloads\data_2\data\sales\SALES_S09_20240509.csv"
"SALES_S09_20240510.csv","S09","2024-05-10","0","C:\Users\ub02-glab-047\Downloads\data_2\data\sales\SALES_S09_20240510.csv"
"SALES_S09_20240511.csv","S09","2024-05-11","0","C:\Users\ub02-glab-047\Downloads\data_2\data\sales\SALES_S09_20240511.csv"
"SALES_S09_20240512.csv","S09","2024-05-12","0","C:\Users\ub02-glab-047\Downloads\data_2\data\sales\SALES_S09_20240512.csv"
"SALES_S09_20240513.csv","S09","2024-05-13","0","C:\Users\ub02-glab-047\Downloads\data_2\data\sales\SALES_S09_20240513.csv"
"SALES_S09_20240514.csv","S09","2024-05-14","0","C:\Users\ub02-glab-047\Downloads\data_2\data\sales\SALES_S09_20240514.csv"
"SALES_S09_20240515.csv","S09","2024-05-15","0","C:\Users\ub02-glab-047\Downloads\data_2\data\sales\SALES_S09_20240515.csv"
"SALES_S09_20240515__R1.csv","S09","2024-05-15","1","C:\Users\ub02-glab-047\Downloads\data_2\data\sales\SALES_S09_20240515__R1.csv"
"SALES_S09_20240516.csv","S09","2024-05-16","0","C:\Users\ub02-glab-047\Downloads\data_2\data\sales\SALES_S09_20240516.csv"
"SALES_S09_20240517.csv","S09","2024-05-17","0","C:\Users\ub02-glab-047\Downloads\data_2\data\sales\SALES_S09_20240517.csv"
"SALES_S09_20240518.csv","S09","2024-05-18","0","C:\Users\ub02-glab-047\Downloads\data_2\data\sales\SALES_S09_20240518.csv"
"SALES_S09_20240519.csv","S09","2024-05-19","0","C:\Users\ub02-glab-047\Downloads\data_2\data\sales\SALES_S09_20240519.csv"
"SALES_S09_20240520.csv","S09","2024-05-20","0","C:\Users\ub02-glab-047\Downloads\data_2\data\sales\SALES_S09_20240520.csv"
"SALES_S09_20240521.csv","S09","2024-05-21","0","C:\Users\ub02-glab-047\Downloads\data_2\data\sales\SALES_S09_20240521.csv"
"SALES_S09_20240522.csv","S09","2024-05-22","0","C:\Users\ub02-glab-047\Downloads\data_2\data\sales\SALES_S09_20240522.csv"
"SALES_S09_20240523.csv","S09","2024-05-23","0","C:\Users\ub02-glab-047\Downloads\data_2\data\sales\SALES_S09_20240523.csv"
"SALES_S09_20240524.csv","S09","2024-05-24","0","C:\Users\ub02-glab-047\Downloads\data_2\data\sales\SALES_S09_20240524.csv"
"SALES_S09_20240525.csv","S09","2024-05-25","0","C:\Users\ub02-glab-047\Downloads\data_2\data\sales\SALES_S09_20240525.csv"
"SALES_S09_20240526.csv","S09","2024-05-26","0","C:\Users\ub02-glab-047\Downloads\data_2\data\sales\SALES_S09_20240526.csv"
"SALES_S09_20240527.csv","S09","2024-05-27","0","C:\Users\ub02-glab-047\Downloads\data_2\data\sales\SALES_S09_20240527.csv"
"SALES_S09_20240528.csv","S09","2024-05-28","0","C:\Users\ub02-glab-047\Downloads\data_2\data\sales\SALES_S09_20240528.csv"
"SALES_S09_20240529.csv","S09","2024-05-29","0","C:\Users\ub02-glab-047\Downloads\data_2\data\sales\SALES_S09_20240529.csv"
"SALES_S09_20240530.csv","S09","2024-05-30","0","C:\Users\ub02-glab-047\Downloads\data_2\data\sales\SALES_S09_20240530.csv"
"SALES_S09_20240531.csv","S09","2024-05-31","0","C:\Users\ub02-glab-047\Downloads\data_2\data\sales\SALES_S09_20240531.csv"
"SALES_S09_20240601.csv","S09","2024-06-01","0","C:\Users\ub02-glab-047\Downloads\data_2\data\sales\SALES_S09_20240601.csv"
"SALES_S09_20240602.csv","S09","2024-06-02","0","C:\Users\ub02-glab-047\Downloads\data_2\data\sales\SALES_S09_20240602.csv"
"SALES_S09_20240603.csv","S09","2024-06-03","0","C:\Users\ub02-glab-047\Downloads\data_2\data\sales\SALES_S09_20240603.csv"
"SALES_S09_20240604.csv","S09","2024-06-04","0","C:\Users\ub02-glab-047\Downloads\data_2\data\sales\SALES_S09_20240604.csv"
"SALES_S09_20240605.csv","S09","2024-06-05","0","C:\Users\ub02-glab-047\Downloads\data_2\data\sales\SALES_S09_20240605.csv"
"SALES_S09_20240606.csv","S09","2024-06-06","0","C:\Users\ub02-glab-047\Downloads\data_2\data\sales\SALES_S09_20240606.csv"
"SALES_S09_20240607.csv","S09","2024-06-07","0","C:\Users\ub02-glab-047\Downloads\data_2\data\sales\SALES_S09_20240607.csv"
"SALES_S09_20240608.csv","S09","2024-06-08","0","C:\Users\ub02-glab-047\Downloads\data_2\data\sales\SALES_S09_20240608.csv"
"SALES_S09_20240609.csv","S09","2024-06-09","0","C:\Users\ub02-glab-047\Downloads\data_2\data\sales\SALES_S09_20240609.csv"
"SALES_S09_20240610.csv","S09","2024-06-10","0","C:\Users\ub02-glab-047\Downloads\data_2\data\sales\SALES_S09_20240610.csv"
"SALES_S09_20240611.csv","S09","2024-06-11","0","C:\Users\ub02-glab-047\Downloads\data_2\data\sales\SALES_S09_20240611.csv"
"SALES_S09_20240612.csv","S09","2024-06-12","0","C:\Users\ub02-glab-047\Downloads\data_2\data\sales\SALES_S09_20240612.csv"
"SALES_S09_20240613.csv","S09","2024-06-13","0","C:\Users\ub02-glab-047\Downloads\data_2\data\sales\SALES_S09_20240613.csv"
"SALES_S09_20240614.csv","S09","2024-06-14","0","C:\Users\ub02-glab-047\Downloads\data_2\data\sales\SALES_S09_20240614.csv"
"SALES_S09_20240615.csv","S09","2024-06-15","0","C:\Users\ub02-glab-047\Downloads\data_2\data\sales\SALES_S09_20240615.csv"
"SALES_S09_20240616.csv","S09","2024-06-16","0","C:\Users\ub02-glab-047\Downloads\data_2\data\sales\SALES_S09_20240616.csv"
"SALES_S09_20240617.csv","S09","2024-06-17","0","C:\Users\ub02-glab-047\Downloads\data_2\data\sales\SALES_S09_20240617.csv"
"SALES_S09_20240618.csv","S09","2024-06-18","0","C:\Users\ub02-glab-047\Downloads\data_2\data\sales\SALES_S09_20240618.csv"
"SALES_S09_20240619.csv","S09","2024-06-19","0","C:\Users\ub02-glab-047\Downloads\data_2\data\sales\SALES_S09_20240619.csv"
"SALES_S09_20240620.csv","S09","2024-06-20","0","C:\Users\ub02-glab-047\Downloads\data_2\data\sales\SALES_S09_20240620.csv"
"SALES_S09_20240621.csv","S09","2024-06-21","0","C:\Users\ub02-glab-047\Downloads\data_2\data\sales\SALES_S09_20240621.csv"
"SALES_S09_20240622.csv","S09","2024-06-22","0","C:\Users\ub02-glab-047\Downloads\data_2\data\sales\SALES_S09_20240622.csv"
"SALES_S09_20240623.csv","S09","2024-06-23","0","C:\Users\ub02-glab-047\Downloads\data_2\data\sales\SALES_S09_20240623.csv"
"SALES_S09_20240624.csv","S09","2024-06-24","0","C:\Users\ub02-glab-047\Downloads\data_2\data\sales\SALES_S09_20240624.csv"
"SALES_S09_20240625.csv","S09","2024-06-25","0","C:\Users\ub02-glab-047\Downloads\data_2\data\sales\SALES_S09_20240625.csv"
"SALES_S09_20240626.csv","S09","2024-06-26","0","C:\Users\ub02-glab-047\Downloads\data_2\data\sales\SALES_S09_20240626.csv"
"SALES_S09_20240627.csv","S09","2024-06-27","0","C:\Users\ub02-glab-047\Downloads\data_2\data\sales\SALES_S09_20240627.csv"
"SALES_S09_20240628.csv","S09","2024-06-28","0","C:\Users\ub02-glab-047\Downloads\data_2\data\sales\SALES_S09_20240628.csv"
"SALES_S09_20240629.csv","S09","2024-06-29","0","C:\Users\ub02-glab-047\Downloads\data_2\data\sales\SALES_S09_20240629.csv"
"SALES_S09_20240630.csv","S09","2024-06-30","0","C:\Users\ub02-glab-047\Downloads\data_2\data\sales\SALES_S09_20240630.csv"
"SALES_S09_20240701.csv","S09","2024-07-01","0","C:\Users\ub02-glab-047\Downloads\data_2\data\sales\SALES_S09_20240701.csv"
"SALES_S09_20240702.csv","S09","2024-07-02","0","C:\Users\ub02-glab-047\Downloads\data_2\data\sales\SALES_S09_20240702.csv"
"SALES_S09_20240703.csv","S09","2024-07-03","0","C:\Users\ub02-glab-047\Downloads\data_2\data\sales\SALES_S09_20240703.csv"
"SALES_S09_20240704.csv","S09","2024-07-04","0","C:\Users\ub02-glab-047\Downloads\data_2\data\sales\SALES_S09_20240704.csv"
"SALES_S09_20240705.csv","S09","2024-07-05","0","C:\Users\ub02-glab-047\Downloads\data_2\data\sales\SALES_S09_20240705.csv"
"SALES_S09_20240706.csv","S09","2024-07-06","0","C:\Users\ub02-glab-047\Downloads\data_2\data\sales\SALES_S09_20240706.csv"
"SALES_S09_20240707.csv","S09","2024-07-07","0","C:\Users\ub02-glab-047\Downloads\data_2\data\sales\SALES_S09_20240707.csv"
"SALES_S09_20240708.csv","S09","2024-07-08","0","C:\Users\ub02-glab-047\Downloads\data_2\data\sales\SALES_S09_20240708.csv"
"SALES_S09_20240709.csv","S09","2024-07-09","0","C:\Users\ub02-glab-047\Downloads\data_2\data\sales\SALES_S09_20240709.csv"
"SALES_S09_20240710.csv","S09","2024-07-10","0","C:\Users\ub02-glab-047\Downloads\data_2\data\sales\SALES_S09_20240710.csv"
"SALES_S09_20240711.csv","S09","2024-07-11","0","C:\Users\ub02-glab-047\Downloads\data_2\data\sales\SALES_S09_20240711.csv"
"SALES_S09_20240712.csv","S09","2024-07-12","0","C:\Users\ub02-glab-047\Downloads\data_2\data\sales\SALES_S09_20240712.csv"
"SALES_S09_20240713.csv","S09","2024-07-13","0","C:\Users\ub02-glab-047\Downloads\data_2\data\sales\SALES_S09_20240713.csv"
"SALES_S09_20240714.csv","S09","2024-07-14","0","C:\Users\ub02-glab-047\Downloads\data_2\data\sales\SALES_S09_20240714.csv"
"SALES_S09_20240715.csv","S09","2024-07-15","0","C:\Users\ub02-glab-047\Downloads\data_2\data\sales\SALES_S09_20240715.csv"
"SALES_S09_20240716.csv","S09","2024-07-16","0","C:\Users\ub02-glab-047\Downloads\data_2\data\sales\SALES_S09_20240716.csv"
"SALES_S09_20240717.csv","S09","2024-07-17","0","C:\Users\ub02-glab-047\Downloads\data_2\data\sales\SALES_S09_20240717.csv"
"SALES_S09_20240718.csv","S09","2024-07-18","0","C:\Users\ub02-glab-047\Downloads\data_2\data\sales\SALES_S09_20240718.csv"
"SALES_S09_20240719.csv","S09","2024-07-19","0","C:\Users\ub02-glab-047\Downloads\data_2\data\sales\SALES_S09_20240719.csv"
"SALES_S09_20240720.csv","S09","2024-07-20","0","C:\Users\ub02-glab-047\Downloads\data_2\data\sales\SALES_S09_20240720.csv"
"SALES_S09_20240721.csv","S09","2024-07-21","0","C:\Users\ub02-glab-047\Downloads\data_2\data\sales\SALES_S09_20240721.csv"
"SALES_S09_20240722.csv","S09","2024-07-22","0","C:\Users\ub02-glab-047\Downloads\data_2\data\sales\SALES_S09_20240722.csv"
"SALES_S09_20240723.csv","S09","2024-07-23","0","C:\Users\ub02-glab-047\Downloads\data_2\data\sales\SALES_S09_20240723.csv"
"SALES_S09_20240724.csv","S09","2024-07-24","0","C:\Users\ub02-glab-047\Downloads\data_2\data\sales\SALES_S09_20240724.csv"
"SALES_S09_20240725.csv","S09","2024-07-25","0","C:\Users\ub02-glab-047\Downloads\data_2\data\sales\SALES_S09_20240725.csv"
"SALES_S09_20240725__R1.csv","S09","2024-07-25","1","C:\Users\ub02-glab-047\Downloads\data_2\data\sales\SALES_S09_20240725__R1.csv"
"SALES_S09_20240726.csv","S09","2024-07-26","0","C:\Users\ub02-glab-047\Downloads\data_2\data\sales\SALES_S09_20240726.csv"
"SALES_S09_20240727.csv","S09","2024-07-27","0","C:\Users\ub02-glab-047\Downloads\data_2\data\sales\SALES_S09_20240727.csv"
"SALES_S09_20240728.csv","S09","2024-07-28","0","C:\Users\ub02-glab-047\Downloads\data_2\data\sales\SALES_S09_20240728.csv"
"SALES_S09_20240729.csv","S09","2024-07-29","0","C:\Users\ub02-glab-047\Downloads\data_2\data\sales\SALES_S09_20240729.csv"
"SALES_S09_20240730.csv","S09","2024-07-30","0","C:\Users\ub02-glab-047\Downloads\data_2\data\sales\SALES_S09_20240730.csv"
"SALES_S09_20240731.csv","S09","2024-07-31","0","C:\Users\ub02-glab-047\Downloads\data_2\data\sales\SALES_S09_20240731.csv"
"SALES_S09_20240801.csv","S09","2024-08-01","0","C:\Users\ub02-glab-047\Downloads\data_2\data\sales\SALES_S09_20240801.csv"
"SALES_S09_20240802.csv","S09","2024-08-02","0","C:\Users\ub02-glab-047\Downloads\data_2\data\sales\SALES_S09_20240802.csv"
"SALES_S09_20240803.csv","S09","2024-08-03","0","C:\Users\ub02-glab-047\Downloads\data_2\data\sales\SALES_S09_20240803.csv"
"SALES_S09_20240804.csv","S09","2024-08-04","0","C:\Users\ub02-glab-047\Downloads\data_2\data\sales\SALES_S09_20240804.csv"
"SALES_S09_20240805.csv","S09","2024-08-05","0","C:\Users\ub02-glab-047\Downloads\data_2\data\sales\SALES_S09_20240805.csv"
"SALES_S09_20240806.csv","S09","2024-08-06","0","C:\Users\ub02-glab-047\Downloads\data_2\data\sales\SALES_S09_20240806.csv"
"SALES_S09_20240807.csv","S09","2024-08-07","0","C:\Users\ub02-glab-047\Downloads\data_2\data\sales\SALES_S09_20240807.csv"
"SALES_S09_20240808.csv","S09","2024-08-08","0","C:\Users\ub02-glab-047\Downloads\data_2\data\sales\SALES_S09_20240808.csv"
"SALES_S09_20240809.csv","S09","2024-08-09","0","C:\Users\ub02-glab-047\Downloads\data_2\data\sales\SALES_S09_20240809.csv"
"SALES_S09_20240810.csv","S09","2024-08-10","0","C:\Users\ub02-glab-047\Downloads\data_2\data\sales\SALES_S09_20240810.csv"
"SALES_S09_20240811.csv","S09","2024-08-11","0","C:\Users\ub02-glab-047\Downloads\data_2\data\sales\SALES_S09_20240811.csv"
"SALES_S09_20240812.csv","S09","2024-08-12","0","C:\Users\ub02-glab-047\Downloads\data_2\data\sales\SALES_S09_20240812.csv"
"SALES_S09_20240813.csv","S09","2024-08-13","0","C:\Users\ub02-glab-047\Downloads\data_2\data\sales\SALES_S09_20240813.csv"
"SALES_S09_20240814.csv","S09","2024-08-14","0","C:\Users\ub02-glab-047\Downloads\data_2\data\sales\SALES_S09_20240814.csv"
"SALES_S09_20240815.csv","S09","2024-08-15","0","C:\Users\ub02-glab-047\Downloads\data_2\data\sales\SALES_S09_20240815.csv"
"SALES_S09_20240816.csv","S09","2024-08-16","0","C:\Users\ub02-glab-047\Downloads\data_2\data\sales\SALES_S09_20240816.csv"
"SALES_S09_20240817.csv","S09","2024-08-17","0","C:\Users\ub02-glab-047\Downloads\data_2\data\sales\SALES_S09_20240817.csv"
"SALES_S09_20240818.csv","S09","2024-08-18","0","C:\Users\ub02-glab-047\Downloads\data_2\data\sales\SALES_S09_20240818.csv"
"SALES_S09_20240819.csv","S09","2024-08-19","0","C:\Users\ub02-glab-047\Downloads\data_2\data\sales\SALES_S09_20240819.csv"
"SALES_S09_20240820.csv","S09","2024-08-20","0","C:\Users\ub02-glab-047\Downloads\data_2\data\sales\SALES_S09_20240820.csv"
"SALES_S09_20240821.csv","S09","2024-08-21","0","C:\Users\ub02-glab-047\Downloads\data_2\data\sales\SALES_S09_20240821.csv"
"SALES_S09_20240822.csv","S09","2024-08-22","0","C:\Users\ub02-glab-047\Downloads\data_2\data\sales\SALES_S09_20240822.csv"
"SALES_S09_20240823.csv","S09","2024-08-23","0","C:\Users\ub02-glab-047\Downloads\data_2\data\sales\SALES_S09_20240823.csv"
"SALES_S09_20240824.csv","S09","2024-08-24","0","C:\Users\ub02-glab-047\Downloads\data_2\data\sales\SALES_S09_20240824.csv"
"SALES_S09_20240825.csv","S09","2024-08-25","0","C:\Users\ub02-glab-047\Downloads\data_2\data\sales\SALES_S09_20240825.csv"
"SALES_S09_20240826.csv","S09","2024-08-26","0","C:\Users\ub02-glab-047\Downloads\data_2\data\sales\SALES_S09_20240826.csv"
"SALES_S09_20240827.csv","S09","2024-08-27","0","C:\Users\ub02-glab-047\Downloads\data_2\data\sales\SALES_S09_20240827.csv"
"SALES_S09_20240828.csv","S09","2024-08-28","0","C:\Users\ub02-glab-047\Downloads\data_2\data\sales\SALES_S09_20240828.csv"
"SALES_S09_20240829.csv","S09","2024-08-29","0","C:\Users\ub02-glab-047\Downloads\data_2\data\sales\SALES_S09_20240829.csv"
"SALES_S09_20240830.csv","S09","2024-08-30","0","C:\Users\ub02-glab-047\Downloads\data_2\data\sales\SALES_S09_20240830.csv"
"SALES_S09_20240831.csv","S09","2024-08-31","0","C:\Users\ub02-glab-047\Downloads\data_2\data\sales\SALES_S09_20240831.csv"
"SALES_S09_20240901.csv","S09","2024-09-01","0","C:\Users\ub02-glab-047\Downloads\data_2\data\sales\SALES_S09_20240901.csv"
"SALES_S09_20240902.csv","S09","2024-09-02","0","C:\Users\ub02-glab-047\Downloads\data_2\data\sales\SALES_S09_20240902.csv"
"SALES_S09_20240903.csv","S09","2024-09-03","0","C:\Users\ub02-glab-047\Downloads\data_2\data\sales\SALES_S09_20240903.csv"
"SALES_S09_20240904.csv","S09","2024-09-04","0","C:\Users\ub02-glab-047\Downloads\data_2\data\sales\SALES_S09_20240904.csv"
"SALES_S09_20240905.csv","S09","2024-09-05","0","C:\Users\ub02-glab-047\Downloads\data_2\data\sales\SALES_S09_20240905.csv"
"SALES_S09_20240906.csv","S09","2024-09-06","0","C:\Users\ub02-glab-047\Downloads\data_2\data\sales\SALES_S09_20240906.csv"
"SALES_S09_20240907.csv","S09","2024-09-07","0","C:\Users\ub02-glab-047\Downloads\data_2\data\sales\SALES_S09_20240907.csv"
"SALES_S09_20240908.csv","S09","2024-09-08","0","C:\Users\ub02-glab-047\Downloads\data_2\data\sales\SALES_S09_20240908.csv"
"SALES_S09_20240909.csv","S09","2024-09-09","0","C:\Users\ub02-glab-047\Downloads\data_2\data\sales\SALES_S09_20240909.csv"
"SALES_S09_20240910.csv","S09","2024-09-10","0","C:\Users\ub02-glab-047\Downloads\data_2\data\sales\SALES_S09_20240910.csv"
"SALES_S09_20240911.csv","S09","2024-09-11","0","C:\Users\ub02-glab-047\Downloads\data_2\data\sales\SALES_S09_20240911.csv"
"SALES_S09_20240912.csv","S09","2024-09-12","0","C:\Users\ub02-glab-047\Downloads\data_2\data\sales\SALES_S09_20240912.csv"
"SALES_S09_20240913.csv","S09","2024-09-13","0","C:\Users\ub02-glab-047\Downloads\data_2\data\sales\SALES_S09_20240913.csv"
"SALES_S09_20240914.csv","S09","2024-09-14","0","C:\Users\ub02-glab-047\Downloads\data_2\data\sales\SALES_S09_20240914.csv"
"SALES_S09_20240915.csv","S09","2024-09-15","0","C:\Users\ub02-glab-047\Downloads\data_2\data\sales\SALES_S09_20240915.csv"
"SALES_S09_20240916.csv","S09","2024-09-16","0","C:\Users\ub02-glab-047\Downloads\data_2\data\sales\SALES_S09_20240916.csv"
"SALES_S09_20240917.csv","S09","2024-09-17","0","C:\Users\ub02-glab-047\Downloads\data_2\data\sales\SALES_S09_20240917.csv"
"SALES_S09_20240918.csv","S09","2024-09-18","0","C:\Users\ub02-glab-047\Downloads\data_2\data\sales\SALES_S09_20240918.csv"
"SALES_S09_20240919.csv","S09","2024-09-19","0","C:\Users\ub02-glab-047\Downloads\data_2\data\sales\SALES_S09_20240919.csv"
"SALES_S09_20240920.csv","S09","2024-09-20","0","C:\Users\ub02-glab-047\Downloads\data_2\data\sales\SALES_S09_20240920.csv"
"SALES_S09_20240921.csv","S09","2024-09-21","0","C:\Users\ub02-glab-047\Downloads\data_2\data\sales\SALES_S09_20240921.csv"
"SALES_S09_20240922.csv","S09","2024-09-22","0","C:\Users\ub02-glab-047\Downloads\data_2\data\sales\SALES_S09_20240922.csv"
"SALES_S09_20240923.csv","S09","2024-09-23","0","C:\Users\ub02-glab-047\Downloads\data_2\data\sales\SALES_S09_20240923.csv"
"SALES_S09_20240924.csv","S09","2024-09-24","0","C:\Users\ub02-glab-047\Downloads\data_2\data\sales\SALES_S09_20240924.csv"
"SALES_S09_20240925.csv","S09","2024-09-25","0","C:\Users\ub02-glab-047\Downloads\data_2\data\sales\SALES_S09_20240925.csv"
"SALES_S09_20240926.csv","S09","2024-09-26","0","C:\Users\ub02-glab-047\Downloads\data_2\data\sales\SALES_S09_20240926.csv"
"SALES_S09_20240927.csv","S09","2024-09-27","0","C:\Users\ub02-glab-047\Downloads\data_2\data\sales\SALES_S09_20240927.csv"
"SALES_S09_20240928.csv","S09","2024-09-28","0","C:\Users\ub02-glab-047\Downloads\data_2\data\sales\SALES_S09_20240928.csv"
"SALES_S09_20240929.csv","S09","2024-09-29","0","C:\Users\ub02-glab-047\Downloads\data_2\data\sales\SALES_S09_20240929.csv"
"SALES_S09_20240930.csv","S09","2024-09-30","0","C:\Users\ub02-glab-047\Downloads\data_2\data\sales\SALES_S09_20240930.csv"
"SALES_S09_20241001.csv","S09","2024-10-01","0","C:\Users\ub02-glab-047\Downloads\data_2\data\sales\SALES_S09_20241001.csv"
"SALES_S09_20241002.csv","S09","2024-10-02","0","C:\Users\ub02-glab-047\Downloads\data_2\data\sales\SALES_S09_20241002.csv"
"SALES_S09_20241003.csv","S09","2024-10-03","0","C:\Users\ub02-glab-047\Downloads\data_2\data\sales\SALES_S09_20241003.csv"
"SALES_S09_20241004.csv","S09","2024-10-04","0","C:\Users\ub02-glab-047\Downloads\data_2\data\sales\SALES_S09_20241004.csv"
"SALES_S09_20241005.csv","S09","2024-10-05","0","C:\Users\ub02-glab-047\Downloads\data_2\data\sales\SALES_S09_20241005.csv"
"SALES_S09_20241006.csv","S09","2024-10-06","0","C:\Users\ub02-glab-047\Downloads\data_2\data\sales\SALES_S09_20241006.csv"
"SALES_S09_20241007.csv","S09","2024-10-07","0","C:\Users\ub02-glab-047\Downloads\data_2\data\sales\SALES_S09_20241007.csv"
"SALES_S09_20241008.csv","S09","2024-10-08","0","C:\Users\ub02-glab-047\Downloads\data_2\data\sales\SALES_S09_20241008.csv"
"SALES_S09_20241009.csv","S09","2024-10-09","0","C:\Users\ub02-glab-047\Downloads\data_2\data\sales\SALES_S09_20241009.csv"
"SALES_S09_20241010.csv","S09","2024-10-10","0","C:\Users\ub02-glab-047\Downloads\data_2\data\sales\SALES_S09_20241010.csv"
"SALES_S09_20241011.csv","S09","2024-10-11","0","C:\Users\ub02-glab-047\Downloads\data_2\data\sales\SALES_S09_20241011.csv"
"SALES_S09_20241011__R1.csv","S09","2024-10-11","1","C:\Users\ub02-glab-047\Downloads\data_2\data\sales\SALES_S09_20241011__R1.csv"
"SALES_S09_20241012.csv","S09","2024-10-12","0","C:\Users\ub02-glab-047\Downloads\data_2\data\sales\SALES_S09_20241012.csv"
"SALES_S09_20241013.csv","S09","2024-10-13","0","C:\Users\ub02-glab-047\Downloads\data_2\data\sales\SALES_S09_20241013.csv"
"SALES_S09_20241014.csv","S09","2024-10-14","0","C:\Users\ub02-glab-047\Downloads\data_2\data\sales\SALES_S09_20241014.csv"
"SALES_S09_20241015.csv","S09","2024-10-15","0","C:\Users\ub02-glab-047\Downloads\data_2\data\sales\SALES_S09_20241015.csv"
"SALES_S09_20241016.csv","S09","2024-10-16","0","C:\Users\ub02-glab-047\Downloads\data_2\data\sales\SALES_S09_20241016.csv"
"SALES_S09_20241017.csv","S09","2024-10-17","0","C:\Users\ub02-glab-047\Downloads\data_2\data\sales\SALES_S09_20241017.csv"
"SALES_S09_20241018.csv","S09","2024-10-18","0","C:\Users\ub02-glab-047\Downloads\data_2\data\sales\SALES_S09_20241018.csv"
"SALES_S09_20241019.csv","S09","2024-10-19","0","C:\Users\ub02-glab-047\Downloads\data_2\data\sales\SALES_S09_20241019.csv"
"SALES_S09_20241020.csv","S09","2024-10-20","0","C:\Users\ub02-glab-047\Downloads\data_2\data\sales\SALES_S09_20241020.csv"
"SALES_S09_20241021.csv","S09","2024-10-21","0","C:\Users\ub02-glab-047\Downloads\data_2\data\sales\SALES_S09_20241021.csv"
"SALES_S09_20241022.csv","S09","2024-10-22","0","C:\Users\ub02-glab-047\Downloads\data_2\data\sales\SALES_S09_20241022.csv"
"SALES_S09_20241023.csv","S09","2024-10-23","0","C:\Users\ub02-glab-047\Downloads\data_2\data\sales\SALES_S09_20241023.csv"
"SALES_S09_20241024.csv","S09","2024-10-24","0","C:\Users\ub02-glab-047\Downloads\data_2\data\sales\SALES_S09_20241024.csv"
"SALES_S09_20241025.csv","S09","2024-10-25","0","C:\Users\ub02-glab-047\Downloads\data_2\data\sales\SALES_S09_20241025.csv"
"SALES_S09_20241026.csv","S09","2024-10-26","0","C:\Users\ub02-glab-047\Downloads\data_2\data\sales\SALES_S09_20241026.csv"
"SALES_S09_20241027.csv","S09","2024-10-27","0","C:\Users\ub02-glab-047\Downloads\data_2\data\sales\SALES_S09_20241027.csv"
"SALES_S09_20241028.csv","S09","2024-10-28","0","C:\Users\ub02-glab-047\Downloads\data_2\data\sales\SALES_S09_20241028.csv"
"SALES_S09_20241029.csv","S09","2024-10-29","0","C:\Users\ub02-glab-047\Downloads\data_2\data\sales\SALES_S09_20241029.csv"
"SALES_S09_20241030.csv","S09","2024-10-30","0","C:\Users\ub02-glab-047\Downloads\data_2\data\sales\SALES_S09_20241030.csv"
"SALES_S09_20241031.csv","S09","2024-10-31","0","C:\Users\ub02-glab-047\Downloads\data_2\data\sales\SALES_S09_20241031.csv"
"SALES_S09_20241101.csv","S09","2024-11-01","0","C:\Users\ub02-glab-047\Downloads\data_2\data\sales\SALES_S09_20241101.csv"
"SALES_S09_20241102.csv","S09","2024-11-02","0","C:\Users\ub02-glab-047\Downloads\data_2\data\sales\SALES_S09_20241102.csv"
"SALES_S09_20241103.csv","S09","2024-11-03","0","C:\Users\ub02-glab-047\Downloads\data_2\data\sales\SALES_S09_20241103.csv"
"SALES_S09_20241104.csv","S09","2024-11-04","0","C:\Users\ub02-glab-047\Downloads\data_2\data\sales\SALES_S09_20241104.csv"
"SALES_S09_20241105.csv","S09","2024-11-05","0","C:\Users\ub02-glab-047\Downloads\data_2\data\sales\SALES_S09_20241105.csv"
"SALES_S09_20241106.csv","S09","2024-11-06","0","C:\Users\ub02-glab-047\Downloads\data_2\data\sales\SALES_S09_20241106.csv"
"SALES_S09_20241107.csv","S09","2024-11-07","0","C:\Users\ub02-glab-047\Downloads\data_2\data\sales\SALES_S09_20241107.csv"
"SALES_S09_20241108.csv","S09","2024-11-08","0","C:\Users\ub02-glab-047\Downloads\data_2\data\sales\SALES_S09_20241108.csv"
"SALES_S09_20241109.csv","S09","2024-11-09","0","C:\Users\ub02-glab-047\Downloads\data_2\data\sales\SALES_S09_20241109.csv"
"SALES_S09_20241110.csv","S09","2024-11-10","0","C:\Users\ub02-glab-047\Downloads\data_2\data\sales\SALES_S09_20241110.csv"
"SALES_S09_20241111.csv","S09","2024-11-11","0","C:\Users\ub02-glab-047\Downloads\data_2\data\sales\SALES_S09_20241111.csv"
"SALES_S09_20241112.csv","S09","2024-11-12","0","C:\Users\ub02-glab-047\Downloads\data_2\data\sales\SALES_S09_20241112.csv"
"SALES_S09_20241113.csv","S09","2024-11-13","0","C:\Users\ub02-glab-047\Downloads\data_2\data\sales\SALES_S09_20241113.csv"
"SALES_S09_20241114.csv","S09","2024-11-14","0","C:\Users\ub02-glab-047\Downloads\data_2\data\sales\SALES_S09_20241114.csv"
"SALES_S09_20241115.csv","S09","2024-11-15","0","C:\Users\ub02-glab-047\Downloads\data_2\data\sales\SALES_S09_20241115.csv"
"SALES_S09_20241116.csv","S09","2024-11-16","0","C:\Users\ub02-glab-047\Downloads\data_2\data\sales\SALES_S09_20241116.csv"
"SALES_S09_20241117.csv","S09","2024-11-17","0","C:\Users\ub02-glab-047\Downloads\data_2\data\sales\SALES_S09_20241117.csv"
"SALES_S09_20241118.csv","S09","2024-11-18","0","C:\Users\ub02-glab-047\Downloads\data_2\data\sales\SALES_S09_20241118.csv"
"SALES_S09_20241119.csv","S09","2024-11-19","0","C:\Users\ub02-glab-047\Downloads\data_2\data\sales\SALES_S09_20241119.csv"
"SALES_S09_20241120.csv","S09","2024-11-20","0","C:\Users\ub02-glab-047\Downloads\data_2\data\sales\SALES_S09_20241120.csv"
"SALES_S09_20241121.csv","S09","2024-11-21","0","C:\Users\ub02-glab-047\Downloads\data_2\data\sales\SALES_S09_20241121.csv"
"SALES_S09_20241122.csv","S09","2024-11-22","0","C:\Users\ub02-glab-047\Downloads\data_2\data\sales\SALES_S09_20241122.csv"
"SALES_S09_20241123.csv","S09","2024-11-23","0","C:\Users\ub02-glab-047\Downloads\data_2\data\sales\SALES_S09_20241123.csv"
"SALES_S09_20241124.csv","S09","2024-11-24","0","C:\Users\ub02-glab-047\Downloads\data_2\data\sales\SALES_S09_20241124.csv"
"SALES_S09_20241125.csv","S09","2024-11-25","0","C:\Users\ub02-glab-047\Downloads\data_2\data\sales\SALES_S09_20241125.csv"
"SALES_S09_20241126.csv","S09","2024-11-26","0","C:\Users\ub02-glab-047\Downloads\data_2\data\sales\SALES_S09_20241126.csv"
"SALES_S09_20241127.csv","S09","2024-11-27","0","C:\Users\ub02-glab-047\Downloads\data_2\data\sales\SALES_S09_20241127.csv"
"SALES_S09_20241128.csv","S09","2024-11-28","0","C:\Users\ub02-glab-047\Downloads\data_2\data\sales\SALES_S09_20241128.csv"
"SALES_S09_20241129.csv","S09","2024-11-29","0","C:\Users\ub02-glab-047\Downloads\data_2\data\sales\SALES_S09_20241129.csv"
"SALES_S09_20241129__R1.csv","S09","2024-11-29","1","C:\Users\ub02-glab-047\Downloads\data_2\data\sales\SALES_S09_20241129__R1.csv"
"SALES_S09_20241129__R2.csv","S09","2024-11-29","2","C:\Users\ub02-glab-047\Downloads\data_2\data\sales\SALES_S09_20241129__R2.csv"
"SALES_S09_20241130.csv","S09","2024-11-30","0","C:\Users\ub02-glab-047\Downloads\data_2\data\sales\SALES_S09_20241130.csv"
"SALES_S09_20241201.csv","S09","2024-12-01","0","C:\Users\ub02-glab-047\Downloads\data_2\data\sales\SALES_S09_20241201.csv"
"SALES_S09_20241202.csv","S09","2024-12-02","0","C:\Users\ub02-glab-047\Downloads\data_2\data\sales\SALES_S09_20241202.csv"
"SALES_S09_20241203.csv","S09","2024-12-03","0","C:\Users\ub02-glab-047\Downloads\data_2\data\sales\SALES_S09_20241203.csv"
"SALES_S09_20241204.csv","S09","2024-12-04","0","C:\Users\ub02-glab-047\Downloads\data_2\data\sales\SALES_S09_20241204.csv"
"SALES_S09_20241205.csv","S09","2024-12-05","0","C:\Users\ub02-glab-047\Downloads\data_2\data\sales\SALES_S09_20241205.csv"
"SALES_S09_20241206.csv","S09","2024-12-06","0","C:\Users\ub02-glab-047\Downloads\data_2\data\sales\SALES_S09_20241206.csv"
"SALES_S09_20241207.csv","S09","2024-12-07","0","C:\Users\ub02-glab-047\Downloads\data_2\data\sales\SALES_S09_20241207.csv"
"SALES_S09_20241208.csv","S09","2024-12-08","0","C:\Users\ub02-glab-047\Downloads\data_2\data\sales\SALES_S09_20241208.csv"
"SALES_S09_20241209.csv","S09","2024-12-09","0","C:\Users\ub02-glab-047\Downloads\data_2\data\sales\SALES_S09_20241209.csv"
"SALES_S09_20241210.csv","S09","2024-12-10","0","C:\Users\ub02-glab-047\Downloads\data_2\data\sales\SALES_S09_20241210.csv"
"SALES_S09_20241211.csv","S09","2024-12-11","0","C:\Users\ub02-glab-047\Downloads\data_2\data\sales\SALES_S09_20241211.csv"
"SALES_S09_20241212.csv","S09","2024-12-12","0","C:\Users\ub02-glab-047\Downloads\data_2\data\sales\SALES_S09_20241212.csv"
"SALES_S09_20241213.csv","S09","2024-12-13","0","C:\Users\ub02-glab-047\Downloads\data_2\data\sales\SALES_S09_20241213.csv"
"SALES_S09_20241214.csv","S09","2024-12-14","0","C:\Users\ub02-glab-047\Downloads\data_2\data\sales\SALES_S09_20241214.csv"
"SALES_S09_20241215.csv","S09","2024-12-15","0","C:\Users\ub02-glab-047\Downloads\data_2\data\sales\SALES_S09_20241215.csv"
"SALES_S09_20241216.csv","S09","2024-12-16","0","C:\Users\ub02-glab-047\Downloads\data_2\data\sales\SALES_S09_20241216.csv"
"SALES_S09_20241217.csv","S09","2024-12-17","0","C:\Users\ub02-glab-047\Downloads\data_2\data\sales\SALES_S09_20241217.csv"
"SALES_S09_20241218.csv","S09","2024-12-18","0","C:\Users\ub02-glab-047\Downloads\data_2\data\sales\SALES_S09_20241218.csv"
"SALES_S09_20241219.csv","S09","2024-12-19","0","C:\Users\ub02-glab-047\Downloads\data_2\data\sales\SALES_S09_20241219.csv"
"SALES_S09_20241220.csv","S09","2024-12-20","0","C:\Users\ub02-glab-047\Downloads\data_2\data\sales\SALES_S09_20241220.csv"
"SALES_S09_20241221.csv","S09","2024-12-21","0","C:\Users\ub02-glab-047\Downloads\data_2\data\sales\SALES_S09_20241221.csv"
"SALES_S09_20241222.csv","S09","2024-12-22","0","C:\Users\ub02-glab-047\Downloads\data_2\data\sales\SALES_S09_20241222.csv"
"SALES_S09_20241223.csv","S09","2024-12-23","0","C:\Users\ub02-glab-047\Downloads\data_2\data\sales\SALES_S09_20241223.csv"
"SALES_S09_20241224.csv","S09","2024-12-24","0","C:\Users\ub02-glab-047\Downloads\data_2\data\sales\SALES_S09_20241224.csv"
"SALES_S09_20241225.csv","S09","2024-12-25","0","C:\Users\ub02-glab-047\Downloads\data_2\data\sales\SALES_S09_20241225.csv"
"SALES_S09_20241226.csv","S09","2024-12-26","0","C:\Users\ub02-glab-047\Downloads\data_2\data\sales\SALES_S09_20241226.csv"
"SALES_S09_20241227.csv","S09","2024-12-27","0","C:\Users\ub02-glab-047\Downloads\data_2\data\sales\SALES_S09_20241227.csv"
"SALES_S09_20241228.csv","S09","2024-12-28","0","C:\Users\ub02-glab-047\Downloads\data_2\data\sales\SALES_S09_20241228.csv"
"SALES_S09_20241229.csv","S09","2024-12-29","0","C:\Users\ub02-glab-047\Downloads\data_2\data\sales\SALES_S09_20241229.csv"
"SALES_S09_20241230.csv","S09","2024-12-30","0","C:\Users\ub02-glab-047\Downloads\data_2\data\sales\SALES_S09_20241230.csv"
"SALES_S09_20241231.csv","S09","2024-12-31","0","C:\Users\ub02-glab-047\Downloads\data_2\data\sales\SALES_S09_20241231.csv"
"SALES_S10_20240101.csv","S10","2024-01-01","0","C:\Users\ub02-glab-047\Downloads\data_2\data\sales\SALES_S10_20240101.csv"
"SALES_S10_20240102.csv","S10","2024-01-02","0","C:\Users\ub02-glab-047\Downloads\data_2\data\sales\SALES_S10_20240102.csv"
"SALES_S10_20240103.csv","S10","2024-01-03","0","C:\Users\ub02-glab-047\Downloads\data_2\data\sales\SALES_S10_20240103.csv"
"SALES_S10_20240104.csv","S10","2024-01-04","0","C:\Users\ub02-glab-047\Downloads\data_2\data\sales\SALES_S10_20240104.csv"
"SALES_S10_20240105.csv","S10","2024-01-05","0","C:\Users\ub02-glab-047\Downloads\data_2\data\sales\SALES_S10_20240105.csv"
"SALES_S10_20240106.csv","S10","2024-01-06","0","C:\Users\ub02-glab-047\Downloads\data_2\data\sales\SALES_S10_20240106.csv"
"SALES_S10_20240107.csv","S10","2024-01-07","0","C:\Users\ub02-glab-047\Downloads\data_2\data\sales\SALES_S10_20240107.csv"
"SALES_S10_20240108.csv","S10","2024-01-08","0","C:\Users\ub02-glab-047\Downloads\data_2\data\sales\SALES_S10_20240108.csv"
"SALES_S10_20240109.csv","S10","2024-01-09","0","C:\Users\ub02-glab-047\Downloads\data_2\data\sales\SALES_S10_20240109.csv"
"SALES_S10_20240110.csv","S10","2024-01-10","0","C:\Users\ub02-glab-047\Downloads\data_2\data\sales\SALES_S10_20240110.csv"
"SALES_S10_20240111.csv","S10","2024-01-11","0","C:\Users\ub02-glab-047\Downloads\data_2\data\sales\SALES_S10_20240111.csv"
"SALES_S10_20240112.csv","S10","2024-01-12","0","C:\Users\ub02-glab-047\Downloads\data_2\data\sales\SALES_S10_20240112.csv"
"SALES_S10_20240113.csv","S10","2024-01-13","0","C:\Users\ub02-glab-047\Downloads\data_2\data\sales\SALES_S10_20240113.csv"
"SALES_S10_20240114.csv","S10","2024-01-14","0","C:\Users\ub02-glab-047\Downloads\data_2\data\sales\SALES_S10_20240114.csv"
"SALES_S10_20240115.csv","S10","2024-01-15","0","C:\Users\ub02-glab-047\Downloads\data_2\data\sales\SALES_S10_20240115.csv"
"SALES_S10_20240116.csv","S10","2024-01-16","0","C:\Users\ub02-glab-047\Downloads\data_2\data\sales\SALES_S10_20240116.csv"
"SALES_S10_20240117.csv","S10","2024-01-17","0","C:\Users\ub02-glab-047\Downloads\data_2\data\sales\SALES_S10_20240117.csv"
"SALES_S10_20240118.csv","S10","2024-01-18","0","C:\Users\ub02-glab-047\Downloads\data_2\data\sales\SALES_S10_20240118.csv"
"SALES_S10_20240119.csv","S10","2024-01-19","0","C:\Users\ub02-glab-047\Downloads\data_2\data\sales\SALES_S10_20240119.csv"
"SALES_S10_20240120.csv","S10","2024-01-20","0","C:\Users\ub02-glab-047\Downloads\data_2\data\sales\SALES_S10_20240120.csv"
"SALES_S10_20240121.csv","S10","2024-01-21","0","C:\Users\ub02-glab-047\Downloads\data_2\data\sales\SALES_S10_20240121.csv"
"SALES_S10_20240122.csv","S10","2024-01-22","0","C:\Users\ub02-glab-047\Downloads\data_2\data\sales\SALES_S10_20240122.csv"
"SALES_S10_20240123.csv","S10","2024-01-23","0","C:\Users\ub02-glab-047\Downloads\data_2\data\sales\SALES_S10_20240123.csv"
"SALES_S10_20240124.csv","S10","2024-01-24","0","C:\Users\ub02-glab-047\Downloads\data_2\data\sales\SALES_S10_20240124.csv"
"SALES_S10_20240125.csv","S10","2024-01-25","0","C:\Users\ub02-glab-047\Downloads\data_2\data\sales\SALES_S10_20240125.csv"
"SALES_S10_20240126.csv","S10","2024-01-26","0","C:\Users\ub02-glab-047\Downloads\data_2\data\sales\SALES_S10_20240126.csv"
"SALES_S10_20240127.csv","S10","2024-01-27","0","C:\Users\ub02-glab-047\Downloads\data_2\data\sales\SALES_S10_20240127.csv"
"SALES_S10_20240128.csv","S10","2024-01-28","0","C:\Users\ub02-glab-047\Downloads\data_2\data\sales\SALES_S10_20240128.csv"
"SALES_S10_20240129.csv","S10","2024-01-29","0","C:\Users\ub02-glab-047\Downloads\data_2\data\sales\SALES_S10_20240129.csv"
"SALES_S10_20240130.csv","S10","2024-01-30","0","C:\Users\ub02-glab-047\Downloads\data_2\data\sales\SALES_S10_20240130.csv"
"SALES_S10_20240131.csv","S10","2024-01-31","0","C:\Users\ub02-glab-047\Downloads\data_2\data\sales\SALES_S10_20240131.csv"
"SALES_S10_20240201.csv","S10","2024-02-01","0","C:\Users\ub02-glab-047\Downloads\data_2\data\sales\SALES_S10_20240201.csv"
"SALES_S10_20240202.csv","S10","2024-02-02","0","C:\Users\ub02-glab-047\Downloads\data_2\data\sales\SALES_S10_20240202.csv"
"SALES_S10_20240203.csv","S10","2024-02-03","0","C:\Users\ub02-glab-047\Downloads\data_2\data\sales\SALES_S10_20240203.csv"
"SALES_S10_20240204.csv","S10","2024-02-04","0","C:\Users\ub02-glab-047\Downloads\data_2\data\sales\SALES_S10_20240204.csv"
"SALES_S10_20240205.csv","S10","2024-02-05","0","C:\Users\ub02-glab-047\Downloads\data_2\data\sales\SALES_S10_20240205.csv"
"SALES_S10_20240206.csv","S10","2024-02-06","0","C:\Users\ub02-glab-047\Downloads\data_2\data\sales\SALES_S10_20240206.csv"
"SALES_S10_20240207.csv","S10","2024-02-07","0","C:\Users\ub02-glab-047\Downloads\data_2\data\sales\SALES_S10_20240207.csv"
"SALES_S10_20240208.csv","S10","2024-02-08","0","C:\Users\ub02-glab-047\Downloads\data_2\data\sales\SALES_S10_20240208.csv"
"SALES_S10_20240209.csv","S10","2024-02-09","0","C:\Users\ub02-glab-047\Downloads\data_2\data\sales\SALES_S10_20240209.csv"
"SALES_S10_20240210.csv","S10","2024-02-10","0","C:\Users\ub02-glab-047\Downloads\data_2\data\sales\SALES_S10_20240210.csv"
"SALES_S10_20240211.csv","S10","2024-02-11","0","C:\Users\ub02-glab-047\Downloads\data_2\data\sales\SALES_S10_20240211.csv"
"SALES_S10_20240212.csv","S10","2024-02-12","0","C:\Users\ub02-glab-047\Downloads\data_2\data\sales\SALES_S10_20240212.csv"
"SALES_S10_20240213.csv","S10","2024-02-13","0","C:\Users\ub02-glab-047\Downloads\data_2\data\sales\SALES_S10_20240213.csv"
"SALES_S10_20240214.csv","S10","2024-02-14","0","C:\Users\ub02-glab-047\Downloads\data_2\data\sales\SALES_S10_20240214.csv"
"SALES_S10_20240215.csv","S10","2024-02-15","0","C:\Users\ub02-glab-047\Downloads\data_2\data\sales\SALES_S10_20240215.csv"
"SALES_S10_20240216.csv","S10","2024-02-16","0","C:\Users\ub02-glab-047\Downloads\data_2\data\sales\SALES_S10_20240216.csv"
"SALES_S10_20240217.csv","S10","2024-02-17","0","C:\Users\ub02-glab-047\Downloads\data_2\data\sales\SALES_S10_20240217.csv"
"SALES_S10_20240218.csv","S10","2024-02-18","0","C:\Users\ub02-glab-047\Downloads\data_2\data\sales\SALES_S10_20240218.csv"
"SALES_S10_20240219.csv","S10","2024-02-19","0","C:\Users\ub02-glab-047\Downloads\data_2\data\sales\SALES_S10_20240219.csv"
"SALES_S10_20240220.csv","S10","2024-02-20","0","C:\Users\ub02-glab-047\Downloads\data_2\data\sales\SALES_S10_20240220.csv"
"SALES_S10_20240221.csv","S10","2024-02-21","0","C:\Users\ub02-glab-047\Downloads\data_2\data\sales\SALES_S10_20240221.csv"
"SALES_S10_20240222.csv","S10","2024-02-22","0","C:\Users\ub02-glab-047\Downloads\data_2\data\sales\SALES_S10_20240222.csv"
"SALES_S10_20240223.csv","S10","2024-02-23","0","C:\Users\ub02-glab-047\Downloads\data_2\data\sales\SALES_S10_20240223.csv"
"SALES_S10_20240224.csv","S10","2024-02-24","0","C:\Users\ub02-glab-047\Downloads\data_2\data\sales\SALES_S10_20240224.csv"
"SALES_S10_20240225.csv","S10","2024-02-25","0","C:\Users\ub02-glab-047\Downloads\data_2\data\sales\SALES_S10_20240225.csv"
"SALES_S10_20240226.csv","S10","2024-02-26","0","C:\Users\ub02-glab-047\Downloads\data_2\data\sales\SALES_S10_20240226.csv"
"SALES_S10_20240227.csv","S10","2024-02-27","0","C:\Users\ub02-glab-047\Downloads\data_2\data\sales\SALES_S10_20240227.csv"
"SALES_S10_20240228.csv","S10","2024-02-28","0","C:\Users\ub02-glab-047\Downloads\data_2\data\sales\SALES_S10_20240228.csv"
"SALES_S10_20240229.csv","S10","2024-02-29","0","C:\Users\ub02-glab-047\Downloads\data_2\data\sales\SALES_S10_20240229.csv"
"SALES_S10_20240301.csv","S10","2024-03-01","0","C:\Users\ub02-glab-047\Downloads\data_2\data\sales\SALES_S10_20240301.csv"
"SALES_S10_20240302.csv","S10","2024-03-02","0","C:\Users\ub02-glab-047\Downloads\data_2\data\sales\SALES_S10_20240302.csv"
"SALES_S10_20240303.csv","S10","2024-03-03","0","C:\Users\ub02-glab-047\Downloads\data_2\data\sales\SALES_S10_20240303.csv"
"SALES_S10_20240304.csv","S10","2024-03-04","0","C:\Users\ub02-glab-047\Downloads\data_2\data\sales\SALES_S10_20240304.csv"
"SALES_S10_20240305.csv","S10","2024-03-05","0","C:\Users\ub02-glab-047\Downloads\data_2\data\sales\SALES_S10_20240305.csv"
"SALES_S10_20240306.csv","S10","2024-03-06","0","C:\Users\ub02-glab-047\Downloads\data_2\data\sales\SALES_S10_20240306.csv"
"SALES_S10_20240307.csv","S10","2024-03-07","0","C:\Users\ub02-glab-047\Downloads\data_2\data\sales\SALES_S10_20240307.csv"
"SALES_S10_20240308.csv","S10","2024-03-08","0","C:\Users\ub02-glab-047\Downloads\data_2\data\sales\SALES_S10_20240308.csv"
"SALES_S10_20240309.csv","S10","2024-03-09","0","C:\Users\ub02-glab-047\Downloads\data_2\data\sales\SALES_S10_20240309.csv"
"SALES_S10_20240310.csv","S10","2024-03-10","0","C:\Users\ub02-glab-047\Downloads\data_2\data\sales\SALES_S10_20240310.csv"
"SALES_S10_20240311.csv","S10","2024-03-11","0","C:\Users\ub02-glab-047\Downloads\data_2\data\sales\SALES_S10_20240311.csv"
"SALES_S10_20240312.csv","S10","2024-03-12","0","C:\Users\ub02-glab-047\Downloads\data_2\data\sales\SALES_S10_20240312.csv"
"SALES_S10_20240313.csv","S10","2024-03-13","0","C:\Users\ub02-glab-047\Downloads\data_2\data\sales\SALES_S10_20240313.csv"
"SALES_S10_20240314.csv","S10","2024-03-14","0","C:\Users\ub02-glab-047\Downloads\data_2\data\sales\SALES_S10_20240314.csv"
"SALES_S10_20240315.csv","S10","2024-03-15","0","C:\Users\ub02-glab-047\Downloads\data_2\data\sales\SALES_S10_20240315.csv"
"SALES_S10_20240316.csv","S10","2024-03-16","0","C:\Users\ub02-glab-047\Downloads\data_2\data\sales\SALES_S10_20240316.csv"
"SALES_S10_20240317.csv","S10","2024-03-17","0","C:\Users\ub02-glab-047\Downloads\data_2\data\sales\SALES_S10_20240317.csv"
"SALES_S10_20240318.csv","S10","2024-03-18","0","C:\Users\ub02-glab-047\Downloads\data_2\data\sales\SALES_S10_20240318.csv"
"SALES_S10_20240319.csv","S10","2024-03-19","0","C:\Users\ub02-glab-047\Downloads\data_2\data\sales\SALES_S10_20240319.csv"
"SALES_S10_20240320.csv","S10","2024-03-20","0","C:\Users\ub02-glab-047\Downloads\data_2\data\sales\SALES_S10_20240320.csv"
"SALES_S10_20240321.csv","S10","2024-03-21","0","C:\Users\ub02-glab-047\Downloads\data_2\data\sales\SALES_S10_20240321.csv"
"SALES_S10_20240322.csv","S10","2024-03-22","0","C:\Users\ub02-glab-047\Downloads\data_2\data\sales\SALES_S10_20240322.csv"
"SALES_S10_20240323.csv","S10","2024-03-23","0","C:\Users\ub02-glab-047\Downloads\data_2\data\sales\SALES_S10_20240323.csv"
"SALES_S10_20240324.csv","S10","2024-03-24","0","C:\Users\ub02-glab-047\Downloads\data_2\data\sales\SALES_S10_20240324.csv"
"SALES_S10_20240325.csv","S10","2024-03-25","0","C:\Users\ub02-glab-047\Downloads\data_2\data\sales\SALES_S10_20240325.csv"
"SALES_S10_20240326.csv","S10","2024-03-26","0","C:\Users\ub02-glab-047\Downloads\data_2\data\sales\SALES_S10_20240326.csv"
"SALES_S10_20240327.csv","S10","2024-03-27","0","C:\Users\ub02-glab-047\Downloads\data_2\data\sales\SALES_S10_20240327.csv"
"SALES_S10_20240328.csv","S10","2024-03-28","0","C:\Users\ub02-glab-047\Downloads\data_2\data\sales\SALES_S10_20240328.csv"
"SALES_S10_20240329.csv","S10","2024-03-29","0","C:\Users\ub02-glab-047\Downloads\data_2\data\sales\SALES_S10_20240329.csv"
"SALES_S10_20240330.csv","S10","2024-03-30","0","C:\Users\ub02-glab-047\Downloads\data_2\data\sales\SALES_S10_20240330.csv"
"SALES_S10_20240331.csv","S10","2024-03-31","0","C:\Users\ub02-glab-047\Downloads\data_2\data\sales\SALES_S10_20240331.csv"
"SALES_S10_20240401.csv","S10","2024-04-01","0","C:\Users\ub02-glab-047\Downloads\data_2\data\sales\SALES_S10_20240401.csv"
"SALES_S10_20240402.csv","S10","2024-04-02","0","C:\Users\ub02-glab-047\Downloads\data_2\data\sales\SALES_S10_20240402.csv"
"SALES_S10_20240403.csv","S10","2024-04-03","0","C:\Users\ub02-glab-047\Downloads\data_2\data\sales\SALES_S10_20240403.csv"
"SALES_S10_20240404.csv","S10","2024-04-04","0","C:\Users\ub02-glab-047\Downloads\data_2\data\sales\SALES_S10_20240404.csv"
"SALES_S10_20240405.csv","S10","2024-04-05","0","C:\Users\ub02-glab-047\Downloads\data_2\data\sales\SALES_S10_20240405.csv"
"SALES_S10_20240406.csv","S10","2024-04-06","0","C:\Users\ub02-glab-047\Downloads\data_2\data\sales\SALES_S10_20240406.csv"
"SALES_S10_20240407.csv","S10","2024-04-07","0","C:\Users\ub02-glab-047\Downloads\data_2\data\sales\SALES_S10_20240407.csv"
"SALES_S10_20240408.csv","S10","2024-04-08","0","C:\Users\ub02-glab-047\Downloads\data_2\data\sales\SALES_S10_20240408.csv"
"SALES_S10_20240409.csv","S10","2024-04-09","0","C:\Users\ub02-glab-047\Downloads\data_2\data\sales\SALES_S10_20240409.csv"
"SALES_S10_20240410.csv","S10","2024-04-10","0","C:\Users\ub02-glab-047\Downloads\data_2\data\sales\SALES_S10_20240410.csv"
"SALES_S10_20240411.csv","S10","2024-04-11","0","C:\Users\ub02-glab-047\Downloads\data_2\data\sales\SALES_S10_20240411.csv"
"SALES_S10_20240412.csv","S10","2024-04-12","0","C:\Users\ub02-glab-047\Downloads\data_2\data\sales\SALES_S10_20240412.csv"
"SALES_S10_20240413.csv","S10","2024-04-13","0","C:\Users\ub02-glab-047\Downloads\data_2\data\sales\SALES_S10_20240413.csv"
"SALES_S10_20240414.csv","S10","2024-04-14","0","C:\Users\ub02-glab-047\Downloads\data_2\data\sales\SALES_S10_20240414.csv"
"SALES_S10_20240415.csv","S10","2024-04-15","0","C:\Users\ub02-glab-047\Downloads\data_2\data\sales\SALES_S10_20240415.csv"
"SALES_S10_20240416.csv","S10","2024-04-16","0","C:\Users\ub02-glab-047\Downloads\data_2\data\sales\SALES_S10_20240416.csv"
"SALES_S10_20240417.csv","S10","2024-04-17","0","C:\Users\ub02-glab-047\Downloads\data_2\data\sales\SALES_S10_20240417.csv"
"SALES_S10_20240418.csv","S10","2024-04-18","0","C:\Users\ub02-glab-047\Downloads\data_2\data\sales\SALES_S10_20240418.csv"
"SALES_S10_20240419.csv","S10","2024-04-19","0","C:\Users\ub02-glab-047\Downloads\data_2\data\sales\SALES_S10_20240419.csv"
"SALES_S10_20240420.csv","S10","2024-04-20","0","C:\Users\ub02-glab-047\Downloads\data_2\data\sales\SALES_S10_20240420.csv"
"SALES_S10_20240421.csv","S10","2024-04-21","0","C:\Users\ub02-glab-047\Downloads\data_2\data\sales\SALES_S10_20240421.csv"
"SALES_S10_20240422.csv","S10","2024-04-22","0","C:\Users\ub02-glab-047\Downloads\data_2\data\sales\SALES_S10_20240422.csv"
"SALES_S10_20240423.csv","S10","2024-04-23","0","C:\Users\ub02-glab-047\Downloads\data_2\data\sales\SALES_S10_20240423.csv"
"SALES_S10_20240424.csv","S10","2024-04-24","0","C:\Users\ub02-glab-047\Downloads\data_2\data\sales\SALES_S10_20240424.csv"
"SALES_S10_20240425.csv","S10","2024-04-25","0","C:\Users\ub02-glab-047\Downloads\data_2\data\sales\SALES_S10_20240425.csv"
"SALES_S10_20240426.csv","S10","2024-04-26","0","C:\Users\ub02-glab-047\Downloads\data_2\data\sales\SALES_S10_20240426.csv"
"SALES_S10_20240427.csv","S10","2024-04-27","0","C:\Users\ub02-glab-047\Downloads\data_2\data\sales\SALES_S10_20240427.csv"
"SALES_S10_20240428.csv","S10","2024-04-28","0","C:\Users\ub02-glab-047\Downloads\data_2\data\sales\SALES_S10_20240428.csv"
"SALES_S10_20240429.csv","S10","2024-04-29","0","C:\Users\ub02-glab-047\Downloads\data_2\data\sales\SALES_S10_20240429.csv"
"SALES_S10_20240430.csv","S10","2024-04-30","0","C:\Users\ub02-glab-047\Downloads\data_2\data\sales\SALES_S10_20240430.csv"
"SALES_S10_20240501.csv","S10","2024-05-01","0","C:\Users\ub02-glab-047\Downloads\data_2\data\sales\SALES_S10_20240501.csv"
"SALES_S10_20240502.csv","S10","2024-05-02","0","C:\Users\ub02-glab-047\Downloads\data_2\data\sales\SALES_S10_20240502.csv"
"SALES_S10_20240503.csv","S10","2024-05-03","0","C:\Users\ub02-glab-047\Downloads\data_2\data\sales\SALES_S10_20240503.csv"
"SALES_S10_20240504.csv","S10","2024-05-04","0","C:\Users\ub02-glab-047\Downloads\data_2\data\sales\SALES_S10_20240504.csv"
"SALES_S10_20240505.csv","S10","2024-05-05","0","C:\Users\ub02-glab-047\Downloads\data_2\data\sales\SALES_S10_20240505.csv"
"SALES_S10_20240506.csv","S10","2024-05-06","0","C:\Users\ub02-glab-047\Downloads\data_2\data\sales\SALES_S10_20240506.csv"
"SALES_S10_20240507.csv","S10","2024-05-07","0","C:\Users\ub02-glab-047\Downloads\data_2\data\sales\SALES_S10_20240507.csv"
"SALES_S10_20240508.csv","S10","2024-05-08","0","C:\Users\ub02-glab-047\Downloads\data_2\data\sales\SALES_S10_20240508.csv"
"SALES_S10_20240509.csv","S10","2024-05-09","0","C:\Users\ub02-glab-047\Downloads\data_2\data\sales\SALES_S10_20240509.csv"
"SALES_S10_20240510.csv","S10","2024-05-10","0","C:\Users\ub02-glab-047\Downloads\data_2\data\sales\SALES_S10_20240510.csv"
"SALES_S10_20240511.csv","S10","2024-05-11","0","C:\Users\ub02-glab-047\Downloads\data_2\data\sales\SALES_S10_20240511.csv"
"SALES_S10_20240512.csv","S10","2024-05-12","0","C:\Users\ub02-glab-047\Downloads\data_2\data\sales\SALES_S10_20240512.csv"
"SALES_S10_20240513.csv","S10","2024-05-13","0","C:\Users\ub02-glab-047\Downloads\data_2\data\sales\SALES_S10_20240513.csv"
"SALES_S10_20240514.csv","S10","2024-05-14","0","C:\Users\ub02-glab-047\Downloads\data_2\data\sales\SALES_S10_20240514.csv"
"SALES_S10_20240515.csv","S10","2024-05-15","0","C:\Users\ub02-glab-047\Downloads\data_2\data\sales\SALES_S10_20240515.csv"
"SALES_S10_20240516.csv","S10","2024-05-16","0","C:\Users\ub02-glab-047\Downloads\data_2\data\sales\SALES_S10_20240516.csv"
"SALES_S10_20240517.csv","S10","2024-05-17","0","C:\Users\ub02-glab-047\Downloads\data_2\data\sales\SALES_S10_20240517.csv"
"SALES_S10_20240518.csv","S10","2024-05-18","0","C:\Users\ub02-glab-047\Downloads\data_2\data\sales\SALES_S10_20240518.csv"
"SALES_S10_20240519.csv","S10","2024-05-19","0","C:\Users\ub02-glab-047\Downloads\data_2\data\sales\SALES_S10_20240519.csv"
"SALES_S10_20240519__R1.csv","S10","2024-05-19","1","C:\Users\ub02-glab-047\Downloads\data_2\data\sales\SALES_S10_20240519__R1.csv"
"SALES_S10_20240520.csv","S10","2024-05-20","0","C:\Users\ub02-glab-047\Downloads\data_2\data\sales\SALES_S10_20240520.csv"
"SALES_S10_20240521.csv","S10","2024-05-21","0","C:\Users\ub02-glab-047\Downloads\data_2\data\sales\SALES_S10_20240521.csv"
"SALES_S10_20240522.csv","S10","2024-05-22","0","C:\Users\ub02-glab-047\Downloads\data_2\data\sales\SALES_S10_20240522.csv"
"SALES_S10_20240523.csv","S10","2024-05-23","0","C:\Users\ub02-glab-047\Downloads\data_2\data\sales\SALES_S10_20240523.csv"
"SALES_S10_20240524.csv","S10","2024-05-24","0","C:\Users\ub02-glab-047\Downloads\data_2\data\sales\SALES_S10_20240524.csv"
"SALES_S10_20240525.csv","S10","2024-05-25","0","C:\Users\ub02-glab-047\Downloads\data_2\data\sales\SALES_S10_20240525.csv"
"SALES_S10_20240526.csv","S10","2024-05-26","0","C:\Users\ub02-glab-047\Downloads\data_2\data\sales\SALES_S10_20240526.csv"
"SALES_S10_20240527.csv","S10","2024-05-27","0","C:\Users\ub02-glab-047\Downloads\data_2\data\sales\SALES_S10_20240527.csv"
"SALES_S10_20240528.csv","S10","2024-05-28","0","C:\Users\ub02-glab-047\Downloads\data_2\data\sales\SALES_S10_20240528.csv"
"SALES_S10_20240529.csv","S10","2024-05-29","0","C:\Users\ub02-glab-047\Downloads\data_2\data\sales\SALES_S10_20240529.csv"
"SALES_S10_20240530.csv","S10","2024-05-30","0","C:\Users\ub02-glab-047\Downloads\data_2\data\sales\SALES_S10_20240530.csv"
"SALES_S10_20240531.csv","S10","2024-05-31","0","C:\Users\ub02-glab-047\Downloads\data_2\data\sales\SALES_S10_20240531.csv"
"SALES_S10_20240601.csv","S10","2024-06-01","0","C:\Users\ub02-glab-047\Downloads\data_2\data\sales\SALES_S10_20240601.csv"
"SALES_S10_20240602.csv","S10","2024-06-02","0","C:\Users\ub02-glab-047\Downloads\data_2\data\sales\SALES_S10_20240602.csv"
"SALES_S10_20240603.csv","S10","2024-06-03","0","C:\Users\ub02-glab-047\Downloads\data_2\data\sales\SALES_S10_20240603.csv"
"SALES_S10_20240604.csv","S10","2024-06-04","0","C:\Users\ub02-glab-047\Downloads\data_2\data\sales\SALES_S10_20240604.csv"
"SALES_S10_20240605.csv","S10","2024-06-05","0","C:\Users\ub02-glab-047\Downloads\data_2\data\sales\SALES_S10_20240605.csv"
"SALES_S10_20240606.csv","S10","2024-06-06","0","C:\Users\ub02-glab-047\Downloads\data_2\data\sales\SALES_S10_20240606.csv"
"SALES_S10_20240607.csv","S10","2024-06-07","0","C:\Users\ub02-glab-047\Downloads\data_2\data\sales\SALES_S10_20240607.csv"
"SALES_S10_20240608.csv","S10","2024-06-08","0","C:\Users\ub02-glab-047\Downloads\data_2\data\sales\SALES_S10_20240608.csv"
"SALES_S10_20240609.csv","S10","2024-06-09","0","C:\Users\ub02-glab-047\Downloads\data_2\data\sales\SALES_S10_20240609.csv"
"SALES_S10_20240610.csv","S10","2024-06-10","0","C:\Users\ub02-glab-047\Downloads\data_2\data\sales\SALES_S10_20240610.csv"
"SALES_S10_20240611.csv","S10","2024-06-11","0","C:\Users\ub02-glab-047\Downloads\data_2\data\sales\SALES_S10_20240611.csv"
"SALES_S10_20240612.csv","S10","2024-06-12","0","C:\Users\ub02-glab-047\Downloads\data_2\data\sales\SALES_S10_20240612.csv"
"SALES_S10_20240613.csv","S10","2024-06-13","0","C:\Users\ub02-glab-047\Downloads\data_2\data\sales\SALES_S10_20240613.csv"
"SALES_S10_20240614.csv","S10","2024-06-14","0","C:\Users\ub02-glab-047\Downloads\data_2\data\sales\SALES_S10_20240614.csv"
"SALES_S10_20240614__R1.csv","S10","2024-06-14","1","C:\Users\ub02-glab-047\Downloads\data_2\data\sales\SALES_S10_20240614__R1.csv"
"SALES_S10_20240615.csv","S10","2024-06-15","0","C:\Users\ub02-glab-047\Downloads\data_2\data\sales\SALES_S10_20240615.csv"
"SALES_S10_20240616.csv","S10","2024-06-16","0","C:\Users\ub02-glab-047\Downloads\data_2\data\sales\SALES_S10_20240616.csv"
"SALES_S10_20240617.csv","S10","2024-06-17","0","C:\Users\ub02-glab-047\Downloads\data_2\data\sales\SALES_S10_20240617.csv"
"SALES_S10_20240618.csv","S10","2024-06-18","0","C:\Users\ub02-glab-047\Downloads\data_2\data\sales\SALES_S10_20240618.csv"
"SALES_S10_20240619.csv","S10","2024-06-19","0","C:\Users\ub02-glab-047\Downloads\data_2\data\sales\SALES_S10_20240619.csv"
"SALES_S10_20240620.csv","S10","2024-06-20","0","C:\Users\ub02-glab-047\Downloads\data_2\data\sales\SALES_S10_20240620.csv"
"SALES_S10_20240621.csv","S10","2024-06-21","0","C:\Users\ub02-glab-047\Downloads\data_2\data\sales\SALES_S10_20240621.csv"
"SALES_S10_20240622.csv","S10","2024-06-22","0","C:\Users\ub02-glab-047\Downloads\data_2\data\sales\SALES_S10_20240622.csv"
"SALES_S10_20240623.csv","S10","2024-06-23","0","C:\Users\ub02-glab-047\Downloads\data_2\data\sales\SALES_S10_20240623.csv"
"SALES_S10_20240624.csv","S10","2024-06-24","0","C:\Users\ub02-glab-047\Downloads\data_2\data\sales\SALES_S10_20240624.csv"
"SALES_S10_20240625.csv","S10","2024-06-25","0","C:\Users\ub02-glab-047\Downloads\data_2\data\sales\SALES_S10_20240625.csv"
"SALES_S10_20240626.csv","S10","2024-06-26","0","C:\Users\ub02-glab-047\Downloads\data_2\data\sales\SALES_S10_20240626.csv"
"SALES_S10_20240627.csv","S10","2024-06-27","0","C:\Users\ub02-glab-047\Downloads\data_2\data\sales\SALES_S10_20240627.csv"
"SALES_S10_20240628.csv","S10","2024-06-28","0","C:\Users\ub02-glab-047\Downloads\data_2\data\sales\SALES_S10_20240628.csv"
"SALES_S10_20240629.csv","S10","2024-06-29","0","C:\Users\ub02-glab-047\Downloads\data_2\data\sales\SALES_S10_20240629.csv"
"SALES_S10_20240630.csv","S10","2024-06-30","0","C:\Users\ub02-glab-047\Downloads\data_2\data\sales\SALES_S10_20240630.csv"
"SALES_S10_20240701.csv","S10","2024-07-01","0","C:\Users\ub02-glab-047\Downloads\data_2\data\sales\SALES_S10_20240701.csv"
"SALES_S10_20240702.csv","S10","2024-07-02","0","C:\Users\ub02-glab-047\Downloads\data_2\data\sales\SALES_S10_20240702.csv"
"SALES_S10_20240703.csv","S10","2024-07-03","0","C:\Users\ub02-glab-047\Downloads\data_2\data\sales\SALES_S10_20240703.csv"
"SALES_S10_20240704.csv","S10","2024-07-04","0","C:\Users\ub02-glab-047\Downloads\data_2\data\sales\SALES_S10_20240704.csv"
"SALES_S10_20240705.csv","S10","2024-07-05","0","C:\Users\ub02-glab-047\Downloads\data_2\data\sales\SALES_S10_20240705.csv"
"SALES_S10_20240706.csv","S10","2024-07-06","0","C:\Users\ub02-glab-047\Downloads\data_2\data\sales\SALES_S10_20240706.csv"
"SALES_S10_20240707.csv","S10","2024-07-07","0","C:\Users\ub02-glab-047\Downloads\data_2\data\sales\SALES_S10_20240707.csv"
"SALES_S10_20240708.csv","S10","2024-07-08","0","C:\Users\ub02-glab-047\Downloads\data_2\data\sales\SALES_S10_20240708.csv"
"SALES_S10_20240709.csv","S10","2024-07-09","0","C:\Users\ub02-glab-047\Downloads\data_2\data\sales\SALES_S10_20240709.csv"
"SALES_S10_20240710.csv","S10","2024-07-10","0","C:\Users\ub02-glab-047\Downloads\data_2\data\sales\SALES_S10_20240710.csv"
"SALES_S10_20240711.csv","S10","2024-07-11","0","C:\Users\ub02-glab-047\Downloads\data_2\data\sales\SALES_S10_20240711.csv"
"SALES_S10_20240712.csv","S10","2024-07-12","0","C:\Users\ub02-glab-047\Downloads\data_2\data\sales\SALES_S10_20240712.csv"
"SALES_S10_20240713.csv","S10","2024-07-13","0","C:\Users\ub02-glab-047\Downloads\data_2\data\sales\SALES_S10_20240713.csv"
"SALES_S10_20240714.csv","S10","2024-07-14","0","C:\Users\ub02-glab-047\Downloads\data_2\data\sales\SALES_S10_20240714.csv"
"SALES_S10_20240715.csv","S10","2024-07-15","0","C:\Users\ub02-glab-047\Downloads\data_2\data\sales\SALES_S10_20240715.csv"
"SALES_S10_20240716.csv","S10","2024-07-16","0","C:\Users\ub02-glab-047\Downloads\data_2\data\sales\SALES_S10_20240716.csv"
"SALES_S10_20240717.csv","S10","2024-07-17","0","C:\Users\ub02-glab-047\Downloads\data_2\data\sales\SALES_S10_20240717.csv"
"SALES_S10_20240718.csv","S10","2024-07-18","0","C:\Users\ub02-glab-047\Downloads\data_2\data\sales\SALES_S10_20240718.csv"
"SALES_S10_20240719.csv","S10","2024-07-19","0","C:\Users\ub02-glab-047\Downloads\data_2\data\sales\SALES_S10_20240719.csv"
"SALES_S10_20240720.csv","S10","2024-07-20","0","C:\Users\ub02-glab-047\Downloads\data_2\data\sales\SALES_S10_20240720.csv"
"SALES_S10_20240721.csv","S10","2024-07-21","0","C:\Users\ub02-glab-047\Downloads\data_2\data\sales\SALES_S10_20240721.csv"
"SALES_S10_20240722.csv","S10","2024-07-22","0","C:\Users\ub02-glab-047\Downloads\data_2\data\sales\SALES_S10_20240722.csv"
"SALES_S10_20240723.csv","S10","2024-07-23","0","C:\Users\ub02-glab-047\Downloads\data_2\data\sales\SALES_S10_20240723.csv"
"SALES_S10_20240724.csv","S10","2024-07-24","0","C:\Users\ub02-glab-047\Downloads\data_2\data\sales\SALES_S10_20240724.csv"
"SALES_S10_20240725.csv","S10","2024-07-25","0","C:\Users\ub02-glab-047\Downloads\data_2\data\sales\SALES_S10_20240725.csv"
"SALES_S10_20240726.csv","S10","2024-07-26","0","C:\Users\ub02-glab-047\Downloads\data_2\data\sales\SALES_S10_20240726.csv"
"SALES_S10_20240727.csv","S10","2024-07-27","0","C:\Users\ub02-glab-047\Downloads\data_2\data\sales\SALES_S10_20240727.csv"
"SALES_S10_20240728.csv","S10","2024-07-28","0","C:\Users\ub02-glab-047\Downloads\data_2\data\sales\SALES_S10_20240728.csv"
"SALES_S10_20240729.csv","S10","2024-07-29","0","C:\Users\ub02-glab-047\Downloads\data_2\data\sales\SALES_S10_20240729.csv"
"SALES_S10_20240730.csv","S10","2024-07-30","0","C:\Users\ub02-glab-047\Downloads\data_2\data\sales\SALES_S10_20240730.csv"
"SALES_S10_20240731.csv","S10","2024-07-31","0","C:\Users\ub02-glab-047\Downloads\data_2\data\sales\SALES_S10_20240731.csv"
"SALES_S10_20240731__R1.csv","S10","2024-07-31","1","C:\Users\ub02-glab-047\Downloads\data_2\data\sales\SALES_S10_20240731__R1.csv"
"SALES_S10_20240731__R2.csv","S10","2024-07-31","2","C:\Users\ub02-glab-047\Downloads\data_2\data\sales\SALES_S10_20240731__R2.csv"
"SALES_S10_20240801.csv","S10","2024-08-01","0","C:\Users\ub02-glab-047\Downloads\data_2\data\sales\SALES_S10_20240801.csv"
"SALES_S10_20240802.csv","S10","2024-08-02","0","C:\Users\ub02-glab-047\Downloads\data_2\data\sales\SALES_S10_20240802.csv"
"SALES_S10_20240803.csv","S10","2024-08-03","0","C:\Users\ub02-glab-047\Downloads\data_2\data\sales\SALES_S10_20240803.csv"
"SALES_S10_20240804.csv","S10","2024-08-04","0","C:\Users\ub02-glab-047\Downloads\data_2\data\sales\SALES_S10_20240804.csv"
"SALES_S10_20240805.csv","S10","2024-08-05","0","C:\Users\ub02-glab-047\Downloads\data_2\data\sales\SALES_S10_20240805.csv"
"SALES_S10_20240806.csv","S10","2024-08-06","0","C:\Users\ub02-glab-047\Downloads\data_2\data\sales\SALES_S10_20240806.csv"
"SALES_S10_20240806__R1.csv","S10","2024-08-06","1","C:\Users\ub02-glab-047\Downloads\data_2\data\sales\SALES_S10_20240806__R1.csv"
"SALES_S10_20240807.csv","S10","2024-08-07","0","C:\Users\ub02-glab-047\Downloads\data_2\data\sales\SALES_S10_20240807.csv"
"SALES_S10_20240808.csv","S10","2024-08-08","0","C:\Users\ub02-glab-047\Downloads\data_2\data\sales\SALES_S10_20240808.csv"
"SALES_S10_20240809.csv","S10","2024-08-09","0","C:\Users\ub02-glab-047\Downloads\data_2\data\sales\SALES_S10_20240809.csv"
"SALES_S10_20240810.csv","S10","2024-08-10","0","C:\Users\ub02-glab-047\Downloads\data_2\data\sales\SALES_S10_20240810.csv"
"SALES_S10_20240811.csv","S10","2024-08-11","0","C:\Users\ub02-glab-047\Downloads\data_2\data\sales\SALES_S10_20240811.csv"
"SALES_S10_20240812.csv","S10","2024-08-12","0","C:\Users\ub02-glab-047\Downloads\data_2\data\sales\SALES_S10_20240812.csv"
"SALES_S10_20240813.csv","S10","2024-08-13","0","C:\Users\ub02-glab-047\Downloads\data_2\data\sales\SALES_S10_20240813.csv"
"SALES_S10_20240814.csv","S10","2024-08-14","0","C:\Users\ub02-glab-047\Downloads\data_2\data\sales\SALES_S10_20240814.csv"
"SALES_S10_20240815.csv","S10","2024-08-15","0","C:\Users\ub02-glab-047\Downloads\data_2\data\sales\SALES_S10_20240815.csv"
"SALES_S10_20240816.csv","S10","2024-08-16","0","C:\Users\ub02-glab-047\Downloads\data_2\data\sales\SALES_S10_20240816.csv"
"SALES_S10_20240817.csv","S10","2024-08-17","0","C:\Users\ub02-glab-047\Downloads\data_2\data\sales\SALES_S10_20240817.csv"
"SALES_S10_20240818.csv","S10","2024-08-18","0","C:\Users\ub02-glab-047\Downloads\data_2\data\sales\SALES_S10_20240818.csv"
"SALES_S10_20240819.csv","S10","2024-08-19","0","C:\Users\ub02-glab-047\Downloads\data_2\data\sales\SALES_S10_20240819.csv"
"SALES_S10_20240820.csv","S10","2024-08-20","0","C:\Users\ub02-glab-047\Downloads\data_2\data\sales\SALES_S10_20240820.csv"
"SALES_S10_20240821.csv","S10","2024-08-21","0","C:\Users\ub02-glab-047\Downloads\data_2\data\sales\SALES_S10_20240821.csv"
"SALES_S10_20240822.csv","S10","2024-08-22","0","C:\Users\ub02-glab-047\Downloads\data_2\data\sales\SALES_S10_20240822.csv"
"SALES_S10_20240823.csv","S10","2024-08-23","0","C:\Users\ub02-glab-047\Downloads\data_2\data\sales\SALES_S10_20240823.csv"
"SALES_S10_20240824.csv","S10","2024-08-24","0","C:\Users\ub02-glab-047\Downloads\data_2\data\sales\SALES_S10_20240824.csv"
"SALES_S10_20240825.csv","S10","2024-08-25","0","C:\Users\ub02-glab-047\Downloads\data_2\data\sales\SALES_S10_20240825.csv"
"SALES_S10_20240826.csv","S10","2024-08-26","0","C:\Users\ub02-glab-047\Downloads\data_2\data\sales\SALES_S10_20240826.csv"
"SALES_S10_20240827.csv","S10","2024-08-27","0","C:\Users\ub02-glab-047\Downloads\data_2\data\sales\SALES_S10_20240827.csv"
"SALES_S10_20240828.csv","S10","2024-08-28","0","C:\Users\ub02-glab-047\Downloads\data_2\data\sales\SALES_S10_20240828.csv"
"SALES_S10_20240829.csv","S10","2024-08-29","0","C:\Users\ub02-glab-047\Downloads\data_2\data\sales\SALES_S10_20240829.csv"
"SALES_S10_20240830.csv","S10","2024-08-30","0","C:\Users\ub02-glab-047\Downloads\data_2\data\sales\SALES_S10_20240830.csv"
"SALES_S10_20240831.csv","S10","2024-08-31","0","C:\Users\ub02-glab-047\Downloads\data_2\data\sales\SALES_S10_20240831.csv"
"SALES_S10_20240901.csv","S10","2024-09-01","0","C:\Users\ub02-glab-047\Downloads\data_2\data\sales\SALES_S10_20240901.csv"
"SALES_S10_20240902.csv","S10","2024-09-02","0","C:\Users\ub02-glab-047\Downloads\data_2\data\sales\SALES_S10_20240902.csv"
"SALES_S10_20240903.csv","S10","2024-09-03","0","C:\Users\ub02-glab-047\Downloads\data_2\data\sales\SALES_S10_20240903.csv"
"SALES_S10_20240904.csv","S10","2024-09-04","0","C:\Users\ub02-glab-047\Downloads\data_2\data\sales\SALES_S10_20240904.csv"
"SALES_S10_20240905.csv","S10","2024-09-05","0","C:\Users\ub02-glab-047\Downloads\data_2\data\sales\SALES_S10_20240905.csv"
"SALES_S10_20240906.csv","S10","2024-09-06","0","C:\Users\ub02-glab-047\Downloads\data_2\data\sales\SALES_S10_20240906.csv"
"SALES_S10_20240907.csv","S10","2024-09-07","0","C:\Users\ub02-glab-047\Downloads\data_2\data\sales\SALES_S10_20240907.csv"
"SALES_S10_20240908.csv","S10","2024-09-08","0","C:\Users\ub02-glab-047\Downloads\data_2\data\sales\SALES_S10_20240908.csv"
"SALES_S10_20240909.csv","S10","2024-09-09","0","C:\Users\ub02-glab-047\Downloads\data_2\data\sales\SALES_S10_20240909.csv"
"SALES_S10_20240910.csv","S10","2024-09-10","0","C:\Users\ub02-glab-047\Downloads\data_2\data\sales\SALES_S10_20240910.csv"
"SALES_S10_20240911.csv","S10","2024-09-11","0","C:\Users\ub02-glab-047\Downloads\data_2\data\sales\SALES_S10_20240911.csv"
"SALES_S10_20240912.csv","S10","2024-09-12","0","C:\Users\ub02-glab-047\Downloads\data_2\data\sales\SALES_S10_20240912.csv"
"SALES_S10_20240913.csv","S10","2024-09-13","0","C:\Users\ub02-glab-047\Downloads\data_2\data\sales\SALES_S10_20240913.csv"
"SALES_S10_20240914.csv","S10","2024-09-14","0","C:\Users\ub02-glab-047\Downloads\data_2\data\sales\SALES_S10_20240914.csv"
"SALES_S10_20240915.csv","S10","2024-09-15","0","C:\Users\ub02-glab-047\Downloads\data_2\data\sales\SALES_S10_20240915.csv"
"SALES_S10_20240916.csv","S10","2024-09-16","0","C:\Users\ub02-glab-047\Downloads\data_2\data\sales\SALES_S10_20240916.csv"
"SALES_S10_20240917.csv","S10","2024-09-17","0","C:\Users\ub02-glab-047\Downloads\data_2\data\sales\SALES_S10_20240917.csv"
"SALES_S10_20240918.csv","S10","2024-09-18","0","C:\Users\ub02-glab-047\Downloads\data_2\data\sales\SALES_S10_20240918.csv"
"SALES_S10_20240919.csv","S10","2024-09-19","0","C:\Users\ub02-glab-047\Downloads\data_2\data\sales\SALES_S10_20240919.csv"
"SALES_S10_20240920.csv","S10","2024-09-20","0","C:\Users\ub02-glab-047\Downloads\data_2\data\sales\SALES_S10_20240920.csv"
"SALES_S10_20240921.csv","S10","2024-09-21","0","C:\Users\ub02-glab-047\Downloads\data_2\data\sales\SALES_S10_20240921.csv"
"SALES_S10_20240922.csv","S10","2024-09-22","0","C:\Users\ub02-glab-047\Downloads\data_2\data\sales\SALES_S10_20240922.csv"
"SALES_S10_20240923.csv","S10","2024-09-23","0","C:\Users\ub02-glab-047\Downloads\data_2\data\sales\SALES_S10_20240923.csv"
"SALES_S10_20240924.csv","S10","2024-09-24","0","C:\Users\ub02-glab-047\Downloads\data_2\data\sales\SALES_S10_20240924.csv"
"SALES_S10_20240925.csv","S10","2024-09-25","0","C:\Users\ub02-glab-047\Downloads\data_2\data\sales\SALES_S10_20240925.csv"
"SALES_S10_20240926.csv","S10","2024-09-26","0","C:\Users\ub02-glab-047\Downloads\data_2\data\sales\SALES_S10_20240926.csv"
"SALES_S10_20240927.csv","S10","2024-09-27","0","C:\Users\ub02-glab-047\Downloads\data_2\data\sales\SALES_S10_20240927.csv"
"SALES_S10_20240928.csv","S10","2024-09-28","0","C:\Users\ub02-glab-047\Downloads\data_2\data\sales\SALES_S10_20240928.csv"
"SALES_S10_20240929.csv","S10","2024-09-29","0","C:\Users\ub02-glab-047\Downloads\data_2\data\sales\SALES_S10_20240929.csv"
"SALES_S10_20240930.csv","S10","2024-09-30","0","C:\Users\ub02-glab-047\Downloads\data_2\data\sales\SALES_S10_20240930.csv"
"SALES_S10_20241001.csv","S10","2024-10-01","0","C:\Users\ub02-glab-047\Downloads\data_2\data\sales\SALES_S10_20241001.csv"
"SALES_S10_20241002.csv","S10","2024-10-02","0","C:\Users\ub02-glab-047\Downloads\data_2\data\sales\SALES_S10_20241002.csv"
"SALES_S10_20241003.csv","S10","2024-10-03","0","C:\Users\ub02-glab-047\Downloads\data_2\data\sales\SALES_S10_20241003.csv"
"SALES_S10_20241004.csv","S10","2024-10-04","0","C:\Users\ub02-glab-047\Downloads\data_2\data\sales\SALES_S10_20241004.csv"
"SALES_S10_20241005.csv","S10","2024-10-05","0","C:\Users\ub02-glab-047\Downloads\data_2\data\sales\SALES_S10_20241005.csv"
"SALES_S10_20241006.csv","S10","2024-10-06","0","C:\Users\ub02-glab-047\Downloads\data_2\data\sales\SALES_S10_20241006.csv"
"SALES_S10_20241007.csv","S10","2024-10-07","0","C:\Users\ub02-glab-047\Downloads\data_2\data\sales\SALES_S10_20241007.csv"
"SALES_S10_20241008.csv","S10","2024-10-08","0","C:\Users\ub02-glab-047\Downloads\data_2\data\sales\SALES_S10_20241008.csv"
"SALES_S10_20241009.csv","S10","2024-10-09","0","C:\Users\ub02-glab-047\Downloads\data_2\data\sales\SALES_S10_20241009.csv"
"SALES_S10_20241010.csv","S10","2024-10-10","0","C:\Users\ub02-glab-047\Downloads\data_2\data\sales\SALES_S10_20241010.csv"
"SALES_S10_20241011.csv","S10","2024-10-11","0","C:\Users\ub02-glab-047\Downloads\data_2\data\sales\SALES_S10_20241011.csv"
"SALES_S10_20241012.csv","S10","2024-10-12","0","C:\Users\ub02-glab-047\Downloads\data_2\data\sales\SALES_S10_20241012.csv"
"SALES_S10_20241013.csv","S10","2024-10-13","0","C:\Users\ub02-glab-047\Downloads\data_2\data\sales\SALES_S10_20241013.csv"
"SALES_S10_20241014.csv","S10","2024-10-14","0","C:\Users\ub02-glab-047\Downloads\data_2\data\sales\SALES_S10_20241014.csv"
"SALES_S10_20241015.csv","S10","2024-10-15","0","C:\Users\ub02-glab-047\Downloads\data_2\data\sales\SALES_S10_20241015.csv"
"SALES_S10_20241016.csv","S10","2024-10-16","0","C:\Users\ub02-glab-047\Downloads\data_2\data\sales\SALES_S10_20241016.csv"
"SALES_S10_20241017.csv","S10","2024-10-17","0","C:\Users\ub02-glab-047\Downloads\data_2\data\sales\SALES_S10_20241017.csv"
"SALES_S10_20241018.csv","S10","2024-10-18","0","C:\Users\ub02-glab-047\Downloads\data_2\data\sales\SALES_S10_20241018.csv"
"SALES_S10_20241019.csv","S10","2024-10-19","0","C:\Users\ub02-glab-047\Downloads\data_2\data\sales\SALES_S10_20241019.csv"
"SALES_S10_20241020.csv","S10","2024-10-20","0","C:\Users\ub02-glab-047\Downloads\data_2\data\sales\SALES_S10_20241020.csv"
"SALES_S10_20241021.csv","S10","2024-10-21","0","C:\Users\ub02-glab-047\Downloads\data_2\data\sales\SALES_S10_20241021.csv"
"SALES_S10_20241022.csv","S10","2024-10-22","0","C:\Users\ub02-glab-047\Downloads\data_2\data\sales\SALES_S10_20241022.csv"
"SALES_S10_20241023.csv","S10","2024-10-23","0","C:\Users\ub02-glab-047\Downloads\data_2\data\sales\SALES_S10_20241023.csv"
"SALES_S10_20241024.csv","S10","2024-10-24","0","C:\Users\ub02-glab-047\Downloads\data_2\data\sales\SALES_S10_20241024.csv"
"SALES_S10_20241025.csv","S10","2024-10-25","0","C:\Users\ub02-glab-047\Downloads\data_2\data\sales\SALES_S10_20241025.csv"
"SALES_S10_20241026.csv","S10","2024-10-26","0","C:\Users\ub02-glab-047\Downloads\data_2\data\sales\SALES_S10_20241026.csv"
"SALES_S10_20241027.csv","S10","2024-10-27","0","C:\Users\ub02-glab-047\Downloads\data_2\data\sales\SALES_S10_20241027.csv"
"SALES_S10_20241028.csv","S10","2024-10-28","0","C:\Users\ub02-glab-047\Downloads\data_2\data\sales\SALES_S10_20241028.csv"
"SALES_S10_20241029.csv","S10","2024-10-29","0","C:\Users\ub02-glab-047\Downloads\data_2\data\sales\SALES_S10_20241029.csv"
"SALES_S10_20241030.csv","S10","2024-10-30","0","C:\Users\ub02-glab-047\Downloads\data_2\data\sales\SALES_S10_20241030.csv"
"SALES_S10_20241031.csv","S10","2024-10-31","0","C:\Users\ub02-glab-047\Downloads\data_2\data\sales\SALES_S10_20241031.csv"
"SALES_S10_20241101.csv","S10","2024-11-01","0","C:\Users\ub02-glab-047\Downloads\data_2\data\sales\SALES_S10_20241101.csv"
"SALES_S10_20241102.csv","S10","2024-11-02","0","C:\Users\ub02-glab-047\Downloads\data_2\data\sales\SALES_S10_20241102.csv"
"SALES_S10_20241103.csv","S10","2024-11-03","0","C:\Users\ub02-glab-047\Downloads\data_2\data\sales\SALES_S10_20241103.csv"
"SALES_S10_20241104.csv","S10","2024-11-04","0","C:\Users\ub02-glab-047\Downloads\data_2\data\sales\SALES_S10_20241104.csv"
"SALES_S10_20241105.csv","S10","2024-11-05","0","C:\Users\ub02-glab-047\Downloads\data_2\data\sales\SALES_S10_20241105.csv"
"SALES_S10_20241106.csv","S10","2024-11-06","0","C:\Users\ub02-glab-047\Downloads\data_2\data\sales\SALES_S10_20241106.csv"
"SALES_S10_20241107.csv","S10","2024-11-07","0","C:\Users\ub02-glab-047\Downloads\data_2\data\sales\SALES_S10_20241107.csv"
"SALES_S10_20241108.csv","S10","2024-11-08","0","C:\Users\ub02-glab-047\Downloads\data_2\data\sales\SALES_S10_20241108.csv"
"SALES_S10_20241108__R1.csv","S10","2024-11-08","1","C:\Users\ub02-glab-047\Downloads\data_2\data\sales\SALES_S10_20241108__R1.csv"
"SALES_S10_20241109.csv","S10","2024-11-09","0","C:\Users\ub02-glab-047\Downloads\data_2\data\sales\SALES_S10_20241109.csv"
"SALES_S10_20241110.csv","S10","2024-11-10","0","C:\Users\ub02-glab-047\Downloads\data_2\data\sales\SALES_S10_20241110.csv"
"SALES_S10_20241111.csv","S10","2024-11-11","0","C:\Users\ub02-glab-047\Downloads\data_2\data\sales\SALES_S10_20241111.csv"
"SALES_S10_20241112.csv","S10","2024-11-12","0","C:\Users\ub02-glab-047\Downloads\data_2\data\sales\SALES_S10_20241112.csv"
"SALES_S10_20241113.csv","S10","2024-11-13","0","C:\Users\ub02-glab-047\Downloads\data_2\data\sales\SALES_S10_20241113.csv"
"SALES_S10_20241114.csv","S10","2024-11-14","0","C:\Users\ub02-glab-047\Downloads\data_2\data\sales\SALES_S10_20241114.csv"
"SALES_S10_20241115.csv","S10","2024-11-15","0","C:\Users\ub02-glab-047\Downloads\data_2\data\sales\SALES_S10_20241115.csv"
"SALES_S10_20241116.csv","S10","2024-11-16","0","C:\Users\ub02-glab-047\Downloads\data_2\data\sales\SALES_S10_20241116.csv"
"SALES_S10_20241117.csv","S10","2024-11-17","0","C:\Users\ub02-glab-047\Downloads\data_2\data\sales\SALES_S10_20241117.csv"
"SALES_S10_20241118.csv","S10","2024-11-18","0","C:\Users\ub02-glab-047\Downloads\data_2\data\sales\SALES_S10_20241118.csv"
"SALES_S10_20241119.csv","S10","2024-11-19","0","C:\Users\ub02-glab-047\Downloads\data_2\data\sales\SALES_S10_20241119.csv"
"SALES_S10_20241120.csv","S10","2024-11-20","0","C:\Users\ub02-glab-047\Downloads\data_2\data\sales\SALES_S10_20241120.csv"
"SALES_S10_20241121.csv","S10","2024-11-21","0","C:\Users\ub02-glab-047\Downloads\data_2\data\sales\SALES_S10_20241121.csv"
"SALES_S10_20241122.csv","S10","2024-11-22","0","C:\Users\ub02-glab-047\Downloads\data_2\data\sales\SALES_S10_20241122.csv"
"SALES_S10_20241122__R1.csv","S10","2024-11-22","1","C:\Users\ub02-glab-047\Downloads\data_2\data\sales\SALES_S10_20241122__R1.csv"
"SALES_S10_20241122__R2.csv","S10","2024-11-22","2","C:\Users\ub02-glab-047\Downloads\data_2\data\sales\SALES_S10_20241122__R2.csv"
"SALES_S10_20241123.csv","S10","2024-11-23","0","C:\Users\ub02-glab-047\Downloads\data_2\data\sales\SALES_S10_20241123.csv"
"SALES_S10_20241124.csv","S10","2024-11-24","0","C:\Users\ub02-glab-047\Downloads\data_2\data\sales\SALES_S10_20241124.csv"
"SALES_S10_20241125.csv","S10","2024-11-25","0","C:\Users\ub02-glab-047\Downloads\data_2\data\sales\SALES_S10_20241125.csv"
"SALES_S10_20241126.csv","S10","2024-11-26","0","C:\Users\ub02-glab-047\Downloads\data_2\data\sales\SALES_S10_20241126.csv"
"SALES_S10_20241127.csv","S10","2024-11-27","0","C:\Users\ub02-glab-047\Downloads\data_2\data\sales\SALES_S10_20241127.csv"
"SALES_S10_20241128.csv","S10","2024-11-28","0","C:\Users\ub02-glab-047\Downloads\data_2\data\sales\SALES_S10_20241128.csv"
"SALES_S10_20241129.csv","S10","2024-11-29","0","C:\Users\ub02-glab-047\Downloads\data_2\data\sales\SALES_S10_20241129.csv"
"SALES_S10_20241130.csv","S10","2024-11-30","0","C:\Users\ub02-glab-047\Downloads\data_2\data\sales\SALES_S10_20241130.csv"
"SALES_S10_20241201.csv","S10","2024-12-01","0","C:\Users\ub02-glab-047\Downloads\data_2\data\sales\SALES_S10_20241201.csv"
"SALES_S10_20241202.csv","S10","2024-12-02","0","C:\Users\ub02-glab-047\Downloads\data_2\data\sales\SALES_S10_20241202.csv"
"SALES_S10_20241203.csv","S10","2024-12-03","0","C:\Users\ub02-glab-047\Downloads\data_2\data\sales\SALES_S10_20241203.csv"
"SALES_S10_20241204.csv","S10","2024-12-04","0","C:\Users\ub02-glab-047\Downloads\data_2\data\sales\SALES_S10_20241204.csv"
"SALES_S10_20241205.csv","S10","2024-12-05","0","C:\Users\ub02-glab-047\Downloads\data_2\data\sales\SALES_S10_20241205.csv"
"SALES_S10_20241206.csv","S10","2024-12-06","0","C:\Users\ub02-glab-047\Downloads\data_2\data\sales\SALES_S10_20241206.csv"
"SALES_S10_20241207.csv","S10","2024-12-07","0","C:\Users\ub02-glab-047\Downloads\data_2\data\sales\SALES_S10_20241207.csv"
"SALES_S10_20241208.csv","S10","2024-12-08","0","C:\Users\ub02-glab-047\Downloads\data_2\data\sales\SALES_S10_20241208.csv"
"SALES_S10_20241209.csv","S10","2024-12-09","0","C:\Users\ub02-glab-047\Downloads\data_2\data\sales\SALES_S10_20241209.csv"
"SALES_S10_20241210.csv","S10","2024-12-10","0","C:\Users\ub02-glab-047\Downloads\data_2\data\sales\SALES_S10_20241210.csv"
"SALES_S10_20241211.csv","S10","2024-12-11","0","C:\Users\ub02-glab-047\Downloads\data_2\data\sales\SALES_S10_20241211.csv"
"SALES_S10_20241212.csv","S10","2024-12-12","0","C:\Users\ub02-glab-047\Downloads\data_2\data\sales\SALES_S10_20241212.csv"
"SALES_S10_20241213.csv","S10","2024-12-13","0","C:\Users\ub02-glab-047\Downloads\data_2\data\sales\SALES_S10_20241213.csv"
"SALES_S10_20241214.csv","S10","2024-12-14","0","C:\Users\ub02-glab-047\Downloads\data_2\data\sales\SALES_S10_20241214.csv"
"SALES_S10_20241215.csv","S10","2024-12-15","0","C:\Users\ub02-glab-047\Downloads\data_2\data\sales\SALES_S10_20241215.csv"
"SALES_S10_20241216.csv","S10","2024-12-16","0","C:\Users\ub02-glab-047\Downloads\data_2\data\sales\SALES_S10_20241216.csv"
"SALES_S10_20241217.csv","S10","2024-12-17","0","C:\Users\ub02-glab-047\Downloads\data_2\data\sales\SALES_S10_20241217.csv"
"SALES_S10_20241218.csv","S10","2024-12-18","0","C:\Users\ub02-glab-047\Downloads\data_2\data\sales\SALES_S10_20241218.csv"
"SALES_S10_20241219.csv","S10","2024-12-19","0","C:\Users\ub02-glab-047\Downloads\data_2\data\sales\SALES_S10_20241219.csv"
"SALES_S10_20241220.csv","S10","2024-12-20","0","C:\Users\ub02-glab-047\Downloads\data_2\data\sales\SALES_S10_20241220.csv"
"SALES_S10_20241221.csv","S10","2024-12-21","0","C:\Users\ub02-glab-047\Downloads\data_2\data\sales\SALES_S10_20241221.csv"
"SALES_S10_20241222.csv","S10","2024-12-22","0","C:\Users\ub02-glab-047\Downloads\data_2\data\sales\SALES_S10_20241222.csv"
"SALES_S10_20241223.csv","S10","2024-12-23","0","C:\Users\ub02-glab-047\Downloads\data_2\data\sales\SALES_S10_20241223.csv"
"SALES_S10_20241224.csv","S10","2024-12-24","0","C:\Users\ub02-glab-047\Downloads\data_2\data\sales\SALES_S10_20241224.csv"
"SALES_S10_20241225.csv","S10","2024-12-25","0","C:\Users\ub02-glab-047\Downloads\data_2\data\sales\SALES_S10_20241225.csv"
"SALES_S10_20241226.csv","S10","2024-12-26","0","C:\Users\ub02-glab-047\Downloads\data_2\data\sales\SALES_S10_20241226.csv"
"SALES_S10_20241227.csv","S10","2024-12-27","0","C:\Users\ub02-glab-047\Downloads\data_2\data\sales\SALES_S10_20241227.csv"
"SALES_S10_20241228.csv","S10","2024-12-28","0","C:\Users\ub02-glab-047\Downloads\data_2\data\sales\SALES_S10_20241228.csv"
"SALES_S10_20241229.csv","S10","2024-12-29","0","C:\Users\ub02-glab-047\Downloads\data_2\data\sales\SALES_S10_20241229.csv"
"SALES_S10_20241230.csv","S10","2024-12-30","0","C:\Users\ub02-glab-047\Downloads\data_2\data\sales\SALES_S10_20241230.csv"
"SALES_S10_20241231.csv","S10","2024-12-31","0","C:\Users\ub02-glab-047\Downloads\data_2\data\sales\SALES_S10_20241231.csv"
"SALES_S11_20240101.csv","S11","2024-01-01","0","C:\Users\ub02-glab-047\Downloads\data_2\data\sales\SALES_S11_20240101.csv"
"SALES_S11_20240102.csv","S11","2024-01-02","0","C:\Users\ub02-glab-047\Downloads\data_2\data\sales\SALES_S11_20240102.csv"
"SALES_S11_20240103.csv","S11","2024-01-03","0","C:\Users\ub02-glab-047\Downloads\data_2\data\sales\SALES_S11_20240103.csv"
"SALES_S11_20240104.csv","S11","2024-01-04","0","C:\Users\ub02-glab-047\Downloads\data_2\data\sales\SALES_S11_20240104.csv"
"SALES_S11_20240105.csv","S11","2024-01-05","0","C:\Users\ub02-glab-047\Downloads\data_2\data\sales\SALES_S11_20240105.csv"
"SALES_S11_20240106.csv","S11","2024-01-06","0","C:\Users\ub02-glab-047\Downloads\data_2\data\sales\SALES_S11_20240106.csv"
"SALES_S11_20240107.csv","S11","2024-01-07","0","C:\Users\ub02-glab-047\Downloads\data_2\data\sales\SALES_S11_20240107.csv"
"SALES_S11_20240108.csv","S11","2024-01-08","0","C:\Users\ub02-glab-047\Downloads\data_2\data\sales\SALES_S11_20240108.csv"
"SALES_S11_20240109.csv","S11","2024-01-09","0","C:\Users\ub02-glab-047\Downloads\data_2\data\sales\SALES_S11_20240109.csv"
"SALES_S11_20240110.csv","S11","2024-01-10","0","C:\Users\ub02-glab-047\Downloads\data_2\data\sales\SALES_S11_20240110.csv"
"SALES_S11_20240111.csv","S11","2024-01-11","0","C:\Users\ub02-glab-047\Downloads\data_2\data\sales\SALES_S11_20240111.csv"
"SALES_S11_20240112.csv","S11","2024-01-12","0","C:\Users\ub02-glab-047\Downloads\data_2\data\sales\SALES_S11_20240112.csv"
"SALES_S11_20240113.csv","S11","2024-01-13","0","C:\Users\ub02-glab-047\Downloads\data_2\data\sales\SALES_S11_20240113.csv"
"SALES_S11_20240114.csv","S11","2024-01-14","0","C:\Users\ub02-glab-047\Downloads\data_2\data\sales\SALES_S11_20240114.csv"
"SALES_S11_20240115.csv","S11","2024-01-15","0","C:\Users\ub02-glab-047\Downloads\data_2\data\sales\SALES_S11_20240115.csv"
"SALES_S11_20240116.csv","S11","2024-01-16","0","C:\Users\ub02-glab-047\Downloads\data_2\data\sales\SALES_S11_20240116.csv"
"SALES_S11_20240117.csv","S11","2024-01-17","0","C:\Users\ub02-glab-047\Downloads\data_2\data\sales\SALES_S11_20240117.csv"
"SALES_S11_20240118.csv","S11","2024-01-18","0","C:\Users\ub02-glab-047\Downloads\data_2\data\sales\SALES_S11_20240118.csv"
"SALES_S11_20240119.csv","S11","2024-01-19","0","C:\Users\ub02-glab-047\Downloads\data_2\data\sales\SALES_S11_20240119.csv"
"SALES_S11_20240120.csv","S11","2024-01-20","0","C:\Users\ub02-glab-047\Downloads\data_2\data\sales\SALES_S11_20240120.csv"
"SALES_S11_20240121.csv","S11","2024-01-21","0","C:\Users\ub02-glab-047\Downloads\data_2\data\sales\SALES_S11_20240121.csv"
"SALES_S11_20240122.csv","S11","2024-01-22","0","C:\Users\ub02-glab-047\Downloads\data_2\data\sales\SALES_S11_20240122.csv"
"SALES_S11_20240123.csv","S11","2024-01-23","0","C:\Users\ub02-glab-047\Downloads\data_2\data\sales\SALES_S11_20240123.csv"
"SALES_S11_20240124.csv","S11","2024-01-24","0","C:\Users\ub02-glab-047\Downloads\data_2\data\sales\SALES_S11_20240124.csv"
"SALES_S11_20240125.csv","S11","2024-01-25","0","C:\Users\ub02-glab-047\Downloads\data_2\data\sales\SALES_S11_20240125.csv"
"SALES_S11_20240126.csv","S11","2024-01-26","0","C:\Users\ub02-glab-047\Downloads\data_2\data\sales\SALES_S11_20240126.csv"
"SALES_S11_20240127.csv","S11","2024-01-27","0","C:\Users\ub02-glab-047\Downloads\data_2\data\sales\SALES_S11_20240127.csv"
"SALES_S11_20240128.csv","S11","2024-01-28","0","C:\Users\ub02-glab-047\Downloads\data_2\data\sales\SALES_S11_20240128.csv"
"SALES_S11_20240129.csv","S11","2024-01-29","0","C:\Users\ub02-glab-047\Downloads\data_2\data\sales\SALES_S11_20240129.csv"
"SALES_S11_20240130.csv","S11","2024-01-30","0","C:\Users\ub02-glab-047\Downloads\data_2\data\sales\SALES_S11_20240130.csv"
"SALES_S11_20240131.csv","S11","2024-01-31","0","C:\Users\ub02-glab-047\Downloads\data_2\data\sales\SALES_S11_20240131.csv"
"SALES_S11_20240201.csv","S11","2024-02-01","0","C:\Users\ub02-glab-047\Downloads\data_2\data\sales\SALES_S11_20240201.csv"
"SALES_S11_20240202.csv","S11","2024-02-02","0","C:\Users\ub02-glab-047\Downloads\data_2\data\sales\SALES_S11_20240202.csv"
"SALES_S11_20240203.csv","S11","2024-02-03","0","C:\Users\ub02-glab-047\Downloads\data_2\data\sales\SALES_S11_20240203.csv"
"SALES_S11_20240204.csv","S11","2024-02-04","0","C:\Users\ub02-glab-047\Downloads\data_2\data\sales\SALES_S11_20240204.csv"
"SALES_S11_20240205.csv","S11","2024-02-05","0","C:\Users\ub02-glab-047\Downloads\data_2\data\sales\SALES_S11_20240205.csv"
"SALES_S11_20240206.csv","S11","2024-02-06","0","C:\Users\ub02-glab-047\Downloads\data_2\data\sales\SALES_S11_20240206.csv"
"SALES_S11_20240207.csv","S11","2024-02-07","0","C:\Users\ub02-glab-047\Downloads\data_2\data\sales\SALES_S11_20240207.csv"
"SALES_S11_20240208.csv","S11","2024-02-08","0","C:\Users\ub02-glab-047\Downloads\data_2\data\sales\SALES_S11_20240208.csv"
"SALES_S11_20240209.csv","S11","2024-02-09","0","C:\Users\ub02-glab-047\Downloads\data_2\data\sales\SALES_S11_20240209.csv"
"SALES_S11_20240210.csv","S11","2024-02-10","0","C:\Users\ub02-glab-047\Downloads\data_2\data\sales\SALES_S11_20240210.csv"
"SALES_S11_20240211.csv","S11","2024-02-11","0","C:\Users\ub02-glab-047\Downloads\data_2\data\sales\SALES_S11_20240211.csv"
"SALES_S11_20240212.csv","S11","2024-02-12","0","C:\Users\ub02-glab-047\Downloads\data_2\data\sales\SALES_S11_20240212.csv"
"SALES_S11_20240213.csv","S11","2024-02-13","0","C:\Users\ub02-glab-047\Downloads\data_2\data\sales\SALES_S11_20240213.csv"
"SALES_S11_20240214.csv","S11","2024-02-14","0","C:\Users\ub02-glab-047\Downloads\data_2\data\sales\SALES_S11_20240214.csv"
"SALES_S11_20240215.csv","S11","2024-02-15","0","C:\Users\ub02-glab-047\Downloads\data_2\data\sales\SALES_S11_20240215.csv"
"SALES_S11_20240216.csv","S11","2024-02-16","0","C:\Users\ub02-glab-047\Downloads\data_2\data\sales\SALES_S11_20240216.csv"
"SALES_S11_20240217.csv","S11","2024-02-17","0","C:\Users\ub02-glab-047\Downloads\data_2\data\sales\SALES_S11_20240217.csv"
"SALES_S11_20240218.csv","S11","2024-02-18","0","C:\Users\ub02-glab-047\Downloads\data_2\data\sales\SALES_S11_20240218.csv"
"SALES_S11_20240219.csv","S11","2024-02-19","0","C:\Users\ub02-glab-047\Downloads\data_2\data\sales\SALES_S11_20240219.csv"
"SALES_S11_20240220.csv","S11","2024-02-20","0","C:\Users\ub02-glab-047\Downloads\data_2\data\sales\SALES_S11_20240220.csv"
"SALES_S11_20240221.csv","S11","2024-02-21","0","C:\Users\ub02-glab-047\Downloads\data_2\data\sales\SALES_S11_20240221.csv"
"SALES_S11_20240222.csv","S11","2024-02-22","0","C:\Users\ub02-glab-047\Downloads\data_2\data\sales\SALES_S11_20240222.csv"
"SALES_S11_20240223.csv","S11","2024-02-23","0","C:\Users\ub02-glab-047\Downloads\data_2\data\sales\SALES_S11_20240223.csv"
"SALES_S11_20240224.csv","S11","2024-02-24","0","C:\Users\ub02-glab-047\Downloads\data_2\data\sales\SALES_S11_20240224.csv"
"SALES_S11_20240225.csv","S11","2024-02-25","0","C:\Users\ub02-glab-047\Downloads\data_2\data\sales\SALES_S11_20240225.csv"
"SALES_S11_20240226.csv","S11","2024-02-26","0","C:\Users\ub02-glab-047\Downloads\data_2\data\sales\SALES_S11_20240226.csv"
"SALES_S11_20240227.csv","S11","2024-02-27","0","C:\Users\ub02-glab-047\Downloads\data_2\data\sales\SALES_S11_20240227.csv"
"SALES_S11_20240228.csv","S11","2024-02-28","0","C:\Users\ub02-glab-047\Downloads\data_2\data\sales\SALES_S11_20240228.csv"
"SALES_S11_20240229.csv","S11","2024-02-29","0","C:\Users\ub02-glab-047\Downloads\data_2\data\sales\SALES_S11_20240229.csv"
"SALES_S11_20240301.csv","S11","2024-03-01","0","C:\Users\ub02-glab-047\Downloads\data_2\data\sales\SALES_S11_20240301.csv"
"SALES_S11_20240302.csv","S11","2024-03-02","0","C:\Users\ub02-glab-047\Downloads\data_2\data\sales\SALES_S11_20240302.csv"
"SALES_S11_20240303.csv","S11","2024-03-03","0","C:\Users\ub02-glab-047\Downloads\data_2\data\sales\SALES_S11_20240303.csv"
"SALES_S11_20240304.csv","S11","2024-03-04","0","C:\Users\ub02-glab-047\Downloads\data_2\data\sales\SALES_S11_20240304.csv"
"SALES_S11_20240305.csv","S11","2024-03-05","0","C:\Users\ub02-glab-047\Downloads\data_2\data\sales\SALES_S11_20240305.csv"
"SALES_S11_20240306.csv","S11","2024-03-06","0","C:\Users\ub02-glab-047\Downloads\data_2\data\sales\SALES_S11_20240306.csv"
"SALES_S11_20240307.csv","S11","2024-03-07","0","C:\Users\ub02-glab-047\Downloads\data_2\data\sales\SALES_S11_20240307.csv"
"SALES_S11_20240308.csv","S11","2024-03-08","0","C:\Users\ub02-glab-047\Downloads\data_2\data\sales\SALES_S11_20240308.csv"
"SALES_S11_20240309.csv","S11","2024-03-09","0","C:\Users\ub02-glab-047\Downloads\data_2\data\sales\SALES_S11_20240309.csv"
"SALES_S11_20240310.csv","S11","2024-03-10","0","C:\Users\ub02-glab-047\Downloads\data_2\data\sales\SALES_S11_20240310.csv"
"SALES_S11_20240311.csv","S11","2024-03-11","0","C:\Users\ub02-glab-047\Downloads\data_2\data\sales\SALES_S11_20240311.csv"
"SALES_S11_20240312.csv","S11","2024-03-12","0","C:\Users\ub02-glab-047\Downloads\data_2\data\sales\SALES_S11_20240312.csv"
"SALES_S11_20240313.csv","S11","2024-03-13","0","C:\Users\ub02-glab-047\Downloads\data_2\data\sales\SALES_S11_20240313.csv"
"SALES_S11_20240314.csv","S11","2024-03-14","0","C:\Users\ub02-glab-047\Downloads\data_2\data\sales\SALES_S11_20240314.csv"
"SALES_S11_20240314__R1.csv","S11","2024-03-14","1","C:\Users\ub02-glab-047\Downloads\data_2\data\sales\SALES_S11_20240314__R1.csv"
"SALES_S11_20240315.csv","S11","2024-03-15","0","C:\Users\ub02-glab-047\Downloads\data_2\data\sales\SALES_S11_20240315.csv"
"SALES_S11_20240316.csv","S11","2024-03-16","0","C:\Users\ub02-glab-047\Downloads\data_2\data\sales\SALES_S11_20240316.csv"
"SALES_S11_20240317.csv","S11","2024-03-17","0","C:\Users\ub02-glab-047\Downloads\data_2\data\sales\SALES_S11_20240317.csv"
"SALES_S11_20240318.csv","S11","2024-03-18","0","C:\Users\ub02-glab-047\Downloads\data_2\data\sales\SALES_S11_20240318.csv"
"SALES_S11_20240319.csv","S11","2024-03-19","0","C:\Users\ub02-glab-047\Downloads\data_2\data\sales\SALES_S11_20240319.csv"
"SALES_S11_20240320.csv","S11","2024-03-20","0","C:\Users\ub02-glab-047\Downloads\data_2\data\sales\SALES_S11_20240320.csv"
"SALES_S11_20240321.csv","S11","2024-03-21","0","C:\Users\ub02-glab-047\Downloads\data_2\data\sales\SALES_S11_20240321.csv"
"SALES_S11_20240322.csv","S11","2024-03-22","0","C:\Users\ub02-glab-047\Downloads\data_2\data\sales\SALES_S11_20240322.csv"
"SALES_S11_20240323.csv","S11","2024-03-23","0","C:\Users\ub02-glab-047\Downloads\data_2\data\sales\SALES_S11_20240323.csv"
"SALES_S11_20240324.csv","S11","2024-03-24","0","C:\Users\ub02-glab-047\Downloads\data_2\data\sales\SALES_S11_20240324.csv"
"SALES_S11_20240325.csv","S11","2024-03-25","0","C:\Users\ub02-glab-047\Downloads\data_2\data\sales\SALES_S11_20240325.csv"
"SALES_S11_20240326.csv","S11","2024-03-26","0","C:\Users\ub02-glab-047\Downloads\data_2\data\sales\SALES_S11_20240326.csv"
"SALES_S11_20240327.csv","S11","2024-03-27","0","C:\Users\ub02-glab-047\Downloads\data_2\data\sales\SALES_S11_20240327.csv"
"SALES_S11_20240328.csv","S11","2024-03-28","0","C:\Users\ub02-glab-047\Downloads\data_2\data\sales\SALES_S11_20240328.csv"
"SALES_S11_20240329.csv","S11","2024-03-29","0","C:\Users\ub02-glab-047\Downloads\data_2\data\sales\SALES_S11_20240329.csv"
"SALES_S11_20240330.csv","S11","2024-03-30","0","C:\Users\ub02-glab-047\Downloads\data_2\data\sales\SALES_S11_20240330.csv"
"SALES_S11_20240331.csv","S11","2024-03-31","0","C:\Users\ub02-glab-047\Downloads\data_2\data\sales\SALES_S11_20240331.csv"
"SALES_S11_20240401.csv","S11","2024-04-01","0","C:\Users\ub02-glab-047\Downloads\data_2\data\sales\SALES_S11_20240401.csv"
"SALES_S11_20240402.csv","S11","2024-04-02","0","C:\Users\ub02-glab-047\Downloads\data_2\data\sales\SALES_S11_20240402.csv"
"SALES_S11_20240403.csv","S11","2024-04-03","0","C:\Users\ub02-glab-047\Downloads\data_2\data\sales\SALES_S11_20240403.csv"
"SALES_S11_20240404.csv","S11","2024-04-04","0","C:\Users\ub02-glab-047\Downloads\data_2\data\sales\SALES_S11_20240404.csv"
"SALES_S11_20240405.csv","S11","2024-04-05","0","C:\Users\ub02-glab-047\Downloads\data_2\data\sales\SALES_S11_20240405.csv"
"SALES_S11_20240406.csv","S11","2024-04-06","0","C:\Users\ub02-glab-047\Downloads\data_2\data\sales\SALES_S11_20240406.csv"
"SALES_S11_20240407.csv","S11","2024-04-07","0","C:\Users\ub02-glab-047\Downloads\data_2\data\sales\SALES_S11_20240407.csv"
"SALES_S11_20240408.csv","S11","2024-04-08","0","C:\Users\ub02-glab-047\Downloads\data_2\data\sales\SALES_S11_20240408.csv"
"SALES_S11_20240409.csv","S11","2024-04-09","0","C:\Users\ub02-glab-047\Downloads\data_2\data\sales\SALES_S11_20240409.csv"
"SALES_S11_20240410.csv","S11","2024-04-10","0","C:\Users\ub02-glab-047\Downloads\data_2\data\sales\SALES_S11_20240410.csv"
"SALES_S11_20240411.csv","S11","2024-04-11","0","C:\Users\ub02-glab-047\Downloads\data_2\data\sales\SALES_S11_20240411.csv"
"SALES_S11_20240412.csv","S11","2024-04-12","0","C:\Users\ub02-glab-047\Downloads\data_2\data\sales\SALES_S11_20240412.csv"
"SALES_S11_20240413.csv","S11","2024-04-13","0","C:\Users\ub02-glab-047\Downloads\data_2\data\sales\SALES_S11_20240413.csv"
"SALES_S11_20240414.csv","S11","2024-04-14","0","C:\Users\ub02-glab-047\Downloads\data_2\data\sales\SALES_S11_20240414.csv"
"SALES_S11_20240415.csv","S11","2024-04-15","0","C:\Users\ub02-glab-047\Downloads\data_2\data\sales\SALES_S11_20240415.csv"
"SALES_S11_20240416.csv","S11","2024-04-16","0","C:\Users\ub02-glab-047\Downloads\data_2\data\sales\SALES_S11_20240416.csv"
"SALES_S11_20240417.csv","S11","2024-04-17","0","C:\Users\ub02-glab-047\Downloads\data_2\data\sales\SALES_S11_20240417.csv"
"SALES_S11_20240418.csv","S11","2024-04-18","0","C:\Users\ub02-glab-047\Downloads\data_2\data\sales\SALES_S11_20240418.csv"
"SALES_S11_20240419.csv","S11","2024-04-19","0","C:\Users\ub02-glab-047\Downloads\data_2\data\sales\SALES_S11_20240419.csv"
"SALES_S11_20240420.csv","S11","2024-04-20","0","C:\Users\ub02-glab-047\Downloads\data_2\data\sales\SALES_S11_20240420.csv"
"SALES_S11_20240421.csv","S11","2024-04-21","0","C:\Users\ub02-glab-047\Downloads\data_2\data\sales\SALES_S11_20240421.csv"
"SALES_S11_20240422.csv","S11","2024-04-22","0","C:\Users\ub02-glab-047\Downloads\data_2\data\sales\SALES_S11_20240422.csv"
"SALES_S11_20240423.csv","S11","2024-04-23","0","C:\Users\ub02-glab-047\Downloads\data_2\data\sales\SALES_S11_20240423.csv"
"SALES_S11_20240424.csv","S11","2024-04-24","0","C:\Users\ub02-glab-047\Downloads\data_2\data\sales\SALES_S11_20240424.csv"
"SALES_S11_20240425.csv","S11","2024-04-25","0","C:\Users\ub02-glab-047\Downloads\data_2\data\sales\SALES_S11_20240425.csv"
"SALES_S11_20240426.csv","S11","2024-04-26","0","C:\Users\ub02-glab-047\Downloads\data_2\data\sales\SALES_S11_20240426.csv"
"SALES_S11_20240427.csv","S11","2024-04-27","0","C:\Users\ub02-glab-047\Downloads\data_2\data\sales\SALES_S11_20240427.csv"
"SALES_S11_20240428.csv","S11","2024-04-28","0","C:\Users\ub02-glab-047\Downloads\data_2\data\sales\SALES_S11_20240428.csv"
"SALES_S11_20240429.csv","S11","2024-04-29","0","C:\Users\ub02-glab-047\Downloads\data_2\data\sales\SALES_S11_20240429.csv"
"SALES_S11_20240430.csv","S11","2024-04-30","0","C:\Users\ub02-glab-047\Downloads\data_2\data\sales\SALES_S11_20240430.csv"
"SALES_S11_20240501.csv","S11","2024-05-01","0","C:\Users\ub02-glab-047\Downloads\data_2\data\sales\SALES_S11_20240501.csv"
"SALES_S11_20240502.csv","S11","2024-05-02","0","C:\Users\ub02-glab-047\Downloads\data_2\data\sales\SALES_S11_20240502.csv"
"SALES_S11_20240503.csv","S11","2024-05-03","0","C:\Users\ub02-glab-047\Downloads\data_2\data\sales\SALES_S11_20240503.csv"
"SALES_S11_20240504.csv","S11","2024-05-04","0","C:\Users\ub02-glab-047\Downloads\data_2\data\sales\SALES_S11_20240504.csv"
"SALES_S11_20240505.csv","S11","2024-05-05","0","C:\Users\ub02-glab-047\Downloads\data_2\data\sales\SALES_S11_20240505.csv"
"SALES_S11_20240506.csv","S11","2024-05-06","0","C:\Users\ub02-glab-047\Downloads\data_2\data\sales\SALES_S11_20240506.csv"
"SALES_S11_20240507.csv","S11","2024-05-07","0","C:\Users\ub02-glab-047\Downloads\data_2\data\sales\SALES_S11_20240507.csv"
"SALES_S11_20240508.csv","S11","2024-05-08","0","C:\Users\ub02-glab-047\Downloads\data_2\data\sales\SALES_S11_20240508.csv"
"SALES_S11_20240509.csv","S11","2024-05-09","0","C:\Users\ub02-glab-047\Downloads\data_2\data\sales\SALES_S11_20240509.csv"
"SALES_S11_20240510.csv","S11","2024-05-10","0","C:\Users\ub02-glab-047\Downloads\data_2\data\sales\SALES_S11_20240510.csv"
"SALES_S11_20240511.csv","S11","2024-05-11","0","C:\Users\ub02-glab-047\Downloads\data_2\data\sales\SALES_S11_20240511.csv"
"SALES_S11_20240512.csv","S11","2024-05-12","0","C:\Users\ub02-glab-047\Downloads\data_2\data\sales\SALES_S11_20240512.csv"
"SALES_S11_20240513.csv","S11","2024-05-13","0","C:\Users\ub02-glab-047\Downloads\data_2\data\sales\SALES_S11_20240513.csv"
"SALES_S11_20240514.csv","S11","2024-05-14","0","C:\Users\ub02-glab-047\Downloads\data_2\data\sales\SALES_S11_20240514.csv"
"SALES_S11_20240515.csv","S11","2024-05-15","0","C:\Users\ub02-glab-047\Downloads\data_2\data\sales\SALES_S11_20240515.csv"
"SALES_S11_20240516.csv","S11","2024-05-16","0","C:\Users\ub02-glab-047\Downloads\data_2\data\sales\SALES_S11_20240516.csv"
"SALES_S11_20240517.csv","S11","2024-05-17","0","C:\Users\ub02-glab-047\Downloads\data_2\data\sales\SALES_S11_20240517.csv"
"SALES_S11_20240518.csv","S11","2024-05-18","0","C:\Users\ub02-glab-047\Downloads\data_2\data\sales\SALES_S11_20240518.csv"
"SALES_S11_20240519.csv","S11","2024-05-19","0","C:\Users\ub02-glab-047\Downloads\data_2\data\sales\SALES_S11_20240519.csv"
"SALES_S11_20240520.csv","S11","2024-05-20","0","C:\Users\ub02-glab-047\Downloads\data_2\data\sales\SALES_S11_20240520.csv"
"SALES_S11_20240521.csv","S11","2024-05-21","0","C:\Users\ub02-glab-047\Downloads\data_2\data\sales\SALES_S11_20240521.csv"
"SALES_S11_20240522.csv","S11","2024-05-22","0","C:\Users\ub02-glab-047\Downloads\data_2\data\sales\SALES_S11_20240522.csv"
"SALES_S11_20240523.csv","S11","2024-05-23","0","C:\Users\ub02-glab-047\Downloads\data_2\data\sales\SALES_S11_20240523.csv"
"SALES_S11_20240524.csv","S11","2024-05-24","0","C:\Users\ub02-glab-047\Downloads\data_2\data\sales\SALES_S11_20240524.csv"
"SALES_S11_20240525.csv","S11","2024-05-25","0","C:\Users\ub02-glab-047\Downloads\data_2\data\sales\SALES_S11_20240525.csv"
"SALES_S11_20240526.csv","S11","2024-05-26","0","C:\Users\ub02-glab-047\Downloads\data_2\data\sales\SALES_S11_20240526.csv"
"SALES_S11_20240527.csv","S11","2024-05-27","0","C:\Users\ub02-glab-047\Downloads\data_2\data\sales\SALES_S11_20240527.csv"
"SALES_S11_20240528.csv","S11","2024-05-28","0","C:\Users\ub02-glab-047\Downloads\data_2\data\sales\SALES_S11_20240528.csv"
"SALES_S11_20240529.csv","S11","2024-05-29","0","C:\Users\ub02-glab-047\Downloads\data_2\data\sales\SALES_S11_20240529.csv"
"SALES_S11_20240530.csv","S11","2024-05-30","0","C:\Users\ub02-glab-047\Downloads\data_2\data\sales\SALES_S11_20240530.csv"
"SALES_S11_20240531.csv","S11","2024-05-31","0","C:\Users\ub02-glab-047\Downloads\data_2\data\sales\SALES_S11_20240531.csv"
"SALES_S11_20240601.csv","S11","2024-06-01","0","C:\Users\ub02-glab-047\Downloads\data_2\data\sales\SALES_S11_20240601.csv"
"SALES_S11_20240602.csv","S11","2024-06-02","0","C:\Users\ub02-glab-047\Downloads\data_2\data\sales\SALES_S11_20240602.csv"
"SALES_S11_20240603.csv","S11","2024-06-03","0","C:\Users\ub02-glab-047\Downloads\data_2\data\sales\SALES_S11_20240603.csv"
"SALES_S11_20240604.csv","S11","2024-06-04","0","C:\Users\ub02-glab-047\Downloads\data_2\data\sales\SALES_S11_20240604.csv"
"SALES_S11_20240605.csv","S11","2024-06-05","0","C:\Users\ub02-glab-047\Downloads\data_2\data\sales\SALES_S11_20240605.csv"
"SALES_S11_20240606.csv","S11","2024-06-06","0","C:\Users\ub02-glab-047\Downloads\data_2\data\sales\SALES_S11_20240606.csv"
"SALES_S11_20240607.csv","S11","2024-06-07","0","C:\Users\ub02-glab-047\Downloads\data_2\data\sales\SALES_S11_20240607.csv"
"SALES_S11_20240608.csv","S11","2024-06-08","0","C:\Users\ub02-glab-047\Downloads\data_2\data\sales\SALES_S11_20240608.csv"
"SALES_S11_20240609.csv","S11","2024-06-09","0","C:\Users\ub02-glab-047\Downloads\data_2\data\sales\SALES_S11_20240609.csv"
"SALES_S11_20240610.csv","S11","2024-06-10","0","C:\Users\ub02-glab-047\Downloads\data_2\data\sales\SALES_S11_20240610.csv"
"SALES_S11_20240611.csv","S11","2024-06-11","0","C:\Users\ub02-glab-047\Downloads\data_2\data\sales\SALES_S11_20240611.csv"
"SALES_S11_20240612.csv","S11","2024-06-12","0","C:\Users\ub02-glab-047\Downloads\data_2\data\sales\SALES_S11_20240612.csv"
"SALES_S11_20240613.csv","S11","2024-06-13","0","C:\Users\ub02-glab-047\Downloads\data_2\data\sales\SALES_S11_20240613.csv"
"SALES_S11_20240614.csv","S11","2024-06-14","0","C:\Users\ub02-glab-047\Downloads\data_2\data\sales\SALES_S11_20240614.csv"
"SALES_S11_20240615.csv","S11","2024-06-15","0","C:\Users\ub02-glab-047\Downloads\data_2\data\sales\SALES_S11_20240615.csv"
"SALES_S11_20240616.csv","S11","2024-06-16","0","C:\Users\ub02-glab-047\Downloads\data_2\data\sales\SALES_S11_20240616.csv"
"SALES_S11_20240617.csv","S11","2024-06-17","0","C:\Users\ub02-glab-047\Downloads\data_2\data\sales\SALES_S11_20240617.csv"
"SALES_S11_20240618.csv","S11","2024-06-18","0","C:\Users\ub02-glab-047\Downloads\data_2\data\sales\SALES_S11_20240618.csv"
"SALES_S11_20240619.csv","S11","2024-06-19","0","C:\Users\ub02-glab-047\Downloads\data_2\data\sales\SALES_S11_20240619.csv"
"SALES_S11_20240620.csv","S11","2024-06-20","0","C:\Users\ub02-glab-047\Downloads\data_2\data\sales\SALES_S11_20240620.csv"
"SALES_S11_20240621.csv","S11","2024-06-21","0","C:\Users\ub02-glab-047\Downloads\data_2\data\sales\SALES_S11_20240621.csv"
"SALES_S11_20240622.csv","S11","2024-06-22","0","C:\Users\ub02-glab-047\Downloads\data_2\data\sales\SALES_S11_20240622.csv"
"SALES_S11_20240623.csv","S11","2024-06-23","0","C:\Users\ub02-glab-047\Downloads\data_2\data\sales\SALES_S11_20240623.csv"
"SALES_S11_20240624.csv","S11","2024-06-24","0","C:\Users\ub02-glab-047\Downloads\data_2\data\sales\SALES_S11_20240624.csv"
"SALES_S11_20240625.csv","S11","2024-06-25","0","C:\Users\ub02-glab-047\Downloads\data_2\data\sales\SALES_S11_20240625.csv"
"SALES_S11_20240626.csv","S11","2024-06-26","0","C:\Users\ub02-glab-047\Downloads\data_2\data\sales\SALES_S11_20240626.csv"
"SALES_S11_20240627.csv","S11","2024-06-27","0","C:\Users\ub02-glab-047\Downloads\data_2\data\sales\SALES_S11_20240627.csv"
"SALES_S11_20240628.csv","S11","2024-06-28","0","C:\Users\ub02-glab-047\Downloads\data_2\data\sales\SALES_S11_20240628.csv"
"SALES_S11_20240629.csv","S11","2024-06-29","0","C:\Users\ub02-glab-047\Downloads\data_2\data\sales\SALES_S11_20240629.csv"
"SALES_S11_20240630.csv","S11","2024-06-30","0","C:\Users\ub02-glab-047\Downloads\data_2\data\sales\SALES_S11_20240630.csv"
"SALES_S11_20240701.csv","S11","2024-07-01","0","C:\Users\ub02-glab-047\Downloads\data_2\data\sales\SALES_S11_20240701.csv"
"SALES_S11_20240702.csv","S11","2024-07-02","0","C:\Users\ub02-glab-047\Downloads\data_2\data\sales\SALES_S11_20240702.csv"
"SALES_S11_20240703.csv","S11","2024-07-03","0","C:\Users\ub02-glab-047\Downloads\data_2\data\sales\SALES_S11_20240703.csv"
"SALES_S11_20240704.csv","S11","2024-07-04","0","C:\Users\ub02-glab-047\Downloads\data_2\data\sales\SALES_S11_20240704.csv"
"SALES_S11_20240705.csv","S11","2024-07-05","0","C:\Users\ub02-glab-047\Downloads\data_2\data\sales\SALES_S11_20240705.csv"
"SALES_S11_20240706.csv","S11","2024-07-06","0","C:\Users\ub02-glab-047\Downloads\data_2\data\sales\SALES_S11_20240706.csv"
"SALES_S11_20240707.csv","S11","2024-07-07","0","C:\Users\ub02-glab-047\Downloads\data_2\data\sales\SALES_S11_20240707.csv"
"SALES_S11_20240708.csv","S11","2024-07-08","0","C:\Users\ub02-glab-047\Downloads\data_2\data\sales\SALES_S11_20240708.csv"
"SALES_S11_20240709.csv","S11","2024-07-09","0","C:\Users\ub02-glab-047\Downloads\data_2\data\sales\SALES_S11_20240709.csv"
"SALES_S11_20240710.csv","S11","2024-07-10","0","C:\Users\ub02-glab-047\Downloads\data_2\data\sales\SALES_S11_20240710.csv"
"SALES_S11_20240711.csv","S11","2024-07-11","0","C:\Users\ub02-glab-047\Downloads\data_2\data\sales\SALES_S11_20240711.csv"
"SALES_S11_20240712.csv","S11","2024-07-12","0","C:\Users\ub02-glab-047\Downloads\data_2\data\sales\SALES_S11_20240712.csv"
"SALES_S11_20240713.csv","S11","2024-07-13","0","C:\Users\ub02-glab-047\Downloads\data_2\data\sales\SALES_S11_20240713.csv"
"SALES_S11_20240714.csv","S11","2024-07-14","0","C:\Users\ub02-glab-047\Downloads\data_2\data\sales\SALES_S11_20240714.csv"
"SALES_S11_20240715.csv","S11","2024-07-15","0","C:\Users\ub02-glab-047\Downloads\data_2\data\sales\SALES_S11_20240715.csv"
"SALES_S11_20240716.csv","S11","2024-07-16","0","C:\Users\ub02-glab-047\Downloads\data_2\data\sales\SALES_S11_20240716.csv"
"SALES_S11_20240717.csv","S11","2024-07-17","0","C:\Users\ub02-glab-047\Downloads\data_2\data\sales\SALES_S11_20240717.csv"
"SALES_S11_20240718.csv","S11","2024-07-18","0","C:\Users\ub02-glab-047\Downloads\data_2\data\sales\SALES_S11_20240718.csv"
"SALES_S11_20240719.csv","S11","2024-07-19","0","C:\Users\ub02-glab-047\Downloads\data_2\data\sales\SALES_S11_20240719.csv"
"SALES_S11_20240720.csv","S11","2024-07-20","0","C:\Users\ub02-glab-047\Downloads\data_2\data\sales\SALES_S11_20240720.csv"
"SALES_S11_20240721.csv","S11","2024-07-21","0","C:\Users\ub02-glab-047\Downloads\data_2\data\sales\SALES_S11_20240721.csv"
"SALES_S11_20240722.csv","S11","2024-07-22","0","C:\Users\ub02-glab-047\Downloads\data_2\data\sales\SALES_S11_20240722.csv"
"SALES_S11_20240723.csv","S11","2024-07-23","0","C:\Users\ub02-glab-047\Downloads\data_2\data\sales\SALES_S11_20240723.csv"
"SALES_S11_20240724.csv","S11","2024-07-24","0","C:\Users\ub02-glab-047\Downloads\data_2\data\sales\SALES_S11_20240724.csv"
"SALES_S11_20240725.csv","S11","2024-07-25","0","C:\Users\ub02-glab-047\Downloads\data_2\data\sales\SALES_S11_20240725.csv"
"SALES_S11_20240726.csv","S11","2024-07-26","0","C:\Users\ub02-glab-047\Downloads\data_2\data\sales\SALES_S11_20240726.csv"
"SALES_S11_20240727.csv","S11","2024-07-27","0","C:\Users\ub02-glab-047\Downloads\data_2\data\sales\SALES_S11_20240727.csv"
"SALES_S11_20240728.csv","S11","2024-07-28","0","C:\Users\ub02-glab-047\Downloads\data_2\data\sales\SALES_S11_20240728.csv"
"SALES_S11_20240729.csv","S11","2024-07-29","0","C:\Users\ub02-glab-047\Downloads\data_2\data\sales\SALES_S11_20240729.csv"
"SALES_S11_20240730.csv","S11","2024-07-30","0","C:\Users\ub02-glab-047\Downloads\data_2\data\sales\SALES_S11_20240730.csv"
"SALES_S11_20240731.csv","S11","2024-07-31","0","C:\Users\ub02-glab-047\Downloads\data_2\data\sales\SALES_S11_20240731.csv"
"SALES_S11_20240801.csv","S11","2024-08-01","0","C:\Users\ub02-glab-047\Downloads\data_2\data\sales\SALES_S11_20240801.csv"
"SALES_S11_20240802.csv","S11","2024-08-02","0","C:\Users\ub02-glab-047\Downloads\data_2\data\sales\SALES_S11_20240802.csv"
"SALES_S11_20240803.csv","S11","2024-08-03","0","C:\Users\ub02-glab-047\Downloads\data_2\data\sales\SALES_S11_20240803.csv"
"SALES_S11_20240804.csv","S11","2024-08-04","0","C:\Users\ub02-glab-047\Downloads\data_2\data\sales\SALES_S11_20240804.csv"
"SALES_S11_20240805.csv","S11","2024-08-05","0","C:\Users\ub02-glab-047\Downloads\data_2\data\sales\SALES_S11_20240805.csv"
"SALES_S11_20240806.csv","S11","2024-08-06","0","C:\Users\ub02-glab-047\Downloads\data_2\data\sales\SALES_S11_20240806.csv"
"SALES_S11_20240807.csv","S11","2024-08-07","0","C:\Users\ub02-glab-047\Downloads\data_2\data\sales\SALES_S11_20240807.csv"
"SALES_S11_20240808.csv","S11","2024-08-08","0","C:\Users\ub02-glab-047\Downloads\data_2\data\sales\SALES_S11_20240808.csv"
"SALES_S11_20240809.csv","S11","2024-08-09","0","C:\Users\ub02-glab-047\Downloads\data_2\data\sales\SALES_S11_20240809.csv"
"SALES_S11_20240810.csv","S11","2024-08-10","0","C:\Users\ub02-glab-047\Downloads\data_2\data\sales\SALES_S11_20240810.csv"
"SALES_S11_20240811.csv","S11","2024-08-11","0","C:\Users\ub02-glab-047\Downloads\data_2\data\sales\SALES_S11_20240811.csv"
"SALES_S11_20240812.csv","S11","2024-08-12","0","C:\Users\ub02-glab-047\Downloads\data_2\data\sales\SALES_S11_20240812.csv"
"SALES_S11_20240813.csv","S11","2024-08-13","0","C:\Users\ub02-glab-047\Downloads\data_2\data\sales\SALES_S11_20240813.csv"
"SALES_S11_20240814.csv","S11","2024-08-14","0","C:\Users\ub02-glab-047\Downloads\data_2\data\sales\SALES_S11_20240814.csv"
"SALES_S11_20240815.csv","S11","2024-08-15","0","C:\Users\ub02-glab-047\Downloads\data_2\data\sales\SALES_S11_20240815.csv"
"SALES_S11_20240816.csv","S11","2024-08-16","0","C:\Users\ub02-glab-047\Downloads\data_2\data\sales\SALES_S11_20240816.csv"
"SALES_S11_20240817.csv","S11","2024-08-17","0","C:\Users\ub02-glab-047\Downloads\data_2\data\sales\SALES_S11_20240817.csv"
"SALES_S11_20240818.csv","S11","2024-08-18","0","C:\Users\ub02-glab-047\Downloads\data_2\data\sales\SALES_S11_20240818.csv"
"SALES_S11_20240819.csv","S11","2024-08-19","0","C:\Users\ub02-glab-047\Downloads\data_2\data\sales\SALES_S11_20240819.csv"
"SALES_S11_20240820.csv","S11","2024-08-20","0","C:\Users\ub02-glab-047\Downloads\data_2\data\sales\SALES_S11_20240820.csv"
"SALES_S11_20240821.csv","S11","2024-08-21","0","C:\Users\ub02-glab-047\Downloads\data_2\data\sales\SALES_S11_20240821.csv"
"SALES_S11_20240822.csv","S11","2024-08-22","0","C:\Users\ub02-glab-047\Downloads\data_2\data\sales\SALES_S11_20240822.csv"
"SALES_S11_20240823.csv","S11","2024-08-23","0","C:\Users\ub02-glab-047\Downloads\data_2\data\sales\SALES_S11_20240823.csv"
"SALES_S11_20240824.csv","S11","2024-08-24","0","C:\Users\ub02-glab-047\Downloads\data_2\data\sales\SALES_S11_20240824.csv"
"SALES_S11_20240825.csv","S11","2024-08-25","0","C:\Users\ub02-glab-047\Downloads\data_2\data\sales\SALES_S11_20240825.csv"
"SALES_S11_20240826.csv","S11","2024-08-26","0","C:\Users\ub02-glab-047\Downloads\data_2\data\sales\SALES_S11_20240826.csv"
"SALES_S11_20240827.csv","S11","2024-08-27","0","C:\Users\ub02-glab-047\Downloads\data_2\data\sales\SALES_S11_20240827.csv"
"SALES_S11_20240828.csv","S11","2024-08-28","0","C:\Users\ub02-glab-047\Downloads\data_2\data\sales\SALES_S11_20240828.csv"
"SALES_S11_20240829.csv","S11","2024-08-29","0","C:\Users\ub02-glab-047\Downloads\data_2\data\sales\SALES_S11_20240829.csv"
"SALES_S11_20240830.csv","S11","2024-08-30","0","C:\Users\ub02-glab-047\Downloads\data_2\data\sales\SALES_S11_20240830.csv"
"SALES_S11_20240831.csv","S11","2024-08-31","0","C:\Users\ub02-glab-047\Downloads\data_2\data\sales\SALES_S11_20240831.csv"
"SALES_S11_20240901.csv","S11","2024-09-01","0","C:\Users\ub02-glab-047\Downloads\data_2\data\sales\SALES_S11_20240901.csv"
"SALES_S11_20240902.csv","S11","2024-09-02","0","C:\Users\ub02-glab-047\Downloads\data_2\data\sales\SALES_S11_20240902.csv"
"SALES_S11_20240903.csv","S11","2024-09-03","0","C:\Users\ub02-glab-047\Downloads\data_2\data\sales\SALES_S11_20240903.csv"
"SALES_S11_20240904.csv","S11","2024-09-04","0","C:\Users\ub02-glab-047\Downloads\data_2\data\sales\SALES_S11_20240904.csv"
"SALES_S11_20240905.csv","S11","2024-09-05","0","C:\Users\ub02-glab-047\Downloads\data_2\data\sales\SALES_S11_20240905.csv"
"SALES_S11_20240906.csv","S11","2024-09-06","0","C:\Users\ub02-glab-047\Downloads\data_2\data\sales\SALES_S11_20240906.csv"
"SALES_S11_20240907.csv","S11","2024-09-07","0","C:\Users\ub02-glab-047\Downloads\data_2\data\sales\SALES_S11_20240907.csv"
"SALES_S11_20240908.csv","S11","2024-09-08","0","C:\Users\ub02-glab-047\Downloads\data_2\data\sales\SALES_S11_20240908.csv"
"SALES_S11_20240909.csv","S11","2024-09-09","0","C:\Users\ub02-glab-047\Downloads\data_2\data\sales\SALES_S11_20240909.csv"
"SALES_S11_20240910.csv","S11","2024-09-10","0","C:\Users\ub02-glab-047\Downloads\data_2\data\sales\SALES_S11_20240910.csv"
"SALES_S11_20240911.csv","S11","2024-09-11","0","C:\Users\ub02-glab-047\Downloads\data_2\data\sales\SALES_S11_20240911.csv"
"SALES_S11_20240912.csv","S11","2024-09-12","0","C:\Users\ub02-glab-047\Downloads\data_2\data\sales\SALES_S11_20240912.csv"
"SALES_S11_20240913.csv","S11","2024-09-13","0","C:\Users\ub02-glab-047\Downloads\data_2\data\sales\SALES_S11_20240913.csv"
"SALES_S11_20240914.csv","S11","2024-09-14","0","C:\Users\ub02-glab-047\Downloads\data_2\data\sales\SALES_S11_20240914.csv"
"SALES_S11_20240915.csv","S11","2024-09-15","0","C:\Users\ub02-glab-047\Downloads\data_2\data\sales\SALES_S11_20240915.csv"
"SALES_S11_20240916.csv","S11","2024-09-16","0","C:\Users\ub02-glab-047\Downloads\data_2\data\sales\SALES_S11_20240916.csv"
"SALES_S11_20240917.csv","S11","2024-09-17","0","C:\Users\ub02-glab-047\Downloads\data_2\data\sales\SALES_S11_20240917.csv"
"SALES_S11_20240918.csv","S11","2024-09-18","0","C:\Users\ub02-glab-047\Downloads\data_2\data\sales\SALES_S11_20240918.csv"
"SALES_S11_20240919.csv","S11","2024-09-19","0","C:\Users\ub02-glab-047\Downloads\data_2\data\sales\SALES_S11_20240919.csv"
"SALES_S11_20240920.csv","S11","2024-09-20","0","C:\Users\ub02-glab-047\Downloads\data_2\data\sales\SALES_S11_20240920.csv"
"SALES_S11_20240921.csv","S11","2024-09-21","0","C:\Users\ub02-glab-047\Downloads\data_2\data\sales\SALES_S11_20240921.csv"
"SALES_S11_20240922.csv","S11","2024-09-22","0","C:\Users\ub02-glab-047\Downloads\data_2\data\sales\SALES_S11_20240922.csv"
"SALES_S11_20240923.csv","S11","2024-09-23","0","C:\Users\ub02-glab-047\Downloads\data_2\data\sales\SALES_S11_20240923.csv"
"SALES_S11_20240924.csv","S11","2024-09-24","0","C:\Users\ub02-glab-047\Downloads\data_2\data\sales\SALES_S11_20240924.csv"
"SALES_S11_20240925.csv","S11","2024-09-25","0","C:\Users\ub02-glab-047\Downloads\data_2\data\sales\SALES_S11_20240925.csv"
"SALES_S11_20240926.csv","S11","2024-09-26","0","C:\Users\ub02-glab-047\Downloads\data_2\data\sales\SALES_S11_20240926.csv"
"SALES_S11_20240927.csv","S11","2024-09-27","0","C:\Users\ub02-glab-047\Downloads\data_2\data\sales\SALES_S11_20240927.csv"
"SALES_S11_20240928.csv","S11","2024-09-28","0","C:\Users\ub02-glab-047\Downloads\data_2\data\sales\SALES_S11_20240928.csv"
"SALES_S11_20240929.csv","S11","2024-09-29","0","C:\Users\ub02-glab-047\Downloads\data_2\data\sales\SALES_S11_20240929.csv"
"SALES_S11_20240930.csv","S11","2024-09-30","0","C:\Users\ub02-glab-047\Downloads\data_2\data\sales\SALES_S11_20240930.csv"
"SALES_S11_20241001.csv","S11","2024-10-01","0","C:\Users\ub02-glab-047\Downloads\data_2\data\sales\SALES_S11_20241001.csv"
"SALES_S11_20241002.csv","S11","2024-10-02","0","C:\Users\ub02-glab-047\Downloads\data_2\data\sales\SALES_S11_20241002.csv"
"SALES_S11_20241003.csv","S11","2024-10-03","0","C:\Users\ub02-glab-047\Downloads\data_2\data\sales\SALES_S11_20241003.csv"
"SALES_S11_20241004.csv","S11","2024-10-04","0","C:\Users\ub02-glab-047\Downloads\data_2\data\sales\SALES_S11_20241004.csv"
"SALES_S11_20241005.csv","S11","2024-10-05","0","C:\Users\ub02-glab-047\Downloads\data_2\data\sales\SALES_S11_20241005.csv"
"SALES_S11_20241006.csv","S11","2024-10-06","0","C:\Users\ub02-glab-047\Downloads\data_2\data\sales\SALES_S11_20241006.csv"
"SALES_S11_20241007.csv","S11","2024-10-07","0","C:\Users\ub02-glab-047\Downloads\data_2\data\sales\SALES_S11_20241007.csv"
"SALES_S11_20241008.csv","S11","2024-10-08","0","C:\Users\ub02-glab-047\Downloads\data_2\data\sales\SALES_S11_20241008.csv"
"SALES_S11_20241009.csv","S11","2024-10-09","0","C:\Users\ub02-glab-047\Downloads\data_2\data\sales\SALES_S11_20241009.csv"
"SALES_S11_20241010.csv","S11","2024-10-10","0","C:\Users\ub02-glab-047\Downloads\data_2\data\sales\SALES_S11_20241010.csv"
"SALES_S11_20241011.csv","S11","2024-10-11","0","C:\Users\ub02-glab-047\Downloads\data_2\data\sales\SALES_S11_20241011.csv"
"SALES_S11_20241012.csv","S11","2024-10-12","0","C:\Users\ub02-glab-047\Downloads\data_2\data\sales\SALES_S11_20241012.csv"
"SALES_S11_20241013.csv","S11","2024-10-13","0","C:\Users\ub02-glab-047\Downloads\data_2\data\sales\SALES_S11_20241013.csv"
"SALES_S11_20241014.csv","S11","2024-10-14","0","C:\Users\ub02-glab-047\Downloads\data_2\data\sales\SALES_S11_20241014.csv"
"SALES_S11_20241015.csv","S11","2024-10-15","0","C:\Users\ub02-glab-047\Downloads\data_2\data\sales\SALES_S11_20241015.csv"
"SALES_S11_20241016.csv","S11","2024-10-16","0","C:\Users\ub02-glab-047\Downloads\data_2\data\sales\SALES_S11_20241016.csv"
"SALES_S11_20241017.csv","S11","2024-10-17","0","C:\Users\ub02-glab-047\Downloads\data_2\data\sales\SALES_S11_20241017.csv"
"SALES_S11_20241018.csv","S11","2024-10-18","0","C:\Users\ub02-glab-047\Downloads\data_2\data\sales\SALES_S11_20241018.csv"
"SALES_S11_20241019.csv","S11","2024-10-19","0","C:\Users\ub02-glab-047\Downloads\data_2\data\sales\SALES_S11_20241019.csv"
"SALES_S11_20241020.csv","S11","2024-10-20","0","C:\Users\ub02-glab-047\Downloads\data_2\data\sales\SALES_S11_20241020.csv"
"SALES_S11_20241021.csv","S11","2024-10-21","0","C:\Users\ub02-glab-047\Downloads\data_2\data\sales\SALES_S11_20241021.csv"
"SALES_S11_20241022.csv","S11","2024-10-22","0","C:\Users\ub02-glab-047\Downloads\data_2\data\sales\SALES_S11_20241022.csv"
"SALES_S11_20241023.csv","S11","2024-10-23","0","C:\Users\ub02-glab-047\Downloads\data_2\data\sales\SALES_S11_20241023.csv"
"SALES_S11_20241024.csv","S11","2024-10-24","0","C:\Users\ub02-glab-047\Downloads\data_2\data\sales\SALES_S11_20241024.csv"
"SALES_S11_20241025.csv","S11","2024-10-25","0","C:\Users\ub02-glab-047\Downloads\data_2\data\sales\SALES_S11_20241025.csv"
"SALES_S11_20241026.csv","S11","2024-10-26","0","C:\Users\ub02-glab-047\Downloads\data_2\data\sales\SALES_S11_20241026.csv"
"SALES_S11_20241027.csv","S11","2024-10-27","0","C:\Users\ub02-glab-047\Downloads\data_2\data\sales\SALES_S11_20241027.csv"
"SALES_S11_20241028.csv","S11","2024-10-28","0","C:\Users\ub02-glab-047\Downloads\data_2\data\sales\SALES_S11_20241028.csv"
"SALES_S11_20241029.csv","S11","2024-10-29","0","C:\Users\ub02-glab-047\Downloads\data_2\data\sales\SALES_S11_20241029.csv"
"SALES_S11_20241030.csv","S11","2024-10-30","0","C:\Users\ub02-glab-047\Downloads\data_2\data\sales\SALES_S11_20241030.csv"
"SALES_S11_20241031.csv","S11","2024-10-31","0","C:\Users\ub02-glab-047\Downloads\data_2\data\sales\SALES_S11_20241031.csv"
"SALES_S11_20241101.csv","S11","2024-11-01","0","C:\Users\ub02-glab-047\Downloads\data_2\data\sales\SALES_S11_20241101.csv"
"SALES_S11_20241102.csv","S11","2024-11-02","0","C:\Users\ub02-glab-047\Downloads\data_2\data\sales\SALES_S11_20241102.csv"
"SALES_S11_20241103.csv","S11","2024-11-03","0","C:\Users\ub02-glab-047\Downloads\data_2\data\sales\SALES_S11_20241103.csv"
"SALES_S11_20241104.csv","S11","2024-11-04","0","C:\Users\ub02-glab-047\Downloads\data_2\data\sales\SALES_S11_20241104.csv"
"SALES_S11_20241105.csv","S11","2024-11-05","0","C:\Users\ub02-glab-047\Downloads\data_2\data\sales\SALES_S11_20241105.csv"
"SALES_S11_20241106.csv","S11","2024-11-06","0","C:\Users\ub02-glab-047\Downloads\data_2\data\sales\SALES_S11_20241106.csv"
"SALES_S11_20241107.csv","S11","2024-11-07","0","C:\Users\ub02-glab-047\Downloads\data_2\data\sales\SALES_S11_20241107.csv"
"SALES_S11_20241108.csv","S11","2024-11-08","0","C:\Users\ub02-glab-047\Downloads\data_2\data\sales\SALES_S11_20241108.csv"
"SALES_S11_20241109.csv","S11","2024-11-09","0","C:\Users\ub02-glab-047\Downloads\data_2\data\sales\SALES_S11_20241109.csv"
"SALES_S11_20241110.csv","S11","2024-11-10","0","C:\Users\ub02-glab-047\Downloads\data_2\data\sales\SALES_S11_20241110.csv"
"SALES_S11_20241111.csv","S11","2024-11-11","0","C:\Users\ub02-glab-047\Downloads\data_2\data\sales\SALES_S11_20241111.csv"
"SALES_S11_20241112.csv","S11","2024-11-12","0","C:\Users\ub02-glab-047\Downloads\data_2\data\sales\SALES_S11_20241112.csv"
"SALES_S11_20241113.csv","S11","2024-11-13","0","C:\Users\ub02-glab-047\Downloads\data_2\data\sales\SALES_S11_20241113.csv"
"SALES_S11_20241114.csv","S11","2024-11-14","0","C:\Users\ub02-glab-047\Downloads\data_2\data\sales\SALES_S11_20241114.csv"
"SALES_S11_20241115.csv","S11","2024-11-15","0","C:\Users\ub02-glab-047\Downloads\data_2\data\sales\SALES_S11_20241115.csv"
"SALES_S11_20241116.csv","S11","2024-11-16","0","C:\Users\ub02-glab-047\Downloads\data_2\data\sales\SALES_S11_20241116.csv"
"SALES_S11_20241117.csv","S11","2024-11-17","0","C:\Users\ub02-glab-047\Downloads\data_2\data\sales\SALES_S11_20241117.csv"
"SALES_S11_20241118.csv","S11","2024-11-18","0","C:\Users\ub02-glab-047\Downloads\data_2\data\sales\SALES_S11_20241118.csv"
"SALES_S11_20241119.csv","S11","2024-11-19","0","C:\Users\ub02-glab-047\Downloads\data_2\data\sales\SALES_S11_20241119.csv"
"SALES_S11_20241120.csv","S11","2024-11-20","0","C:\Users\ub02-glab-047\Downloads\data_2\data\sales\SALES_S11_20241120.csv"
"SALES_S11_20241121.csv","S11","2024-11-21","0","C:\Users\ub02-glab-047\Downloads\data_2\data\sales\SALES_S11_20241121.csv"
"SALES_S11_20241122.csv","S11","2024-11-22","0","C:\Users\ub02-glab-047\Downloads\data_2\data\sales\SALES_S11_20241122.csv"
"SALES_S11_20241123.csv","S11","2024-11-23","0","C:\Users\ub02-glab-047\Downloads\data_2\data\sales\SALES_S11_20241123.csv"
"SALES_S11_20241124.csv","S11","2024-11-24","0","C:\Users\ub02-glab-047\Downloads\data_2\data\sales\SALES_S11_20241124.csv"
"SALES_S11_20241125.csv","S11","2024-11-25","0","C:\Users\ub02-glab-047\Downloads\data_2\data\sales\SALES_S11_20241125.csv"
"SALES_S11_20241126.csv","S11","2024-11-26","0","C:\Users\ub02-glab-047\Downloads\data_2\data\sales\SALES_S11_20241126.csv"
"SALES_S11_20241127.csv","S11","2024-11-27","0","C:\Users\ub02-glab-047\Downloads\data_2\data\sales\SALES_S11_20241127.csv"
"SALES_S11_20241128.csv","S11","2024-11-28","0","C:\Users\ub02-glab-047\Downloads\data_2\data\sales\SALES_S11_20241128.csv"
"SALES_S11_20241129.csv","S11","2024-11-29","0","C:\Users\ub02-glab-047\Downloads\data_2\data\sales\SALES_S11_20241129.csv"
"SALES_S11_20241130.csv","S11","2024-11-30","0","C:\Users\ub02-glab-047\Downloads\data_2\data\sales\SALES_S11_20241130.csv"
"SALES_S11_20241201.csv","S11","2024-12-01","0","C:\Users\ub02-glab-047\Downloads\data_2\data\sales\SALES_S11_20241201.csv"
"SALES_S11_20241202.csv","S11","2024-12-02","0","C:\Users\ub02-glab-047\Downloads\data_2\data\sales\SALES_S11_20241202.csv"
"SALES_S11_20241203.csv","S11","2024-12-03","0","C:\Users\ub02-glab-047\Downloads\data_2\data\sales\SALES_S11_20241203.csv"
"SALES_S11_20241204.csv","S11","2024-12-04","0","C:\Users\ub02-glab-047\Downloads\data_2\data\sales\SALES_S11_20241204.csv"
"SALES_S11_20241205.csv","S11","2024-12-05","0","C:\Users\ub02-glab-047\Downloads\data_2\data\sales\SALES_S11_20241205.csv"
"SALES_S11_20241206.csv","S11","2024-12-06","0","C:\Users\ub02-glab-047\Downloads\data_2\data\sales\SALES_S11_20241206.csv"
"SALES_S11_20241207.csv","S11","2024-12-07","0","C:\Users\ub02-glab-047\Downloads\data_2\data\sales\SALES_S11_20241207.csv"
"SALES_S11_20241208.csv","S11","2024-12-08","0","C:\Users\ub02-glab-047\Downloads\data_2\data\sales\SALES_S11_20241208.csv"
"SALES_S11_20241209.csv","S11","2024-12-09","0","C:\Users\ub02-glab-047\Downloads\data_2\data\sales\SALES_S11_20241209.csv"
"SALES_S11_20241210.csv","S11","2024-12-10","0","C:\Users\ub02-glab-047\Downloads\data_2\data\sales\SALES_S11_20241210.csv"
"SALES_S11_20241211.csv","S11","2024-12-11","0","C:\Users\ub02-glab-047\Downloads\data_2\data\sales\SALES_S11_20241211.csv"
"SALES_S11_20241212.csv","S11","2024-12-12","0","C:\Users\ub02-glab-047\Downloads\data_2\data\sales\SALES_S11_20241212.csv"
"SALES_S11_20241213.csv","S11","2024-12-13","0","C:\Users\ub02-glab-047\Downloads\data_2\data\sales\SALES_S11_20241213.csv"
"SALES_S11_20241214.csv","S11","2024-12-14","0","C:\Users\ub02-glab-047\Downloads\data_2\data\sales\SALES_S11_20241214.csv"
"SALES_S11_20241215.csv","S11","2024-12-15","0","C:\Users\ub02-glab-047\Downloads\data_2\data\sales\SALES_S11_20241215.csv"
"SALES_S11_20241216.csv","S11","2024-12-16","0","C:\Users\ub02-glab-047\Downloads\data_2\data\sales\SALES_S11_20241216.csv"
"SALES_S11_20241217.csv","S11","2024-12-17","0","C:\Users\ub02-glab-047\Downloads\data_2\data\sales\SALES_S11_20241217.csv"
"SALES_S11_20241218.csv","S11","2024-12-18","0","C:\Users\ub02-glab-047\Downloads\data_2\data\sales\SALES_S11_20241218.csv"
"SALES_S11_20241219.csv","S11","2024-12-19","0","C:\Users\ub02-glab-047\Downloads\data_2\data\sales\SALES_S11_20241219.csv"
"SALES_S11_20241220.csv","S11","2024-12-20","0","C:\Users\ub02-glab-047\Downloads\data_2\data\sales\SALES_S11_20241220.csv"
"SALES_S11_20241221.csv","S11","2024-12-21","0","C:\Users\ub02-glab-047\Downloads\data_2\data\sales\SALES_S11_20241221.csv"
"SALES_S11_20241222.csv","S11","2024-12-22","0","C:\Users\ub02-glab-047\Downloads\data_2\data\sales\SALES_S11_20241222.csv"
"SALES_S11_20241223.csv","S11","2024-12-23","0","C:\Users\ub02-glab-047\Downloads\data_2\data\sales\SALES_S11_20241223.csv"
"SALES_S11_20241224.csv","S11","2024-12-24","0","C:\Users\ub02-glab-047\Downloads\data_2\data\sales\SALES_S11_20241224.csv"
"SALES_S11_20241225.csv","S11","2024-12-25","0","C:\Users\ub02-glab-047\Downloads\data_2\data\sales\SALES_S11_20241225.csv"
"SALES_S11_20241226.csv","S11","2024-12-26","0","C:\Users\ub02-glab-047\Downloads\data_2\data\sales\SALES_S11_20241226.csv"
"SALES_S11_20241227.csv","S11","2024-12-27","0","C:\Users\ub02-glab-047\Downloads\data_2\data\sales\SALES_S11_20241227.csv"
"SALES_S11_20241228.csv","S11","2024-12-28","0","C:\Users\ub02-glab-047\Downloads\data_2\data\sales\SALES_S11_20241228.csv"
"SALES_S11_20241229.csv","S11","2024-12-29","0","C:\Users\ub02-glab-047\Downloads\data_2\data\sales\SALES_S11_20241229.csv"
"SALES_S11_20241230.csv","S11","2024-12-30","0","C:\Users\ub02-glab-047\Downloads\data_2\data\sales\SALES_S11_20241230.csv"
"SALES_S11_20241231.csv","S11","2024-12-31","0","C:\Users\ub02-glab-047\Downloads\data_2\data\sales\SALES_S11_20241231.csv"
"SALES_S12_20240101.csv","S12","2024-01-01","0","C:\Users\ub02-glab-047\Downloads\data_2\data\sales\SALES_S12_20240101.csv"
"SALES_S12_20240102.csv","S12","2024-01-02","0","C:\Users\ub02-glab-047\Downloads\data_2\data\sales\SALES_S12_20240102.csv"
"SALES_S12_20240103.csv","S12","2024-01-03","0","C:\Users\ub02-glab-047\Downloads\data_2\data\sales\SALES_S12_20240103.csv"
"SALES_S12_20240104.csv","S12","2024-01-04","0","C:\Users\ub02-glab-047\Downloads\data_2\data\sales\SALES_S12_20240104.csv"
"SALES_S12_20240105.csv","S12","2024-01-05","0","C:\Users\ub02-glab-047\Downloads\data_2\data\sales\SALES_S12_20240105.csv"
"SALES_S12_20240106.csv","S12","2024-01-06","0","C:\Users\ub02-glab-047\Downloads\data_2\data\sales\SALES_S12_20240106.csv"
"SALES_S12_20240107.csv","S12","2024-01-07","0","C:\Users\ub02-glab-047\Downloads\data_2\data\sales\SALES_S12_20240107.csv"
"SALES_S12_20240108.csv","S12","2024-01-08","0","C:\Users\ub02-glab-047\Downloads\data_2\data\sales\SALES_S12_20240108.csv"
"SALES_S12_20240109.csv","S12","2024-01-09","0","C:\Users\ub02-glab-047\Downloads\data_2\data\sales\SALES_S12_20240109.csv"
"SALES_S12_20240110.csv","S12","2024-01-10","0","C:\Users\ub02-glab-047\Downloads\data_2\data\sales\SALES_S12_20240110.csv"
"SALES_S12_20240111.csv","S12","2024-01-11","0","C:\Users\ub02-glab-047\Downloads\data_2\data\sales\SALES_S12_20240111.csv"
"SALES_S12_20240112.csv","S12","2024-01-12","0","C:\Users\ub02-glab-047\Downloads\data_2\data\sales\SALES_S12_20240112.csv"
"SALES_S12_20240113.csv","S12","2024-01-13","0","C:\Users\ub02-glab-047\Downloads\data_2\data\sales\SALES_S12_20240113.csv"
"SALES_S12_20240114.csv","S12","2024-01-14","0","C:\Users\ub02-glab-047\Downloads\data_2\data\sales\SALES_S12_20240114.csv"
"SALES_S12_20240115.csv","S12","2024-01-15","0","C:\Users\ub02-glab-047\Downloads\data_2\data\sales\SALES_S12_20240115.csv"
"SALES_S12_20240116.csv","S12","2024-01-16","0","C:\Users\ub02-glab-047\Downloads\data_2\data\sales\SALES_S12_20240116.csv"
"SALES_S12_20240117.csv","S12","2024-01-17","0","C:\Users\ub02-glab-047\Downloads\data_2\data\sales\SALES_S12_20240117.csv"
"SALES_S12_20240118.csv","S12","2024-01-18","0","C:\Users\ub02-glab-047\Downloads\data_2\data\sales\SALES_S12_20240118.csv"
"SALES_S12_20240119.csv","S12","2024-01-19","0","C:\Users\ub02-glab-047\Downloads\data_2\data\sales\SALES_S12_20240119.csv"
"SALES_S12_20240120.csv","S12","2024-01-20","0","C:\Users\ub02-glab-047\Downloads\data_2\data\sales\SALES_S12_20240120.csv"
"SALES_S12_20240121.csv","S12","2024-01-21","0","C:\Users\ub02-glab-047\Downloads\data_2\data\sales\SALES_S12_20240121.csv"
"SALES_S12_20240122.csv","S12","2024-01-22","0","C:\Users\ub02-glab-047\Downloads\data_2\data\sales\SALES_S12_20240122.csv"
"SALES_S12_20240123.csv","S12","2024-01-23","0","C:\Users\ub02-glab-047\Downloads\data_2\data\sales\SALES_S12_20240123.csv"
"SALES_S12_20240124.csv","S12","2024-01-24","0","C:\Users\ub02-glab-047\Downloads\data_2\data\sales\SALES_S12_20240124.csv"
"SALES_S12_20240125.csv","S12","2024-01-25","0","C:\Users\ub02-glab-047\Downloads\data_2\data\sales\SALES_S12_20240125.csv"
"SALES_S12_20240126.csv","S12","2024-01-26","0","C:\Users\ub02-glab-047\Downloads\data_2\data\sales\SALES_S12_20240126.csv"
"SALES_S12_20240127.csv","S12","2024-01-27","0","C:\Users\ub02-glab-047\Downloads\data_2\data\sales\SALES_S12_20240127.csv"
"SALES_S12_20240128.csv","S12","2024-01-28","0","C:\Users\ub02-glab-047\Downloads\data_2\data\sales\SALES_S12_20240128.csv"
"SALES_S12_20240129.csv","S12","2024-01-29","0","C:\Users\ub02-glab-047\Downloads\data_2\data\sales\SALES_S12_20240129.csv"
"SALES_S12_20240130.csv","S12","2024-01-30","0","C:\Users\ub02-glab-047\Downloads\data_2\data\sales\SALES_S12_20240130.csv"
"SALES_S12_20240131.csv","S12","2024-01-31","0","C:\Users\ub02-glab-047\Downloads\data_2\data\sales\SALES_S12_20240131.csv"
"SALES_S12_20240201.csv","S12","2024-02-01","0","C:\Users\ub02-glab-047\Downloads\data_2\data\sales\SALES_S12_20240201.csv"
"SALES_S12_20240202.csv","S12","2024-02-02","0","C:\Users\ub02-glab-047\Downloads\data_2\data\sales\SALES_S12_20240202.csv"
"SALES_S12_20240203.csv","S12","2024-02-03","0","C:\Users\ub02-glab-047\Downloads\data_2\data\sales\SALES_S12_20240203.csv"
"SALES_S12_20240204.csv","S12","2024-02-04","0","C:\Users\ub02-glab-047\Downloads\data_2\data\sales\SALES_S12_20240204.csv"
"SALES_S12_20240205.csv","S12","2024-02-05","0","C:\Users\ub02-glab-047\Downloads\data_2\data\sales\SALES_S12_20240205.csv"
"SALES_S12_20240206.csv","S12","2024-02-06","0","C:\Users\ub02-glab-047\Downloads\data_2\data\sales\SALES_S12_20240206.csv"
"SALES_S12_20240206__R1.csv","S12","2024-02-06","1","C:\Users\ub02-glab-047\Downloads\data_2\data\sales\SALES_S12_20240206__R1.csv"
"SALES_S12_20240207.csv","S12","2024-02-07","0","C:\Users\ub02-glab-047\Downloads\data_2\data\sales\SALES_S12_20240207.csv"
"SALES_S12_20240208.csv","S12","2024-02-08","0","C:\Users\ub02-glab-047\Downloads\data_2\data\sales\SALES_S12_20240208.csv"
"SALES_S12_20240209.csv","S12","2024-02-09","0","C:\Users\ub02-glab-047\Downloads\data_2\data\sales\SALES_S12_20240209.csv"
"SALES_S12_20240210.csv","S12","2024-02-10","0","C:\Users\ub02-glab-047\Downloads\data_2\data\sales\SALES_S12_20240210.csv"
"SALES_S12_20240211.csv","S12","2024-02-11","0","C:\Users\ub02-glab-047\Downloads\data_2\data\sales\SALES_S12_20240211.csv"
"SALES_S12_20240212.csv","S12","2024-02-12","0","C:\Users\ub02-glab-047\Downloads\data_2\data\sales\SALES_S12_20240212.csv"
"SALES_S12_20240213.csv","S12","2024-02-13","0","C:\Users\ub02-glab-047\Downloads\data_2\data\sales\SALES_S12_20240213.csv"
"SALES_S12_20240214.csv","S12","2024-02-14","0","C:\Users\ub02-glab-047\Downloads\data_2\data\sales\SALES_S12_20240214.csv"
"SALES_S12_20240215.csv","S12","2024-02-15","0","C:\Users\ub02-glab-047\Downloads\data_2\data\sales\SALES_S12_20240215.csv"
"SALES_S12_20240216.csv","S12","2024-02-16","0","C:\Users\ub02-glab-047\Downloads\data_2\data\sales\SALES_S12_20240216.csv"
"SALES_S12_20240217.csv","S12","2024-02-17","0","C:\Users\ub02-glab-047\Downloads\data_2\data\sales\SALES_S12_20240217.csv"
"SALES_S12_20240218.csv","S12","2024-02-18","0","C:\Users\ub02-glab-047\Downloads\data_2\data\sales\SALES_S12_20240218.csv"
"SALES_S12_20240219.csv","S12","2024-02-19","0","C:\Users\ub02-glab-047\Downloads\data_2\data\sales\SALES_S12_20240219.csv"
"SALES_S12_20240220.csv","S12","2024-02-20","0","C:\Users\ub02-glab-047\Downloads\data_2\data\sales\SALES_S12_20240220.csv"
"SALES_S12_20240221.csv","S12","2024-02-21","0","C:\Users\ub02-glab-047\Downloads\data_2\data\sales\SALES_S12_20240221.csv"
"SALES_S12_20240222.csv","S12","2024-02-22","0","C:\Users\ub02-glab-047\Downloads\data_2\data\sales\SALES_S12_20240222.csv"
"SALES_S12_20240223.csv","S12","2024-02-23","0","C:\Users\ub02-glab-047\Downloads\data_2\data\sales\SALES_S12_20240223.csv"
"SALES_S12_20240224.csv","S12","2024-02-24","0","C:\Users\ub02-glab-047\Downloads\data_2\data\sales\SALES_S12_20240224.csv"
"SALES_S12_20240225.csv","S12","2024-02-25","0","C:\Users\ub02-glab-047\Downloads\data_2\data\sales\SALES_S12_20240225.csv"
"SALES_S12_20240226.csv","S12","2024-02-26","0","C:\Users\ub02-glab-047\Downloads\data_2\data\sales\SALES_S12_20240226.csv"
"SALES_S12_20240227.csv","S12","2024-02-27","0","C:\Users\ub02-glab-047\Downloads\data_2\data\sales\SALES_S12_20240227.csv"
"SALES_S12_20240228.csv","S12","2024-02-28","0","C:\Users\ub02-glab-047\Downloads\data_2\data\sales\SALES_S12_20240228.csv"
"SALES_S12_20240228__R1.csv","S12","2024-02-28","1","C:\Users\ub02-glab-047\Downloads\data_2\data\sales\SALES_S12_20240228__R1.csv"
"SALES_S12_20240229.csv","S12","2024-02-29","0","C:\Users\ub02-glab-047\Downloads\data_2\data\sales\SALES_S12_20240229.csv"
"SALES_S12_20240301.csv","S12","2024-03-01","0","C:\Users\ub02-glab-047\Downloads\data_2\data\sales\SALES_S12_20240301.csv"
"SALES_S12_20240302.csv","S12","2024-03-02","0","C:\Users\ub02-glab-047\Downloads\data_2\data\sales\SALES_S12_20240302.csv"
"SALES_S12_20240303.csv","S12","2024-03-03","0","C:\Users\ub02-glab-047\Downloads\data_2\data\sales\SALES_S12_20240303.csv"
"SALES_S12_20240304.csv","S12","2024-03-04","0","C:\Users\ub02-glab-047\Downloads\data_2\data\sales\SALES_S12_20240304.csv"
"SALES_S12_20240305.csv","S12","2024-03-05","0","C:\Users\ub02-glab-047\Downloads\data_2\data\sales\SALES_S12_20240305.csv"
"SALES_S12_20240306.csv","S12","2024-03-06","0","C:\Users\ub02-glab-047\Downloads\data_2\data\sales\SALES_S12_20240306.csv"
"SALES_S12_20240307.csv","S12","2024-03-07","0","C:\Users\ub02-glab-047\Downloads\data_2\data\sales\SALES_S12_20240307.csv"
"SALES_S12_20240308.csv","S12","2024-03-08","0","C:\Users\ub02-glab-047\Downloads\data_2\data\sales\SALES_S12_20240308.csv"
"SALES_S12_20240309.csv","S12","2024-03-09","0","C:\Users\ub02-glab-047\Downloads\data_2\data\sales\SALES_S12_20240309.csv"
"SALES_S12_20240310.csv","S12","2024-03-10","0","C:\Users\ub02-glab-047\Downloads\data_2\data\sales\SALES_S12_20240310.csv"
"SALES_S12_20240311.csv","S12","2024-03-11","0","C:\Users\ub02-glab-047\Downloads\data_2\data\sales\SALES_S12_20240311.csv"
"SALES_S12_20240312.csv","S12","2024-03-12","0","C:\Users\ub02-glab-047\Downloads\data_2\data\sales\SALES_S12_20240312.csv"
"SALES_S12_20240313.csv","S12","2024-03-13","0","C:\Users\ub02-glab-047\Downloads\data_2\data\sales\SALES_S12_20240313.csv"
"SALES_S12_20240314.csv","S12","2024-03-14","0","C:\Users\ub02-glab-047\Downloads\data_2\data\sales\SALES_S12_20240314.csv"
"SALES_S12_20240315.csv","S12","2024-03-15","0","C:\Users\ub02-glab-047\Downloads\data_2\data\sales\SALES_S12_20240315.csv"
"SALES_S12_20240316.csv","S12","2024-03-16","0","C:\Users\ub02-glab-047\Downloads\data_2\data\sales\SALES_S12_20240316.csv"
"SALES_S12_20240317.csv","S12","2024-03-17","0","C:\Users\ub02-glab-047\Downloads\data_2\data\sales\SALES_S12_20240317.csv"
"SALES_S12_20240318.csv","S12","2024-03-18","0","C:\Users\ub02-glab-047\Downloads\data_2\data\sales\SALES_S12_20240318.csv"
"SALES_S12_20240319.csv","S12","2024-03-19","0","C:\Users\ub02-glab-047\Downloads\data_2\data\sales\SALES_S12_20240319.csv"
"SALES_S12_20240320.csv","S12","2024-03-20","0","C:\Users\ub02-glab-047\Downloads\data_2\data\sales\SALES_S12_20240320.csv"
"SALES_S12_20240321.csv","S12","2024-03-21","0","C:\Users\ub02-glab-047\Downloads\data_2\data\sales\SALES_S12_20240321.csv"
"SALES_S12_20240322.csv","S12","2024-03-22","0","C:\Users\ub02-glab-047\Downloads\data_2\data\sales\SALES_S12_20240322.csv"
"SALES_S12_20240323.csv","S12","2024-03-23","0","C:\Users\ub02-glab-047\Downloads\data_2\data\sales\SALES_S12_20240323.csv"
"SALES_S12_20240324.csv","S12","2024-03-24","0","C:\Users\ub02-glab-047\Downloads\data_2\data\sales\SALES_S12_20240324.csv"
"SALES_S12_20240325.csv","S12","2024-03-25","0","C:\Users\ub02-glab-047\Downloads\data_2\data\sales\SALES_S12_20240325.csv"
"SALES_S12_20240326.csv","S12","2024-03-26","0","C:\Users\ub02-glab-047\Downloads\data_2\data\sales\SALES_S12_20240326.csv"
"SALES_S12_20240327.csv","S12","2024-03-27","0","C:\Users\ub02-glab-047\Downloads\data_2\data\sales\SALES_S12_20240327.csv"
"SALES_S12_20240328.csv","S12","2024-03-28","0","C:\Users\ub02-glab-047\Downloads\data_2\data\sales\SALES_S12_20240328.csv"
"SALES_S12_20240329.csv","S12","2024-03-29","0","C:\Users\ub02-glab-047\Downloads\data_2\data\sales\SALES_S12_20240329.csv"
"SALES_S12_20240330.csv","S12","2024-03-30","0","C:\Users\ub02-glab-047\Downloads\data_2\data\sales\SALES_S12_20240330.csv"
"SALES_S12_20240331.csv","S12","2024-03-31","0","C:\Users\ub02-glab-047\Downloads\data_2\data\sales\SALES_S12_20240331.csv"
"SALES_S12_20240401.csv","S12","2024-04-01","0","C:\Users\ub02-glab-047\Downloads\data_2\data\sales\SALES_S12_20240401.csv"
"SALES_S12_20240402.csv","S12","2024-04-02","0","C:\Users\ub02-glab-047\Downloads\data_2\data\sales\SALES_S12_20240402.csv"
"SALES_S12_20240403.csv","S12","2024-04-03","0","C:\Users\ub02-glab-047\Downloads\data_2\data\sales\SALES_S12_20240403.csv"
"SALES_S12_20240404.csv","S12","2024-04-04","0","C:\Users\ub02-glab-047\Downloads\data_2\data\sales\SALES_S12_20240404.csv"
"SALES_S12_20240405.csv","S12","2024-04-05","0","C:\Users\ub02-glab-047\Downloads\data_2\data\sales\SALES_S12_20240405.csv"
"SALES_S12_20240406.csv","S12","2024-04-06","0","C:\Users\ub02-glab-047\Downloads\data_2\data\sales\SALES_S12_20240406.csv"
"SALES_S12_20240407.csv","S12","2024-04-07","0","C:\Users\ub02-glab-047\Downloads\data_2\data\sales\SALES_S12_20240407.csv"
"SALES_S12_20240408.csv","S12","2024-04-08","0","C:\Users\ub02-glab-047\Downloads\data_2\data\sales\SALES_S12_20240408.csv"
"SALES_S12_20240409.csv","S12","2024-04-09","0","C:\Users\ub02-glab-047\Downloads\data_2\data\sales\SALES_S12_20240409.csv"
"SALES_S12_20240410.csv","S12","2024-04-10","0","C:\Users\ub02-glab-047\Downloads\data_2\data\sales\SALES_S12_20240410.csv"
"SALES_S12_20240411.csv","S12","2024-04-11","0","C:\Users\ub02-glab-047\Downloads\data_2\data\sales\SALES_S12_20240411.csv"
"SALES_S12_20240412.csv","S12","2024-04-12","0","C:\Users\ub02-glab-047\Downloads\data_2\data\sales\SALES_S12_20240412.csv"
"SALES_S12_20240413.csv","S12","2024-04-13","0","C:\Users\ub02-glab-047\Downloads\data_2\data\sales\SALES_S12_20240413.csv"
"SALES_S12_20240414.csv","S12","2024-04-14","0","C:\Users\ub02-glab-047\Downloads\data_2\data\sales\SALES_S12_20240414.csv"
"SALES_S12_20240415.csv","S12","2024-04-15","0","C:\Users\ub02-glab-047\Downloads\data_2\data\sales\SALES_S12_20240415.csv"
"SALES_S12_20240416.csv","S12","2024-04-16","0","C:\Users\ub02-glab-047\Downloads\data_2\data\sales\SALES_S12_20240416.csv"
"SALES_S12_20240417.csv","S12","2024-04-17","0","C:\Users\ub02-glab-047\Downloads\data_2\data\sales\SALES_S12_20240417.csv"
"SALES_S12_20240418.csv","S12","2024-04-18","0","C:\Users\ub02-glab-047\Downloads\data_2\data\sales\SALES_S12_20240418.csv"
"SALES_S12_20240419.csv","S12","2024-04-19","0","C:\Users\ub02-glab-047\Downloads\data_2\data\sales\SALES_S12_20240419.csv"
"SALES_S12_20240420.csv","S12","2024-04-20","0","C:\Users\ub02-glab-047\Downloads\data_2\data\sales\SALES_S12_20240420.csv"
"SALES_S12_20240421.csv","S12","2024-04-21","0","C:\Users\ub02-glab-047\Downloads\data_2\data\sales\SALES_S12_20240421.csv"
"SALES_S12_20240422.csv","S12","2024-04-22","0","C:\Users\ub02-glab-047\Downloads\data_2\data\sales\SALES_S12_20240422.csv"
"SALES_S12_20240423.csv","S12","2024-04-23","0","C:\Users\ub02-glab-047\Downloads\data_2\data\sales\SALES_S12_20240423.csv"
"SALES_S12_20240424.csv","S12","2024-04-24","0","C:\Users\ub02-glab-047\Downloads\data_2\data\sales\SALES_S12_20240424.csv"
"SALES_S12_20240425.csv","S12","2024-04-25","0","C:\Users\ub02-glab-047\Downloads\data_2\data\sales\SALES_S12_20240425.csv"
"SALES_S12_20240426.csv","S12","2024-04-26","0","C:\Users\ub02-glab-047\Downloads\data_2\data\sales\SALES_S12_20240426.csv"
"SALES_S12_20240427.csv","S12","2024-04-27","0","C:\Users\ub02-glab-047\Downloads\data_2\data\sales\SALES_S12_20240427.csv"
"SALES_S12_20240428.csv","S12","2024-04-28","0","C:\Users\ub02-glab-047\Downloads\data_2\data\sales\SALES_S12_20240428.csv"
"SALES_S12_20240429.csv","S12","2024-04-29","0","C:\Users\ub02-glab-047\Downloads\data_2\data\sales\SALES_S12_20240429.csv"
"SALES_S12_20240430.csv","S12","2024-04-30","0","C:\Users\ub02-glab-047\Downloads\data_2\data\sales\SALES_S12_20240430.csv"
"SALES_S12_20240501.csv","S12","2024-05-01","0","C:\Users\ub02-glab-047\Downloads\data_2\data\sales\SALES_S12_20240501.csv"
"SALES_S12_20240502.csv","S12","2024-05-02","0","C:\Users\ub02-glab-047\Downloads\data_2\data\sales\SALES_S12_20240502.csv"
"SALES_S12_20240503.csv","S12","2024-05-03","0","C:\Users\ub02-glab-047\Downloads\data_2\data\sales\SALES_S12_20240503.csv"
"SALES_S12_20240504.csv","S12","2024-05-04","0","C:\Users\ub02-glab-047\Downloads\data_2\data\sales\SALES_S12_20240504.csv"
"SALES_S12_20240505.csv","S12","2024-05-05","0","C:\Users\ub02-glab-047\Downloads\data_2\data\sales\SALES_S12_20240505.csv"
"SALES_S12_20240506.csv","S12","2024-05-06","0","C:\Users\ub02-glab-047\Downloads\data_2\data\sales\SALES_S12_20240506.csv"
"SALES_S12_20240507.csv","S12","2024-05-07","0","C:\Users\ub02-glab-047\Downloads\data_2\data\sales\SALES_S12_20240507.csv"
"SALES_S12_20240508.csv","S12","2024-05-08","0","C:\Users\ub02-glab-047\Downloads\data_2\data\sales\SALES_S12_20240508.csv"
"SALES_S12_20240509.csv","S12","2024-05-09","0","C:\Users\ub02-glab-047\Downloads\data_2\data\sales\SALES_S12_20240509.csv"
"SALES_S12_20240510.csv","S12","2024-05-10","0","C:\Users\ub02-glab-047\Downloads\data_2\data\sales\SALES_S12_20240510.csv"
"SALES_S12_20240511.csv","S12","2024-05-11","0","C:\Users\ub02-glab-047\Downloads\data_2\data\sales\SALES_S12_20240511.csv"
"SALES_S12_20240512.csv","S12","2024-05-12","0","C:\Users\ub02-glab-047\Downloads\data_2\data\sales\SALES_S12_20240512.csv"
"SALES_S12_20240513.csv","S12","2024-05-13","0","C:\Users\ub02-glab-047\Downloads\data_2\data\sales\SALES_S12_20240513.csv"
"SALES_S12_20240514.csv","S12","2024-05-14","0","C:\Users\ub02-glab-047\Downloads\data_2\data\sales\SALES_S12_20240514.csv"
"SALES_S12_20240515.csv","S12","2024-05-15","0","C:\Users\ub02-glab-047\Downloads\data_2\data\sales\SALES_S12_20240515.csv"
"SALES_S12_20240516.csv","S12","2024-05-16","0","C:\Users\ub02-glab-047\Downloads\data_2\data\sales\SALES_S12_20240516.csv"
"SALES_S12_20240517.csv","S12","2024-05-17","0","C:\Users\ub02-glab-047\Downloads\data_2\data\sales\SALES_S12_20240517.csv"
"SALES_S12_20240518.csv","S12","2024-05-18","0","C:\Users\ub02-glab-047\Downloads\data_2\data\sales\SALES_S12_20240518.csv"
"SALES_S12_20240519.csv","S12","2024-05-19","0","C:\Users\ub02-glab-047\Downloads\data_2\data\sales\SALES_S12_20240519.csv"
"SALES_S12_20240520.csv","S12","2024-05-20","0","C:\Users\ub02-glab-047\Downloads\data_2\data\sales\SALES_S12_20240520.csv"
"SALES_S12_20240521.csv","S12","2024-05-21","0","C:\Users\ub02-glab-047\Downloads\data_2\data\sales\SALES_S12_20240521.csv"
"SALES_S12_20240522.csv","S12","2024-05-22","0","C:\Users\ub02-glab-047\Downloads\data_2\data\sales\SALES_S12_20240522.csv"
"SALES_S12_20240523.csv","S12","2024-05-23","0","C:\Users\ub02-glab-047\Downloads\data_2\data\sales\SALES_S12_20240523.csv"
"SALES_S12_20240524.csv","S12","2024-05-24","0","C:\Users\ub02-glab-047\Downloads\data_2\data\sales\SALES_S12_20240524.csv"
"SALES_S12_20240525.csv","S12","2024-05-25","0","C:\Users\ub02-glab-047\Downloads\data_2\data\sales\SALES_S12_20240525.csv"
"SALES_S12_20240526.csv","S12","2024-05-26","0","C:\Users\ub02-glab-047\Downloads\data_2\data\sales\SALES_S12_20240526.csv"
"SALES_S12_20240527.csv","S12","2024-05-27","0","C:\Users\ub02-glab-047\Downloads\data_2\data\sales\SALES_S12_20240527.csv"
"SALES_S12_20240528.csv","S12","2024-05-28","0","C:\Users\ub02-glab-047\Downloads\data_2\data\sales\SALES_S12_20240528.csv"
"SALES_S12_20240529.csv","S12","2024-05-29","0","C:\Users\ub02-glab-047\Downloads\data_2\data\sales\SALES_S12_20240529.csv"
"SALES_S12_20240530.csv","S12","2024-05-30","0","C:\Users\ub02-glab-047\Downloads\data_2\data\sales\SALES_S12_20240530.csv"
"SALES_S12_20240531.csv","S12","2024-05-31","0","C:\Users\ub02-glab-047\Downloads\data_2\data\sales\SALES_S12_20240531.csv"
"SALES_S12_20240601.csv","S12","2024-06-01","0","C:\Users\ub02-glab-047\Downloads\data_2\data\sales\SALES_S12_20240601.csv"
"SALES_S12_20240602.csv","S12","2024-06-02","0","C:\Users\ub02-glab-047\Downloads\data_2\data\sales\SALES_S12_20240602.csv"
"SALES_S12_20240603.csv","S12","2024-06-03","0","C:\Users\ub02-glab-047\Downloads\data_2\data\sales\SALES_S12_20240603.csv"
"SALES_S12_20240604.csv","S12","2024-06-04","0","C:\Users\ub02-glab-047\Downloads\data_2\data\sales\SALES_S12_20240604.csv"
"SALES_S12_20240605.csv","S12","2024-06-05","0","C:\Users\ub02-glab-047\Downloads\data_2\data\sales\SALES_S12_20240605.csv"
"SALES_S12_20240606.csv","S12","2024-06-06","0","C:\Users\ub02-glab-047\Downloads\data_2\data\sales\SALES_S12_20240606.csv"
"SALES_S12_20240607.csv","S12","2024-06-07","0","C:\Users\ub02-glab-047\Downloads\data_2\data\sales\SALES_S12_20240607.csv"
"SALES_S12_20240608.csv","S12","2024-06-08","0","C:\Users\ub02-glab-047\Downloads\data_2\data\sales\SALES_S12_20240608.csv"
"SALES_S12_20240609.csv","S12","2024-06-09","0","C:\Users\ub02-glab-047\Downloads\data_2\data\sales\SALES_S12_20240609.csv"
"SALES_S12_20240610.csv","S12","2024-06-10","0","C:\Users\ub02-glab-047\Downloads\data_2\data\sales\SALES_S12_20240610.csv"
"SALES_S12_20240611.csv","S12","2024-06-11","0","C:\Users\ub02-glab-047\Downloads\data_2\data\sales\SALES_S12_20240611.csv"
"SALES_S12_20240612.csv","S12","2024-06-12","0","C:\Users\ub02-glab-047\Downloads\data_2\data\sales\SALES_S12_20240612.csv"
"SALES_S12_20240613.csv","S12","2024-06-13","0","C:\Users\ub02-glab-047\Downloads\data_2\data\sales\SALES_S12_20240613.csv"
"SALES_S12_20240614.csv","S12","2024-06-14","0","C:\Users\ub02-glab-047\Downloads\data_2\data\sales\SALES_S12_20240614.csv"
"SALES_S12_20240615.csv","S12","2024-06-15","0","C:\Users\ub02-glab-047\Downloads\data_2\data\sales\SALES_S12_20240615.csv"
"SALES_S12_20240616.csv","S12","2024-06-16","0","C:\Users\ub02-glab-047\Downloads\data_2\data\sales\SALES_S12_20240616.csv"
"SALES_S12_20240617.csv","S12","2024-06-17","0","C:\Users\ub02-glab-047\Downloads\data_2\data\sales\SALES_S12_20240617.csv"
"SALES_S12_20240618.csv","S12","2024-06-18","0","C:\Users\ub02-glab-047\Downloads\data_2\data\sales\SALES_S12_20240618.csv"
"SALES_S12_20240619.csv","S12","2024-06-19","0","C:\Users\ub02-glab-047\Downloads\data_2\data\sales\SALES_S12_20240619.csv"
"SALES_S12_20240620.csv","S12","2024-06-20","0","C:\Users\ub02-glab-047\Downloads\data_2\data\sales\SALES_S12_20240620.csv"
"SALES_S12_20240621.csv","S12","2024-06-21","0","C:\Users\ub02-glab-047\Downloads\data_2\data\sales\SALES_S12_20240621.csv"
"SALES_S12_20240622.csv","S12","2024-06-22","0","C:\Users\ub02-glab-047\Downloads\data_2\data\sales\SALES_S12_20240622.csv"
"SALES_S12_20240623.csv","S12","2024-06-23","0","C:\Users\ub02-glab-047\Downloads\data_2\data\sales\SALES_S12_20240623.csv"
"SALES_S12_20240624.csv","S12","2024-06-24","0","C:\Users\ub02-glab-047\Downloads\data_2\data\sales\SALES_S12_20240624.csv"
"SALES_S12_20240625.csv","S12","2024-06-25","0","C:\Users\ub02-glab-047\Downloads\data_2\data\sales\SALES_S12_20240625.csv"
"SALES_S12_20240626.csv","S12","2024-06-26","0","C:\Users\ub02-glab-047\Downloads\data_2\data\sales\SALES_S12_20240626.csv"
"SALES_S12_20240627.csv","S12","2024-06-27","0","C:\Users\ub02-glab-047\Downloads\data_2\data\sales\SALES_S12_20240627.csv"
"SALES_S12_20240628.csv","S12","2024-06-28","0","C:\Users\ub02-glab-047\Downloads\data_2\data\sales\SALES_S12_20240628.csv"
"SALES_S12_20240629.csv","S12","2024-06-29","0","C:\Users\ub02-glab-047\Downloads\data_2\data\sales\SALES_S12_20240629.csv"
"SALES_S12_20240630.csv","S12","2024-06-30","0","C:\Users\ub02-glab-047\Downloads\data_2\data\sales\SALES_S12_20240630.csv"
"SALES_S12_20240701.csv","S12","2024-07-01","0","C:\Users\ub02-glab-047\Downloads\data_2\data\sales\SALES_S12_20240701.csv"
"SALES_S12_20240702.csv","S12","2024-07-02","0","C:\Users\ub02-glab-047\Downloads\data_2\data\sales\SALES_S12_20240702.csv"
"SALES_S12_20240703.csv","S12","2024-07-03","0","C:\Users\ub02-glab-047\Downloads\data_2\data\sales\SALES_S12_20240703.csv"
"SALES_S12_20240704.csv","S12","2024-07-04","0","C:\Users\ub02-glab-047\Downloads\data_2\data\sales\SALES_S12_20240704.csv"
"SALES_S12_20240705.csv","S12","2024-07-05","0","C:\Users\ub02-glab-047\Downloads\data_2\data\sales\SALES_S12_20240705.csv"
"SALES_S12_20240706.csv","S12","2024-07-06","0","C:\Users\ub02-glab-047\Downloads\data_2\data\sales\SALES_S12_20240706.csv"
"SALES_S12_20240707.csv","S12","2024-07-07","0","C:\Users\ub02-glab-047\Downloads\data_2\data\sales\SALES_S12_20240707.csv"
"SALES_S12_20240708.csv","S12","2024-07-08","0","C:\Users\ub02-glab-047\Downloads\data_2\data\sales\SALES_S12_20240708.csv"
"SALES_S12_20240709.csv","S12","2024-07-09","0","C:\Users\ub02-glab-047\Downloads\data_2\data\sales\SALES_S12_20240709.csv"
"SALES_S12_20240710.csv","S12","2024-07-10","0","C:\Users\ub02-glab-047\Downloads\data_2\data\sales\SALES_S12_20240710.csv"
"SALES_S12_20240711.csv","S12","2024-07-11","0","C:\Users\ub02-glab-047\Downloads\data_2\data\sales\SALES_S12_20240711.csv"
"SALES_S12_20240712.csv","S12","2024-07-12","0","C:\Users\ub02-glab-047\Downloads\data_2\data\sales\SALES_S12_20240712.csv"
"SALES_S12_20240713.csv","S12","2024-07-13","0","C:\Users\ub02-glab-047\Downloads\data_2\data\sales\SALES_S12_20240713.csv"
"SALES_S12_20240714.csv","S12","2024-07-14","0","C:\Users\ub02-glab-047\Downloads\data_2\data\sales\SALES_S12_20240714.csv"
"SALES_S12_20240715.csv","S12","2024-07-15","0","C:\Users\ub02-glab-047\Downloads\data_2\data\sales\SALES_S12_20240715.csv"
"SALES_S12_20240716.csv","S12","2024-07-16","0","C:\Users\ub02-glab-047\Downloads\data_2\data\sales\SALES_S12_20240716.csv"
"SALES_S12_20240717.csv","S12","2024-07-17","0","C:\Users\ub02-glab-047\Downloads\data_2\data\sales\SALES_S12_20240717.csv"
"SALES_S12_20240718.csv","S12","2024-07-18","0","C:\Users\ub02-glab-047\Downloads\data_2\data\sales\SALES_S12_20240718.csv"
"SALES_S12_20240719.csv","S12","2024-07-19","0","C:\Users\ub02-glab-047\Downloads\data_2\data\sales\SALES_S12_20240719.csv"
"SALES_S12_20240720.csv","S12","2024-07-20","0","C:\Users\ub02-glab-047\Downloads\data_2\data\sales\SALES_S12_20240720.csv"
"SALES_S12_20240721.csv","S12","2024-07-21","0","C:\Users\ub02-glab-047\Downloads\data_2\data\sales\SALES_S12_20240721.csv"
"SALES_S12_20240722.csv","S12","2024-07-22","0","C:\Users\ub02-glab-047\Downloads\data_2\data\sales\SALES_S12_20240722.csv"
"SALES_S12_20240723.csv","S12","2024-07-23","0","C:\Users\ub02-glab-047\Downloads\data_2\data\sales\SALES_S12_20240723.csv"
"SALES_S12_20240724.csv","S12","2024-07-24","0","C:\Users\ub02-glab-047\Downloads\data_2\data\sales\SALES_S12_20240724.csv"
"SALES_S12_20240725.csv","S12","2024-07-25","0","C:\Users\ub02-glab-047\Downloads\data_2\data\sales\SALES_S12_20240725.csv"
"SALES_S12_20240726.csv","S12","2024-07-26","0","C:\Users\ub02-glab-047\Downloads\data_2\data\sales\SALES_S12_20240726.csv"
"SALES_S12_20240727.csv","S12","2024-07-27","0","C:\Users\ub02-glab-047\Downloads\data_2\data\sales\SALES_S12_20240727.csv"
"SALES_S12_20240728.csv","S12","2024-07-28","0","C:\Users\ub02-glab-047\Downloads\data_2\data\sales\SALES_S12_20240728.csv"
"SALES_S12_20240729.csv","S12","2024-07-29","0","C:\Users\ub02-glab-047\Downloads\data_2\data\sales\SALES_S12_20240729.csv"
"SALES_S12_20240730.csv","S12","2024-07-30","0","C:\Users\ub02-glab-047\Downloads\data_2\data\sales\SALES_S12_20240730.csv"
"SALES_S12_20240731.csv","S12","2024-07-31","0","C:\Users\ub02-glab-047\Downloads\data_2\data\sales\SALES_S12_20240731.csv"
"SALES_S12_20240801.csv","S12","2024-08-01","0","C:\Users\ub02-glab-047\Downloads\data_2\data\sales\SALES_S12_20240801.csv"
"SALES_S12_20240802.csv","S12","2024-08-02","0","C:\Users\ub02-glab-047\Downloads\data_2\data\sales\SALES_S12_20240802.csv"
"SALES_S12_20240803.csv","S12","2024-08-03","0","C:\Users\ub02-glab-047\Downloads\data_2\data\sales\SALES_S12_20240803.csv"
"SALES_S12_20240804.csv","S12","2024-08-04","0","C:\Users\ub02-glab-047\Downloads\data_2\data\sales\SALES_S12_20240804.csv"
"SALES_S12_20240805.csv","S12","2024-08-05","0","C:\Users\ub02-glab-047\Downloads\data_2\data\sales\SALES_S12_20240805.csv"
"SALES_S12_20240806.csv","S12","2024-08-06","0","C:\Users\ub02-glab-047\Downloads\data_2\data\sales\SALES_S12_20240806.csv"
"SALES_S12_20240807.csv","S12","2024-08-07","0","C:\Users\ub02-glab-047\Downloads\data_2\data\sales\SALES_S12_20240807.csv"
"SALES_S12_20240808.csv","S12","2024-08-08","0","C:\Users\ub02-glab-047\Downloads\data_2\data\sales\SALES_S12_20240808.csv"
"SALES_S12_20240809.csv","S12","2024-08-09","0","C:\Users\ub02-glab-047\Downloads\data_2\data\sales\SALES_S12_20240809.csv"
"SALES_S12_20240810.csv","S12","2024-08-10","0","C:\Users\ub02-glab-047\Downloads\data_2\data\sales\SALES_S12_20240810.csv"
"SALES_S12_20240811.csv","S12","2024-08-11","0","C:\Users\ub02-glab-047\Downloads\data_2\data\sales\SALES_S12_20240811.csv"
"SALES_S12_20240812.csv","S12","2024-08-12","0","C:\Users\ub02-glab-047\Downloads\data_2\data\sales\SALES_S12_20240812.csv"
"SALES_S12_20240813.csv","S12","2024-08-13","0","C:\Users\ub02-glab-047\Downloads\data_2\data\sales\SALES_S12_20240813.csv"
"SALES_S12_20240814.csv","S12","2024-08-14","0","C:\Users\ub02-glab-047\Downloads\data_2\data\sales\SALES_S12_20240814.csv"
"SALES_S12_20240815.csv","S12","2024-08-15","0","C:\Users\ub02-glab-047\Downloads\data_2\data\sales\SALES_S12_20240815.csv"
"SALES_S12_20240816.csv","S12","2024-08-16","0","C:\Users\ub02-glab-047\Downloads\data_2\data\sales\SALES_S12_20240816.csv"
"SALES_S12_20240817.csv","S12","2024-08-17","0","C:\Users\ub02-glab-047\Downloads\data_2\data\sales\SALES_S12_20240817.csv"
"SALES_S12_20240818.csv","S12","2024-08-18","0","C:\Users\ub02-glab-047\Downloads\data_2\data\sales\SALES_S12_20240818.csv"
"SALES_S12_20240819.csv","S12","2024-08-19","0","C:\Users\ub02-glab-047\Downloads\data_2\data\sales\SALES_S12_20240819.csv"
"SALES_S12_20240820.csv","S12","2024-08-20","0","C:\Users\ub02-glab-047\Downloads\data_2\data\sales\SALES_S12_20240820.csv"
"SALES_S12_20240821.csv","S12","2024-08-21","0","C:\Users\ub02-glab-047\Downloads\data_2\data\sales\SALES_S12_20240821.csv"
"SALES_S12_20240822.csv","S12","2024-08-22","0","C:\Users\ub02-glab-047\Downloads\data_2\data\sales\SALES_S12_20240822.csv"
"SALES_S12_20240823.csv","S12","2024-08-23","0","C:\Users\ub02-glab-047\Downloads\data_2\data\sales\SALES_S12_20240823.csv"
"SALES_S12_20240824.csv","S12","2024-08-24","0","C:\Users\ub02-glab-047\Downloads\data_2\data\sales\SALES_S12_20240824.csv"
"SALES_S12_20240825.csv","S12","2024-08-25","0","C:\Users\ub02-glab-047\Downloads\data_2\data\sales\SALES_S12_20240825.csv"
"SALES_S12_20240826.csv","S12","2024-08-26","0","C:\Users\ub02-glab-047\Downloads\data_2\data\sales\SALES_S12_20240826.csv"
"SALES_S12_20240827.csv","S12","2024-08-27","0","C:\Users\ub02-glab-047\Downloads\data_2\data\sales\SALES_S12_20240827.csv"
"SALES_S12_20240828.csv","S12","2024-08-28","0","C:\Users\ub02-glab-047\Downloads\data_2\data\sales\SALES_S12_20240828.csv"
"SALES_S12_20240829.csv","S12","2024-08-29","0","C:\Users\ub02-glab-047\Downloads\data_2\data\sales\SALES_S12_20240829.csv"
"SALES_S12_20240830.csv","S12","2024-08-30","0","C:\Users\ub02-glab-047\Downloads\data_2\data\sales\SALES_S12_20240830.csv"
"SALES_S12_20240831.csv","S12","2024-08-31","0","C:\Users\ub02-glab-047\Downloads\data_2\data\sales\SALES_S12_20240831.csv"
"SALES_S12_20240901.csv","S12","2024-09-01","0","C:\Users\ub02-glab-047\Downloads\data_2\data\sales\SALES_S12_20240901.csv"
"SALES_S12_20240902.csv","S12","2024-09-02","0","C:\Users\ub02-glab-047\Downloads\data_2\data\sales\SALES_S12_20240902.csv"
"SALES_S12_20240903.csv","S12","2024-09-03","0","C:\Users\ub02-glab-047\Downloads\data_2\data\sales\SALES_S12_20240903.csv"
"SALES_S12_20240904.csv","S12","2024-09-04","0","C:\Users\ub02-glab-047\Downloads\data_2\data\sales\SALES_S12_20240904.csv"
"SALES_S12_20240905.csv","S12","2024-09-05","0","C:\Users\ub02-glab-047\Downloads\data_2\data\sales\SALES_S12_20240905.csv"
"SALES_S12_20240906.csv","S12","2024-09-06","0","C:\Users\ub02-glab-047\Downloads\data_2\data\sales\SALES_S12_20240906.csv"
"SALES_S12_20240907.csv","S12","2024-09-07","0","C:\Users\ub02-glab-047\Downloads\data_2\data\sales\SALES_S12_20240907.csv"
"SALES_S12_20240908.csv","S12","2024-09-08","0","C:\Users\ub02-glab-047\Downloads\data_2\data\sales\SALES_S12_20240908.csv"
"SALES_S12_20240909.csv","S12","2024-09-09","0","C:\Users\ub02-glab-047\Downloads\data_2\data\sales\SALES_S12_20240909.csv"
"SALES_S12_20240910.csv","S12","2024-09-10","0","C:\Users\ub02-glab-047\Downloads\data_2\data\sales\SALES_S12_20240910.csv"
"SALES_S12_20240911.csv","S12","2024-09-11","0","C:\Users\ub02-glab-047\Downloads\data_2\data\sales\SALES_S12_20240911.csv"
"SALES_S12_20240912.csv","S12","2024-09-12","0","C:\Users\ub02-glab-047\Downloads\data_2\data\sales\SALES_S12_20240912.csv"
"SALES_S12_20240913.csv","S12","2024-09-13","0","C:\Users\ub02-glab-047\Downloads\data_2\data\sales\SALES_S12_20240913.csv"
"SALES_S12_20240914.csv","S12","2024-09-14","0","C:\Users\ub02-glab-047\Downloads\data_2\data\sales\SALES_S12_20240914.csv"
"SALES_S12_20240915.csv","S12","2024-09-15","0","C:\Users\ub02-glab-047\Downloads\data_2\data\sales\SALES_S12_20240915.csv"
"SALES_S12_20240916.csv","S12","2024-09-16","0","C:\Users\ub02-glab-047\Downloads\data_2\data\sales\SALES_S12_20240916.csv"
"SALES_S12_20240917.csv","S12","2024-09-17","0","C:\Users\ub02-glab-047\Downloads\data_2\data\sales\SALES_S12_20240917.csv"
"SALES_S12_20240918.csv","S12","2024-09-18","0","C:\Users\ub02-glab-047\Downloads\data_2\data\sales\SALES_S12_20240918.csv"
"SALES_S12_20240919.csv","S12","2024-09-19","0","C:\Users\ub02-glab-047\Downloads\data_2\data\sales\SALES_S12_20240919.csv"
"SALES_S12_20240920.csv","S12","2024-09-20","0","C:\Users\ub02-glab-047\Downloads\data_2\data\sales\SALES_S12_20240920.csv"
"SALES_S12_20240921.csv","S12","2024-09-21","0","C:\Users\ub02-glab-047\Downloads\data_2\data\sales\SALES_S12_20240921.csv"
"SALES_S12_20240922.csv","S12","2024-09-22","0","C:\Users\ub02-glab-047\Downloads\data_2\data\sales\SALES_S12_20240922.csv"
"SALES_S12_20240923.csv","S12","2024-09-23","0","C:\Users\ub02-glab-047\Downloads\data_2\data\sales\SALES_S12_20240923.csv"
"SALES_S12_20240924.csv","S12","2024-09-24","0","C:\Users\ub02-glab-047\Downloads\data_2\data\sales\SALES_S12_20240924.csv"
"SALES_S12_20240925.csv","S12","2024-09-25","0","C:\Users\ub02-glab-047\Downloads\data_2\data\sales\SALES_S12_20240925.csv"
"SALES_S12_20240926.csv","S12","2024-09-26","0","C:\Users\ub02-glab-047\Downloads\data_2\data\sales\SALES_S12_20240926.csv"
"SALES_S12_20240927.csv","S12","2024-09-27","0","C:\Users\ub02-glab-047\Downloads\data_2\data\sales\SALES_S12_20240927.csv"
"SALES_S12_20240928.csv","S12","2024-09-28","0","C:\Users\ub02-glab-047\Downloads\data_2\data\sales\SALES_S12_20240928.csv"
"SALES_S12_20240929.csv","S12","2024-09-29","0","C:\Users\ub02-glab-047\Downloads\data_2\data\sales\SALES_S12_20240929.csv"
"SALES_S12_20240930.csv","S12","2024-09-30","0","C:\Users\ub02-glab-047\Downloads\data_2\data\sales\SALES_S12_20240930.csv"
"SALES_S12_20241001.csv","S12","2024-10-01","0","C:\Users\ub02-glab-047\Downloads\data_2\data\sales\SALES_S12_20241001.csv"
"SALES_S12_20241002.csv","S12","2024-10-02","0","C:\Users\ub02-glab-047\Downloads\data_2\data\sales\SALES_S12_20241002.csv"
"SALES_S12_20241003.csv","S12","2024-10-03","0","C:\Users\ub02-glab-047\Downloads\data_2\data\sales\SALES_S12_20241003.csv"
"SALES_S12_20241004.csv","S12","2024-10-04","0","C:\Users\ub02-glab-047\Downloads\data_2\data\sales\SALES_S12_20241004.csv"
"SALES_S12_20241005.csv","S12","2024-10-05","0","C:\Users\ub02-glab-047\Downloads\data_2\data\sales\SALES_S12_20241005.csv"
"SALES_S12_20241006.csv","S12","2024-10-06","0","C:\Users\ub02-glab-047\Downloads\data_2\data\sales\SALES_S12_20241006.csv"
"SALES_S12_20241007.csv","S12","2024-10-07","0","C:\Users\ub02-glab-047\Downloads\data_2\data\sales\SALES_S12_20241007.csv"
"SALES_S12_20241008.csv","S12","2024-10-08","0","C:\Users\ub02-glab-047\Downloads\data_2\data\sales\SALES_S12_20241008.csv"
"SALES_S12_20241009.csv","S12","2024-10-09","0","C:\Users\ub02-glab-047\Downloads\data_2\data\sales\SALES_S12_20241009.csv"
"SALES_S12_20241010.csv","S12","2024-10-10","0","C:\Users\ub02-glab-047\Downloads\data_2\data\sales\SALES_S12_20241010.csv"
"SALES_S12_20241011.csv","S12","2024-10-11","0","C:\Users\ub02-glab-047\Downloads\data_2\data\sales\SALES_S12_20241011.csv"
"SALES_S12_20241012.csv","S12","2024-10-12","0","C:\Users\ub02-glab-047\Downloads\data_2\data\sales\SALES_S12_20241012.csv"
"SALES_S12_20241013.csv","S12","2024-10-13","0","C:\Users\ub02-glab-047\Downloads\data_2\data\sales\SALES_S12_20241013.csv"
"SALES_S12_20241014.csv","S12","2024-10-14","0","C:\Users\ub02-glab-047\Downloads\data_2\data\sales\SALES_S12_20241014.csv"
"SALES_S12_20241015.csv","S12","2024-10-15","0","C:\Users\ub02-glab-047\Downloads\data_2\data\sales\SALES_S12_20241015.csv"
"SALES_S12_20241016.csv","S12","2024-10-16","0","C:\Users\ub02-glab-047\Downloads\data_2\data\sales\SALES_S12_20241016.csv"
"SALES_S12_20241017.csv","S12","2024-10-17","0","C:\Users\ub02-glab-047\Downloads\data_2\data\sales\SALES_S12_20241017.csv"
"SALES_S12_20241018.csv","S12","2024-10-18","0","C:\Users\ub02-glab-047\Downloads\data_2\data\sales\SALES_S12_20241018.csv"
"SALES_S12_20241019.csv","S12","2024-10-19","0","C:\Users\ub02-glab-047\Downloads\data_2\data\sales\SALES_S12_20241019.csv"
"SALES_S12_20241020.csv","S12","2024-10-20","0","C:\Users\ub02-glab-047\Downloads\data_2\data\sales\SALES_S12_20241020.csv"
"SALES_S12_20241021.csv","S12","2024-10-21","0","C:\Users\ub02-glab-047\Downloads\data_2\data\sales\SALES_S12_20241021.csv"
"SALES_S12_20241022.csv","S12","2024-10-22","0","C:\Users\ub02-glab-047\Downloads\data_2\data\sales\SALES_S12_20241022.csv"
"SALES_S12_20241023.csv","S12","2024-10-23","0","C:\Users\ub02-glab-047\Downloads\data_2\data\sales\SALES_S12_20241023.csv"
"SALES_S12_20241024.csv","S12","2024-10-24","0","C:\Users\ub02-glab-047\Downloads\data_2\data\sales\SALES_S12_20241024.csv"
"SALES_S12_20241025.csv","S12","2024-10-25","0","C:\Users\ub02-glab-047\Downloads\data_2\data\sales\SALES_S12_20241025.csv"
"SALES_S12_20241026.csv","S12","2024-10-26","0","C:\Users\ub02-glab-047\Downloads\data_2\data\sales\SALES_S12_20241026.csv"
"SALES_S12_20241027.csv","S12","2024-10-27","0","C:\Users\ub02-glab-047\Downloads\data_2\data\sales\SALES_S12_20241027.csv"
"SALES_S12_20241028.csv","S12","2024-10-28","0","C:\Users\ub02-glab-047\Downloads\data_2\data\sales\SALES_S12_20241028.csv"
"SALES_S12_20241029.csv","S12","2024-10-29","0","C:\Users\ub02-glab-047\Downloads\data_2\data\sales\SALES_S12_20241029.csv"
"SALES_S12_20241030.csv","S12","2024-10-30","0","C:\Users\ub02-glab-047\Downloads\data_2\data\sales\SALES_S12_20241030.csv"
"SALES_S12_20241031.csv","S12","2024-10-31","0","C:\Users\ub02-glab-047\Downloads\data_2\data\sales\SALES_S12_20241031.csv"
"SALES_S12_20241101.csv","S12","2024-11-01","0","C:\Users\ub02-glab-047\Downloads\data_2\data\sales\SALES_S12_20241101.csv"
"SALES_S12_20241102.csv","S12","2024-11-02","0","C:\Users\ub02-glab-047\Downloads\data_2\data\sales\SALES_S12_20241102.csv"
"SALES_S12_20241103.csv","S12","2024-11-03","0","C:\Users\ub02-glab-047\Downloads\data_2\data\sales\SALES_S12_20241103.csv"
"SALES_S12_20241104.csv","S12","2024-11-04","0","C:\Users\ub02-glab-047\Downloads\data_2\data\sales\SALES_S12_20241104.csv"
"SALES_S12_20241105.csv","S12","2024-11-05","0","C:\Users\ub02-glab-047\Downloads\data_2\data\sales\SALES_S12_20241105.csv"
"SALES_S12_20241106.csv","S12","2024-11-06","0","C:\Users\ub02-glab-047\Downloads\data_2\data\sales\SALES_S12_20241106.csv"
"SALES_S12_20241107.csv","S12","2024-11-07","0","C:\Users\ub02-glab-047\Downloads\data_2\data\sales\SALES_S12_20241107.csv"
"SALES_S12_20241108.csv","S12","2024-11-08","0","C:\Users\ub02-glab-047\Downloads\data_2\data\sales\SALES_S12_20241108.csv"
"SALES_S12_20241108__R1.csv","S12","2024-11-08","1","C:\Users\ub02-glab-047\Downloads\data_2\data\sales\SALES_S12_20241108__R1.csv"
"SALES_S12_20241108__R2.csv","S12","2024-11-08","2","C:\Users\ub02-glab-047\Downloads\data_2\data\sales\SALES_S12_20241108__R2.csv"
"SALES_S12_20241109.csv","S12","2024-11-09","0","C:\Users\ub02-glab-047\Downloads\data_2\data\sales\SALES_S12_20241109.csv"
"SALES_S12_20241110.csv","S12","2024-11-10","0","C:\Users\ub02-glab-047\Downloads\data_2\data\sales\SALES_S12_20241110.csv"
"SALES_S12_20241111.csv","S12","2024-11-11","0","C:\Users\ub02-glab-047\Downloads\data_2\data\sales\SALES_S12_20241111.csv"
"SALES_S12_20241112.csv","S12","2024-11-12","0","C:\Users\ub02-glab-047\Downloads\data_2\data\sales\SALES_S12_20241112.csv"
"SALES_S12_20241113.csv","S12","2024-11-13","0","C:\Users\ub02-glab-047\Downloads\data_2\data\sales\SALES_S12_20241113.csv"
"SALES_S12_20241114.csv","S12","2024-11-14","0","C:\Users\ub02-glab-047\Downloads\data_2\data\sales\SALES_S12_20241114.csv"
"SALES_S12_20241114__R1.csv","S12","2024-11-14","1","C:\Users\ub02-glab-047\Downloads\data_2\data\sales\SALES_S12_20241114__R1.csv"
"SALES_S12_20241115.csv","S12","2024-11-15","0","C:\Users\ub02-glab-047\Downloads\data_2\data\sales\SALES_S12_20241115.csv"
"SALES_S12_20241115__R1.csv","S12","2024-11-15","1","C:\Users\ub02-glab-047\Downloads\data_2\data\sales\SALES_S12_20241115__R1.csv"
"SALES_S12_20241116.csv","S12","2024-11-16","0","C:\Users\ub02-glab-047\Downloads\data_2\data\sales\SALES_S12_20241116.csv"
"SALES_S12_20241117.csv","S12","2024-11-17","0","C:\Users\ub02-glab-047\Downloads\data_2\data\sales\SALES_S12_20241117.csv"
"SALES_S12_20241118.csv","S12","2024-11-18","0","C:\Users\ub02-glab-047\Downloads\data_2\data\sales\SALES_S12_20241118.csv"
"SALES_S12_20241119.csv","S12","2024-11-19","0","C:\Users\ub02-glab-047\Downloads\data_2\data\sales\SALES_S12_20241119.csv"
"SALES_S12_20241120.csv","S12","2024-11-20","0","C:\Users\ub02-glab-047\Downloads\data_2\data\sales\SALES_S12_20241120.csv"
"SALES_S12_20241121.csv","S12","2024-11-21","0","C:\Users\ub02-glab-047\Downloads\data_2\data\sales\SALES_S12_20241121.csv"
"SALES_S12_20241122.csv","S12","2024-11-22","0","C:\Users\ub02-glab-047\Downloads\data_2\data\sales\SALES_S12_20241122.csv"
"SALES_S12_20241123.csv","S12","2024-11-23","0","C:\Users\ub02-glab-047\Downloads\data_2\data\sales\SALES_S12_20241123.csv"
"SALES_S12_20241124.csv","S12","2024-11-24","0","C:\Users\ub02-glab-047\Downloads\data_2\data\sales\SALES_S12_20241124.csv"
"SALES_S12_20241125.csv","S12","2024-11-25","0","C:\Users\ub02-glab-047\Downloads\data_2\data\sales\SALES_S12_20241125.csv"
"SALES_S12_20241126.csv","S12","2024-11-26","0","C:\Users\ub02-glab-047\Downloads\data_2\data\sales\SALES_S12_20241126.csv"
"SALES_S12_20241127.csv","S12","2024-11-27","0","C:\Users\ub02-glab-047\Downloads\data_2\data\sales\SALES_S12_20241127.csv"
"SALES_S12_20241128.csv","S12","2024-11-28","0","C:\Users\ub02-glab-047\Downloads\data_2\data\sales\SALES_S12_20241128.csv"
"SALES_S12_20241129.csv","S12","2024-11-29","0","C:\Users\ub02-glab-047\Downloads\data_2\data\sales\SALES_S12_20241129.csv"
"SALES_S12_20241130.csv","S12","2024-11-30","0","C:\Users\ub02-glab-047\Downloads\data_2\data\sales\SALES_S12_20241130.csv"
"SALES_S12_20241201.csv","S12","2024-12-01","0","C:\Users\ub02-glab-047\Downloads\data_2\data\sales\SALES_S12_20241201.csv"
"SALES_S12_20241202.csv","S12","2024-12-02","0","C:\Users\ub02-glab-047\Downloads\data_2\data\sales\SALES_S12_20241202.csv"
"SALES_S12_20241203.csv","S12","2024-12-03","0","C:\Users\ub02-glab-047\Downloads\data_2\data\sales\SALES_S12_20241203.csv"
"SALES_S12_20241204.csv","S12","2024-12-04","0","C:\Users\ub02-glab-047\Downloads\data_2\data\sales\SALES_S12_20241204.csv"
"SALES_S12_20241205.csv","S12","2024-12-05","0","C:\Users\ub02-glab-047\Downloads\data_2\data\sales\SALES_S12_20241205.csv"
"SALES_S12_20241206.csv","S12","2024-12-06","0","C:\Users\ub02-glab-047\Downloads\data_2\data\sales\SALES_S12_20241206.csv"
"SALES_S12_20241207.csv","S12","2024-12-07","0","C:\Users\ub02-glab-047\Downloads\data_2\data\sales\SALES_S12_20241207.csv"
"SALES_S12_20241208.csv","S12","2024-12-08","0","C:\Users\ub02-glab-047\Downloads\data_2\data\sales\SALES_S12_20241208.csv"
"SALES_S12_20241209.csv","S12","2024-12-09","0","C:\Users\ub02-glab-047\Downloads\data_2\data\sales\SALES_S12_20241209.csv"
"SALES_S12_20241210.csv","S12","2024-12-10","0","C:\Users\ub02-glab-047\Downloads\data_2\data\sales\SALES_S12_20241210.csv"
"SALES_S12_20241211.csv","S12","2024-12-11","0","C:\Users\ub02-glab-047\Downloads\data_2\data\sales\SALES_S12_20241211.csv"
"SALES_S12_20241212.csv","S12","2024-12-12","0","C:\Users\ub02-glab-047\Downloads\data_2\data\sales\SALES_S12_20241212.csv"
"SALES_S12_20241213.csv","S12","2024-12-13","0","C:\Users\ub02-glab-047\Downloads\data_2\data\sales\SALES_S12_20241213.csv"
"SALES_S12_20241214.csv","S12","2024-12-14","0","C:\Users\ub02-glab-047\Downloads\data_2\data\sales\SALES_S12_20241214.csv"
"SALES_S12_20241215.csv","S12","2024-12-15","0","C:\Users\ub02-glab-047\Downloads\data_2\data\sales\SALES_S12_20241215.csv"
"SALES_S12_20241216.csv","S12","2024-12-16","0","C:\Users\ub02-glab-047\Downloads\data_2\data\sales\SALES_S12_20241216.csv"
"SALES_S12_20241217.csv","S12","2024-12-17","0","C:\Users\ub02-glab-047\Downloads\data_2\data\sales\SALES_S12_20241217.csv"
"SALES_S12_20241218.csv","S12","2024-12-18","0","C:\Users\ub02-glab-047\Downloads\data_2\data\sales\SALES_S12_20241218.csv"
"SALES_S12_20241219.csv","S12","2024-12-19","0","C:\Users\ub02-glab-047\Downloads\data_2\data\sales\SALES_S12_20241219.csv"
"SALES_S12_20241220.csv","S12","2024-12-20","0","C:\Users\ub02-glab-047\Downloads\data_2\data\sales\SALES_S12_20241220.csv"
"SALES_S12_20241221.csv","S12","2024-12-21","0","C:\Users\ub02-glab-047\Downloads\data_2\data\sales\SALES_S12_20241221.csv"
"SALES_S12_20241222.csv","S12","2024-12-22","0","C:\Users\ub02-glab-047\Downloads\data_2\data\sales\SALES_S12_20241222.csv"
"SALES_S12_20241223.csv","S12","2024-12-23","0","C:\Users\ub02-glab-047\Downloads\data_2\data\sales\SALES_S12_20241223.csv"
"SALES_S12_20241224.csv","S12","2024-12-24","0","C:\Users\ub02-glab-047\Downloads\data_2\data\sales\SALES_S12_20241224.csv"
"SALES_S12_20241225.csv","S12","2024-12-25","0","C:\Users\ub02-glab-047\Downloads\data_2\data\sales\SALES_S12_20241225.csv"
"SALES_S12_20241226.csv","S12","2024-12-26","0","C:\Users\ub02-glab-047\Downloads\data_2\data\sales\SALES_S12_20241226.csv"
"SALES_S12_20241227.csv","S12","2024-12-27","0","C:\Users\ub02-glab-047\Downloads\data_2\data\sales\SALES_S12_20241227.csv"
"SALES_S12_20241228.csv","S12","2024-12-28","0","C:\Users\ub02-glab-047\Downloads\data_2\data\sales\SALES_S12_20241228.csv"
"SALES_S12_20241229.csv","S12","2024-12-29","0","C:\Users\ub02-glab-047\Downloads\data_2\data\sales\SALES_S12_20241229.csv"
"SALES_S12_20241230.csv","S12","2024-12-30","0","C:\Users\ub02-glab-047\Downloads\data_2\data\sales\SALES_S12_20241230.csv"
"SALES_S12_20241231.csv","S12","2024-12-31","0","C:\Users\ub02-glab-047\Downloads\data_2\data\sales\SALES_S12_20241231.csv"
